{
    "id": "T1005",
    "tech_id": "T1005",
    "tech_name": "Data from Local System",
    "best_phrases": [],
    "tactics": [
        "TA0009"
    ],
    "features": [
        "DATA",
        "COMPONENT",
        "FUNCTION",
        "DIRECTORY",
        "NETWORK",
        "USER",
        "REGISTRY",
        "ENCRYPTION"
    ],
    "locations": [
        "Linux",
        "macOS",
        "Windows",
        "Network"
    ],
    "procedures": [
        "relationship--035525fc-4549-4282-b85b-c7c07359124c",
        "relationship--05e9e12f-be5e-46f4-9f42-6f7fb7e9fb4a",
        "relationship--066d9d0e-0298-420b-ba84-a4af07211a35",
        "relationship--08a74c86-5a98-4634-a93c-9c192d3e4fc9",
        "relationship--0994d9a9-b94e-4235-b762-18c2f7b2ed57",
        "relationship--0a558f22-0139-43d9-869b-ee0e71ac237d",
        "relationship--0b33093f-14c3-485e-8d82-f04ebcbe6d01",
        "relationship--0e4c55fc-a923-4c05-89ce-3102620a41d7",
        "relationship--0e90a4cd-b6b3-49c1-ae6d-b338ef7f9c3b",
        "relationship--0f19052c-5734-4521-91f4-1389e53d11ee",
        "relationship--1029fab5-5714-42d0-ac04-78f4c76c3c02",
        "relationship--119cfc44-4018-4ce0-b223-b0f353d1c113",
        "relationship--11a7431f-416f-48de-a3c0-8782abdede63",
        "relationship--12cfc154-5240-47ce-ba54-ec40f8a6d13d",
        "relationship--134a44d5-19f9-4052-9dc2-b1f5af870e28",
        "relationship--138f4287-ff95-45cd-bd65-d08708a2cbf5",
        "relationship--145ffef4-5a63-41d7-ac74-e034e9b9622d",
        "relationship--14cc9d67-85e2-4aae-8f3b-4201a66b918f",
        "relationship--161c58eb-29d7-4de3-aca8-3bda085f19a3",
        "relationship--17c3e2e7-f208-408c-b767-6c5be92646c4",
        "relationship--17e5edb8-fcdf-4581-a428-5a3a75fc675a",
        "relationship--18324fed-7770-4768-b652-59860ac4782f",
        "relationship--1a0117d8-422f-48ed-be65-9d2fcaf12ed9",
        "relationship--22e84b06-fbac-4811-b9b7-3c6587aab7d7",
        "relationship--24b8eeb2-ee0d-402b-b2e0-afaa3c867072",
        "relationship--267fb6e6-0776-4de0-baac-985beb079ad2",
        "relationship--29c989db-83f5-4c1a-944b-a0d78d652de2",
        "relationship--2ae5b107-c648-45d4-9930-dcc42adac2c3",
        "relationship--2b2e0b6e-10ac-42c0-8d77-3ffc9cc654a7",
        "relationship--2e87ee5b-2cf9-427f-b8c7-363e37daed88",
        "relationship--2ea75990-7349-4d67-8ec1-f4168792af23",
        "relationship--31334bcb-0207-41c8-b04a-96c7d6d1a466",
        "relationship--3173f84e-783b-43cd-95f7-b74277936b4d",
        "relationship--32bc85f6-f022-4868-8934-bd00cc36f6d4",
        "relationship--33deb846-1334-4eb7-98fc-faff39b3ad16",
        "relationship--343e78cb-dbe9-4421-aca3-a8a973553c7a",
        "relationship--3685caad-4ab6-42e8-888d-e7619006dd04",
        "relationship--36d45d93-4a7f-4af1-b89a-2c2744f6b535",
        "relationship--38a72b32-dc04-493d-8b92-31174c32f3ed",
        "relationship--38be247c-74b0-42f3-964e-5f23ef42a353",
        "relationship--3a3ba187-fa84-4285-97e6-8a9383c5e66f",
        "relationship--3be08ed9-951a-4686-9f60-114f0468325d",
        "relationship--3fe9b64a-6435-4592-9181-2ad50ee93044",
        "relationship--3feb6e83-0491-4e3d-a581-3f68ab839e92",
        "relationship--41160796-9596-4a58-92a1-14dd3c9f4271",
        "relationship--430afd29-f2c0-43d3-b7bf-e7a549960254",
        "relationship--441cd636-cb84-4541-b444-09881d015c43",
        "relationship--45eda154-7d5b-406d-b4eb-8d1ba2b79f40",
        "relationship--46389d22-1f4d-4597-b03d-30b9ec4146df",
        "relationship--48316ab6-0019-47ad-b751-3b7efce756f2",
        "relationship--48d34942-8001-41d2-ba53-0457c3852541",
        "relationship--48eff76f-1f39-49e8-87c2-11607a8aeea3",
        "relationship--4c530431-2ad0-4ee9-97d1-4e489aa2436f",
        "relationship--4d3467b2-34cd-484d-9526-571311b0160e",
        "relationship--4f6975b8-e16e-47ba-b241-b2267c5da4ef",
        "relationship--500c4228-b676-4f47-a391-9e52abd5ea51",
        "relationship--5073b1b4-4018-4208-a46e-86a8358a6cee",
        "relationship--5260f605-09d0-4d96-9239-9b93a76d0cbe",
        "relationship--52e9ca8d-a778-46d1-9521-743a8e47c503",
        "relationship--5403aad2-3840-4b49-8124-961e1a24d044",
        "relationship--543dd290-70eb-402f-8d40-93b4a240d4a1",
        "relationship--54f6c1c8-f3c7-44a6-9a00-2195e03cf0ae",
        "relationship--572a0bc0-58e6-4a8e-a28c-7d8be0bfd781",
        "relationship--576f0fb4-4cd7-467b-9208-3977321705e4",
        "relationship--59433b3a-625d-4a06-a6fa-1bebeda60975",
        "relationship--5d52eebf-0bd6-4088-8627-5dfb88f9b551",
        "relationship--5d55979e-d4e8-44eb-97d6-e3e78baa60c7",
        "relationship--5db19a58-c7ff-4de0-b9bd-9e3b247b2ff3",
        "relationship--602a4664-e89c-4c11-982d-699589853ab3",
        "relationship--60855df0-b2f5-46ed-ba9d-09bdfd7d1ac6",
        "relationship--614da3bc-3be9-408c-8154-8a121d4b8895",
        "relationship--61cfb178-a097-4788-a084-48d0d7c602b5",
        "relationship--626fcdd2-aaef-4670-ac9e-112c59151f95",
        "relationship--63738109-c04a-4af9-a671-636c493d7a21",
        "relationship--64488756-c88f-4004-910b-47e8965d003e",
        "relationship--644d8961-2e4e-4aa1-b7d8-6759a64b25e8",
        "relationship--64a40a9a-ddea-430d-ab08-77c350d83497",
        "relationship--64af40e2-5138-429c-9b24-2f5ba846d668",
        "relationship--65f63217-5473-4093-afcc-070c5e757a29",
        "relationship--665d8625-e2d1-45d5-b5e3-d9bc0e242e7d",
        "relationship--6b07ae79-4f29-499a-a25e-882b8c624086",
        "relationship--6b9cb729-6a81-4ec2-91c1-7141f8691ee4",
        "relationship--6d3e0454-ffd1-46a7-9fcc-d4c8902707b7",
        "relationship--6d5c4bf4-0dfb-48f7-842d-3392b16eb80e",
        "relationship--6eb962fa-ca3e-4af2-9243-132c666a5c25",
        "relationship--6f54be53-193e-49c0-aa8e-2b24caf436fd",
        "relationship--6fad7038-4d0f-48c3-937a-7128d4bf0592",
        "relationship--71449072-84c5-461c-9bba-2caa81051499",
        "relationship--71bc9a2e-4536-4b84-9997-126cc4c065bf",
        "relationship--71c512cd-2372-400e-92ea-2c84760b81f5",
        "relationship--73b90f6c-b64d-4b7b-8142-b02f52e8cea1",
        "relationship--73e0604a-2509-43a6-9318-a9494e570363",
        "relationship--75db2ffc-f33f-4735-a3eb-139d959b0b50",
        "relationship--767e6737-fcf8-48ae-a6a3-045c9a03b0e2",
        "relationship--7696d163-7556-47e2-9ade-25924311fba6",
        "relationship--76d47356-a255-48ba-9cd8-1ff2e52bb165",
        "relationship--77def9ad-52ea-44c0-b800-42b17323a985",
        "relationship--7942bbcc-cff9-4cc6-b568-5fcd3b6a5ddf",
        "relationship--7c792d18-25a3-4d85-be44-93523228748c",
        "relationship--7ccb94c2-fc46-464a-bd44-7c61b46cea5b",
        "relationship--7cea5a77-cfb2-4e14-88da-ca936433ada0",
        "relationship--7e8293be-b9d6-4a27-8d49-216f17df3bd0",
        "relationship--7ecd1b78-a3f1-4997-be47-68377eb59689",
        "relationship--84ad3033-c9b4-4679-94b2-0c2a2d9d15df",
        "relationship--86079dc0-0c46-4068-a2f1-9422d81a03be",
        "relationship--86ba3af5-2fdf-4fe3-8a89-da24cc0e0165",
        "relationship--86f238c5-20c2-4c94-9be9-886105c95252",
        "relationship--8c763d80-4c50-4ebd-b2c6-3cad22c55bfa",
        "relationship--8e28cc53-3fd4-42ed-8516-71fd9ee57641",
        "relationship--8f40c44c-80c5-4f9d-a467-6b71f646cdf7",
        "relationship--8f6701a2-91cc-449e-98e1-e83bd2f7317c",
        "relationship--92a5d02f-8f2e-4744-b030-54f2222bde88",
        "relationship--92fb7408-1638-43b7-95a3-0cfeebd7624d",
        "relationship--931e3af1-d38d-46eb-8c5d-d394510e2df1",
        "relationship--9420e9de-cc4c-4d5c-b40f-02c57dcc4fd9",
        "relationship--96a31073-f6b7-463d-9816-d59014ba4adc",
        "relationship--986db6f9-d2ad-4ab9-98b6-5633e101e804",
        "relationship--9c559e9a-0ad1-42cb-9848-5b54112a543b",
        "relationship--9dcc9cb1-d489-42ab-b647-3a492c04c114",
        "relationship--9fb48ae2-125f-48f8-a813-8e64cf70bde3",
        "relationship--9fd8bbd8-1d8d-426d-b079-c7cc2ebd4b35",
        "relationship--a08900f6-65be-4022-8ad8-fe6c6c91c1d0",
        "relationship--a0c3b1cc-5ea6-46c0-8719-f67ae953333e",
        "relationship--a1b1aaab-021e-4d2e-9c3b-eaac41833a4e",
        "relationship--a1d982c7-bb95-4533-9feb-05c5350b8359",
        "relationship--a2c1921d-3d5d-4ec7-ab4d-4fe2e7d19e64",
        "relationship--a613f562-50d2-4677-b3ad-70e097127f6d",
        "relationship--a9062634-d5c3-4154-bea0-e4e76821d944",
        "relationship--aacc2945-4ff1-4bf8-8428-1198eb6e127e",
        "relationship--ab1b59f1-8629-48f4-ae9f-a18042122cb8",
        "relationship--abf314e7-e379-4e8b-aab3-4a74d737a70d",
        "relationship--ad701054-044b-4e9a-a96b-4a477ae874b2",
        "relationship--aec0a948-428f-4327-b466-a0472da12928",
        "relationship--aef756f0-f34d-4cae-a16d-65e456f75c35",
        "relationship--afcc4ac4-b088-4795-b159-c6245223178b",
        "relationship--aff9bcd9-34b9-4c94-9ce0-dd4852118f91",
        "relationship--b2425d69-e91c-493a-aa66-598aa3d5c7f4",
        "relationship--b45e744d-f9c3-4469-a410-137f1802536f",
        "relationship--b7c40c13-6b20-4470-a715-04b5fa01ef24",
        "relationship--b8d078f6-77ad-4c6c-8d20-0c4a5a3fd05a",
        "relationship--bb7c9ed8-1733-4c81-8952-2196935571ef",
        "relationship--bc0ed7ce-f99f-4d88-a3cc-81af825f311a",
        "relationship--bcd496b7-7e6a-483b-b1d4-f7dc935a563d",
        "relationship--bd2312fb-51ff-4766-a24f-1f5911457bc6",
        "relationship--c011e80b-7b86-405a-8d41-745bd37a0d10",
        "relationship--c2e6b2a9-86b7-439a-88ac-dd2c34456d71",
        "relationship--c3c9a7e7-4dbb-487e-b546-7bec3f929b3b",
        "relationship--c5a8316e-f45c-432d-beb3-d8de4785dba3",
        "relationship--c8389b37-06ee-4cca-9f03-7ade85b1c681",
        "relationship--c9b37055-af2b-4ec1-857c-79adfb290d66",
        "relationship--cabdb159-174a-4fbd-b026-1d67f8f59dcf",
        "relationship--cb41e11f-1a03-43f3-af0e-a7318632350f",
        "relationship--cc9ffcec-db79-4913-91ae-ffd5cec643f7",
        "relationship--cdf73653-b2d7-422f-b433-b6a428ff12d4",
        "relationship--d1a17f31-c62f-4ec3-9a77-41e6a339a657",
        "relationship--d20f3c5a-5987-4223-a97d-64ca0f1231ac",
        "relationship--d5e027a9-7c0e-42f1-bf51-5432980dbf77",
        "relationship--d5f428f5-4c16-495e-bc79-882a92ce75e0",
        "relationship--d6049a18-43d5-4761-ad56-a60e2a7998cf",
        "relationship--d6d72bc4-c8d7-48b3-96c3-84a9810333d2",
        "relationship--d77a4123-3d46-4317-8921-f6eb8c34c585",
        "relationship--da542c01-9b62-4e42-9036-809ceb31eb8d",
        "relationship--dad229e7-fcc6-4c1d-99c3-47d54fbc6892",
        "relationship--dc2b58dd-1052-4860-8e14-5650ab8eecfd",
        "relationship--dcca4e73-fa98-4d67-8ed3-590da7a32d43",
        "relationship--dd82187a-7a40-45c3-a1d2-66d37bc6146e",
        "relationship--dfb3ddf9-7683-4d88-ba40-eab0f87a3a8c",
        "relationship--dfedbce3-afe2-46f4-80fb-7f3e802c5f03",
        "relationship--e199c02e-a45c-4eca-ab24-7b037167c775",
        "relationship--e4f09baa-2eae-445f-b000-5de3db07ad34",
        "relationship--e7126875-bb0f-48d0-845f-6b8951ce8507",
        "relationship--e75cec16-55e4-471d-ab89-52edf5a7799e",
        "relationship--e9ca5d3c-cd22-41d6-a81a-97ae51cf32ff",
        "relationship--ea05b76d-c443-4b41-8d02-d90b965bd184",
        "relationship--ea944454-a4e9-44fb-9cf1-3f018a455740",
        "relationship--ea9d456c-f2b7-4d95-ab30-2a7e06586615",
        "relationship--eb956f4e-0fa5-4b2e-822a-5e313226edb5",
        "relationship--ec4231fc-c081-4060-80fb-05f390e5f24c",
        "relationship--ec8c7897-1e29-4a55-b212-3dce350a8ad8",
        "relationship--ecb7a35e-cc83-4b7d-9eb6-42d0bd7d5d9e",
        "relationship--ecbe6cc7-16cc-474f-91fe-bd3e9014abbf",
        "relationship--ef7d26b5-7d5f-463d-8279-82b45b6d01a4",
        "relationship--f5f24a8f-6d98-4f00-9db2-e92189f7d67a",
        "relationship--f892dddf-79a7-4d11-94b3-5df0c37d134a",
        "relationship--fa0bc7fd-2e00-435b-8cb3-0ade491d1259",
        "relationship--fc5cf1ea-f46f-4527-a8b5-7317c4e61dee",
        "relationship--fdaeae13-b9f2-4ae5-b4ae-c74fde73adcd",
        "relationship--ff709d3a-de60-4e1d-abd1-ad30e6837a62",
        "relationship--ff746d3d-2ebe-46e9-87f6-5ddd8abbfda3"
    ],
    "graph_nodes": [
        {
            "count": 175,
            "id": 0,
            "texts": [
                "Kimsuky",
                "BRONZE BUTLER",
                "Chrommme",
                "Ixeshe",
                "Cobalt Strike",
                "njRAT",
                "Proxysvc",
                "Drovorub",
                "Ursnif",
                "LightNeuron",
                "Cryptoistic",
                "Bankshot",
                "Neoichor",
                "xCaon",
                "FunnyDream",
                "BADFLICK",
                "Mongall",
                "LAPSUS$",
                "APT39",
                "QakBot",
                "CharmPower",
                "SysUpdate",
                "Bisonal",
                "Crimson",
                "DarkWatchman",
                "KOPILUWAK",
                "SombRAT",
                "Green Lambert",
                "P.A.S. Webshell",
                "Mis-Type",
                "Flagpro",
                "Gelsemium",
                "StrifeWater",
                "Saint Bot",
                "WarzoneRAT",
                "APT29",
                "FatDuke",
                "ThreatNeedle",
                "SpicyOmelette",
                "SUNBURST",
                "threat actors",
                "AppleSeed",
                "DRATzarus",
                "QuietSieve",
                "ZxShell",
                "GrimAgent",
                "metaMain",
                "IceApple",
                "Woody RAT",
                "RCSession",
                "ZxxZ",
                "PingPull",
                "BlackMould",
                "ccf32",
                "Rising Sun",
                "Misdat",
                "Mafalda",
                "Clambling",
                "APT38",
                "Dtrack",
                "BADNEWS",
                "menuPass",
                "FlawedAmmyy",
                "Sardonic",
                "LuminousMoth",
                "HAFNIUM",
                "STARWHALE",
                "SVCReady",
                "PUNCHTRACK",
                "Axiom",
                "APT29",
                "FIN7",
                "threat actors",
                "Lazarus Group",
                "Uroburos",
                "Octopus",
                "FLASHFLOOD",
                "Windigo",
                "NightClub",
                "Nebulae",
                "ShimRat",
                "KONNI",
                "threat actors",
                "Fox Kitten",
                "Caterpillar WebShell",
                "Andariel",
                "OutSteel",
                "Amadey",
                "SLOTHFULMEDIA",
                "WellMail",
                "BLINDINGCAN",
                "APT1",
                "GALLIUM",
                "Ramsay",
                "MarkiRAT",
                "Gamaredon Group",
                "WellMess",
                "FIN6",
                "yty",
                "Bumblebee",
                "EnvyScout",
                "threat actors",
                "remote attackers",
                "FoggyWeb",
                "Kevin",
                "Sandworm Team",
                "DanBot",
                "APT41",
                "Cyclops Blink",
                "TinyTurla",
                "BoxCaon",
                "Milan",
                "OSX_OCEANLOTUS.D",
                "SideTwist",
                "POWERSTATS",
                "CURIUM",
                "PowerLess",
                "MobileOrder",
                "Bazar",
                "SharpDisco",
                "Lazarus Group",
                "InvisiMole",
                "Crutch",
                "MacMa",
                "APT37",
                "Taidoor",
                "Tomiris",
                "Dragonfly",
                "Shark",
                "XCSSET",
                "APT28",
                "AuTo Stealer",
                "SDBbot",
                "Rover",
                "FrameworkPOS",
                "APT41",
                "Calisto",
                "TrickBot",
                "Inception",
                "Ke3chang",
                "Patchwork",
                "APT3",
                "RawPOS",
                "DnsSystem",
                "Zox",
                "Threat Group-3390",
                "CreepyDrive",
                "GravityRAT",
                "CookieMiner",
                "USBferry",
                "Machete",
                "threat actors",
                "Pillowmint",
                "Goopy",
                "remote attackers",
                "PoisonIvy",
                "ROKRAT",
                "remote attackers",
                "Linfo",
                "PinchDuke",
                "CosmicDuke",
                "BadPatch",
                "Hikit",
                "Wizard Spider",
                "Kazuar",
                "remote attackers",
                "Pasam",
                "KGH_SPY",
                "Magic Hound",
                "TajMahal",
                "Dark Caracal",
                "RainyDay",
                "Bandook",
                "Action RAT",
                "threat actors"
            ],
            "label": "ACTOR"
        },
        {
            "count": 234,
            "id": 1,
            "texts": [
                "Office, PDF, and HWP documents",
                "files",
                "data",
                "cookies",
                "files",
                "certificates",
                "files",
                "files",
                "sensitive files",
                "information",
                "credentials",
                "extortion",
                "public release",
                "files",
                "sensitive data",
                "information",
                "system information",
                "information",
                "passwords",
                "files",
                "directories",
                "data",
                "Windows authentication information",
                "information",
                "documents",
                "extensions",
                ".pdf",
                ".docx",
                ".ppt",
                ".txt",
                ".doc",
                ".pptx",
                "information",
                "files",
                "data",
                "data",
                "memory",
                "formatted payment card data",
                "local files",
                "information",
                "sensitive information",
                "files",
                "data",
                "files",
                "files",
                "files",
                "default or customized set",
                "Internet Files",
                "Documents",
                "TEMP directories",
                "Desktop",
                "information",
                "file extensions",
                "credentials",
                "files",
                "files",
                "files",
                "information",
                "tmp file",
                "data",
                "volumes",
                "local files",
                "processes",
                "files",
                "data",
                "local system resources",
                "sensitive documents",
                "information",
                "numbers",
                "files",
                "information",
                "information",
                "files",
                "files",
                "password hashes",
                "data",
                "Microsoft Word documents",
                ".txt, .doc, and .xls files",
                "Internet Explorer cache",
                "data",
                "files",
                "them",
                "files",
                "payment card data",
                "files",
                ".pps",
                ".odt",
                "extensions",
                ".ppt",
                ".vcf",
                ".pdf",
                ".doc",
                ".xlsx",
                ".docx",
                ".docm",
                ".xls",
                ".rtf",
                ".inp",
                ".xlsm",
                ".csv",
                ".pptx",
                "stolen credentials",
                "Registry and volume shadow copies",
                "sensitive NTLM material",
                "files",
                "directories",
                "interest",
                "files",
                "data",
                "files",
                "configuration data",
                "internal documents",
                "files",
                "data",
                "logs",
                "Chrome and Edge browser database files",
                "data",
                "data",
                "information",
                "data",
                "data",
                "files",
                "data",
                "files",
                "data",
                "files",
                "hardcoded list",
                "extensions",
                "data",
                "files",
                "contacts",
                "application data",
                "files",
                "internal documents",
                "documents",
                "information",
                "files",
                "PowerPoint files",
                "text files",
                "Excel files",
                "Word documents",
                "PDF files",
                "data",
                "database files",
                "image files",
                "files",
                "files",
                "list",
                "file extensions",
                "elements",
                "process memory",
                "credit card data",
                "information",
                "Personal Identifiable Information",
                "PII",
                "data",
                "information",
                "local files",
                ".txt, .pdf, .xls or .doc files",
                "information",
                "files",
                "information",
                "files",
                "information",
                "files",
                "Microsoft Office documents",
                "memory",
                "dumped files",
                "credit card data",
                "files",
                "string",
                "files",
                "files",
                "log",
                "files",
                "Registry data",
                "files",
                "file types",
                "interest",
                "files",
                "files",
                "extensions",
                ".rtf",
                ".pdf",
                ".docx",
                ".ppt",
                ".doc",
                ".xlsx",
                ".xls",
                ".pptx",
                "iTunes phone backup files",
                "information",
                "files",
                "interest",
                "local system information",
                "credit card data",
                "documents",
                "system information",
                "files",
                "files",
                "data",
                "host data",
                "file types",
                "event log information",
                "data",
                "user files",
                "file extensions",
                "user files",
                "file extensions",
                "list",
                "files",
                ".docx",
                "extensions",
                "data",
                "files",
                "data",
                "information",
                "files",
                "files",
                "file",
                "victim system information",
                "dump",
                "LSASS memory",
                "documents",
                "complete contents",
                "changed files",
                "local files",
                "local data",
                "ATM data",
                "stolen credentials",
                "sensitive data",
                "point-of-sale",
                "POS",
                "documents"
            ],
            "label": "DATA"
        },
        {
            "count": 13,
            "id": 2,
            "texts": [
                "victims",
                "victims",
                "victim",
                "victim",
                "local victim",
                "victim",
                "target",
                "victim",
                "victims",
                "victim",
                "victim",
                "victim",
                "user"
            ],
            "label": "USER"
        },
        {
            "count": 95,
            "id": 3,
            "texts": [
                "local systems",
                "local system",
                "victim machines",
                "victim machine",
                "local file system",
                "local system",
                "machines",
                "machine",
                "compromised host",
                "Microsoft Edge",
                "Internet Explorer",
                "compromised hosts",
                "compromised host",
                "victim machines",
                "local drives",
                "compromised machine",
                "compromised machines",
                "compromised computers",
                "infected local host",
                "infected host",
                "compromised system",
                "system",
                "local system",
                "Windows Address Book",
                "disk",
                "file monitor",
                "targeted systems",
                "compromised systems",
                "compromised network systems",
                "compromised host",
                "victim machines",
                "victim machine",
                "local system",
                "file system",
                "machine",
                "infected systems",
                "victim machine",
                "compromised systems",
                "compromised host",
                "targeted system",
                "victim machines",
                "compromised hosts",
                "compromised host",
                "compromised machine",
                "compromised machines",
                "victim mobile device",
                "infected machine",
                "infected host",
                "system",
                "compromised systems",
                "compromised system",
                "local systems",
                "machine",
                "local victim systems",
                "machines",
                "victim environments",
                "compromised system",
                "infected machine",
                "file system",
                "compromised host",
                "compromised client machines",
                "local drives",
                "compromised machines",
                "local machine",
                "infected host",
                "compromised host",
                "infected system",
                "computer",
                "victim system",
                "infected machines",
                "staging area",
                "targeted system",
                "compromised hosts",
                "victim machines",
                "air-gapped host machine",
                "File system",
                "infected systems",
                "infected device",
                "target system",
                "local victim system",
                "targeted environments",
                "local systems",
                "compromised host",
                "local hard drives",
                "local system",
                "local file systems",
                "compromised machines",
                "compromised host",
                "compromised machine",
                "local system",
                "compromised Windows systems",
                "compromised host",
                "system",
                "infected machine",
                "compromised hosts"
            ],
            "label": "COMPONENT"
        },
        {
            "count": 15,
            "id": 4,
            "texts": [
                "targeted organization",
                "Chopper",
                "that",
                "which",
                "which",
                "Volt Typhoon",
                "which",
                ".",
                "which",
                "FIN13",
                "ATM data",
                "stolen credentials",
                "sensitive data",
                "point-of-sale",
                "POS"
            ],
            "label": "OTHER"
        },
        {
            "count": 51,
            "id": 5,
            "texts": [
                "extortion",
                "public release",
                "tools",
                "commands",
                "esentutl.exe",
                "server component",
                "Get command",
                "documents collector tool",
                "script",
                "OpenSSH backdoors",
                "capability",
                "processes",
                "PowerSploit",
                "Exfiltration modules",
                "volumes",
                "local files",
                "processes",
                "module",
                "later extraction",
                "Turla RPC backdoors",
                "Hydraq",
                "backdoor",
                "recent-files stealer plugin",
                "Trojans",
                "DLL files",
                "changes",
                "Forfiles",
                "Brute Ratel C4",
                "QuasarRAT",
                "file hunting plugin",
                "PcShare",
                "processes",
                "command",
                "uploaddd",
                "Forfiles",
                "Wevtutil",
                "events",
                "Out1",
                "command",
                "Empire",
                "native API functions",
                "backdoor",
                "MCMD",
                "Koadic",
                "Stealth Falcon malware",
                "Wevtutil",
                "backdoor",
                "esentutl",
                "backdoor",
                "web shell",
                "file exfiltration tool"
            ],
            "label": "FUNCTION"
        },
        {
            "count": 22,
            "id": 6,
            "texts": [
                "system information",
                "information",
                "passwords",
                "files",
                "directories",
                "data",
                "Windows authentication information",
                "Internet Files",
                "Documents",
                "TEMP directories",
                "Desktop",
                "files",
                "directories",
                "C:\\Users\\Public\\WinSrcNT\\It11.exe",
                "directories",
                "Desktop, Documents, Downloads, Dropbox, and WeChat folders",
                "user directories",
                "local directories",
                "directories",
                "directories",
                "directory",
                "'Pictures' folder"
            ],
            "label": "DIRECTORY"
        },
        {
            "count": 18,
            "id": 7,
            "texts": [
                "compromised networks",
                "compromised network",
                "C2",
                "local database",
                "C2",
                "C2",
                "C2",
                "C2",
                "compromised AD FS server",
                "C2",
                "victim networks",
                "C2",
                "iPhone text messages",
                "server",
                "Active Directory database",
                "C2",
                "C2",
                "compromised network"
            ],
            "label": "NETWORK"
        },
        {
            "count": 4,
            "id": 8,
            "texts": [
                "SAM hive",
                "Registry",
                "Trojans",
                "DLL files"
            ],
            "label": "REGISTRY"
        },
        {
            "count": 2,
            "id": 9,
            "texts": [
                "archive",
                "ZIP file"
            ],
            "label": "ENCRYPTION"
        }
    ],
    "graph_edges": [
        {
            "id": "0_1",
            "source": 0,
            "dest": 1,
            "count": 117
        },
        {
            "id": "0_2",
            "source": 0,
            "dest": 2,
            "count": 2
        },
        {
            "id": "1_2",
            "source": 1,
            "dest": 2,
            "count": 2
        },
        {
            "id": "1_3",
            "source": 1,
            "dest": 3,
            "count": 74
        },
        {
            "id": "0_3",
            "source": 0,
            "dest": 3,
            "count": 50
        },
        {
            "id": "3_2",
            "source": 3,
            "dest": 2,
            "count": 9
        },
        {
            "id": "0_4",
            "source": 0,
            "dest": 4,
            "count": 6
        },
        {
            "id": "0_5",
            "source": 0,
            "dest": 5,
            "count": 25
        },
        {
            "id": "1_4",
            "source": 1,
            "dest": 4,
            "count": 1
        },
        {
            "id": "1_5",
            "source": 1,
            "dest": 5,
            "count": 4
        },
        {
            "id": "0_6",
            "source": 0,
            "dest": 6,
            "count": 7
        },
        {
            "id": "6_3",
            "source": 6,
            "dest": 3,
            "count": 2
        },
        {
            "id": "5_4",
            "source": 5,
            "dest": 4,
            "count": 1
        },
        {
            "id": "5_1",
            "source": 5,
            "dest": 1,
            "count": 19
        },
        {
            "id": "0_7",
            "source": 0,
            "dest": 7,
            "count": 10
        },
        {
            "id": "1_7",
            "source": 1,
            "dest": 7,
            "count": 14
        },
        {
            "id": "4_5",
            "source": 4,
            "dest": 5,
            "count": 2
        },
        {
            "id": "4_1",
            "source": 4,
            "dest": 1,
            "count": 3
        },
        {
            "id": "1_8",
            "source": 1,
            "dest": 8,
            "count": 1
        },
        {
            "id": "6_1",
            "source": 6,
            "dest": 1,
            "count": 1
        },
        {
            "id": "5_3",
            "source": 5,
            "dest": 3,
            "count": 9
        },
        {
            "id": "5_6",
            "source": 5,
            "dest": 6,
            "count": 3
        },
        {
            "id": "0_8",
            "source": 0,
            "dest": 8,
            "count": 1
        },
        {
            "id": "1_6",
            "source": 1,
            "dest": 6,
            "count": 5
        },
        {
            "id": "5_9",
            "source": 5,
            "dest": 9,
            "count": 1
        },
        {
            "id": "9_1",
            "source": 9,
            "dest": 1,
            "count": 2
        },
        {
            "id": "9_6",
            "source": 9,
            "dest": 6,
            "count": 1
        },
        {
            "id": "6_2",
            "source": 6,
            "dest": 2,
            "count": 1
        },
        {
            "id": "7_1",
            "source": 7,
            "dest": 1,
            "count": 1
        },
        {
            "id": "3_1",
            "source": 3,
            "dest": 1,
            "count": 2
        },
        {
            "id": "5_7",
            "source": 5,
            "dest": 7,
            "count": 1
        },
        {
            "id": "4_7",
            "source": 4,
            "dest": 7,
            "count": 2
        },
        {
            "id": "4_3",
            "source": 4,
            "dest": 3,
            "count": 1
        },
        {
            "id": "7_3",
            "source": 7,
            "dest": 3,
            "count": 1
        },
        {
            "id": "0_9",
            "source": 0,
            "dest": 9,
            "count": 1
        },
        {
            "id": "9_3",
            "source": 9,
            "dest": 3,
            "count": 1
        }
    ],
    "verbs": {
        "collect": 46,
        "from": 153,
        "exfiltrate": 15,
        "steal from": 1,
        "search": 4,
        "gather": 6,
        "transfer": 1,
        "retrieve": 7,
        "upload": 18,
        "of": 21,
        "for": 12,
        "use": 15,
        "steal": 8,
        "acquire": 1,
        "crawl": 1,
        "with": 18,
        "scrape": 1,
        "scan": 1,
        "on": 9,
        "store in": 1,
        "in": 7,
        "leave on": 1,
        "leave": 1,
        "have": 3,
        "to": 18,
        "store": 1,
        "discover": 1,
        "contain": 3,
        "access": 3,
        "send": 4,
        "compress": 1,
        "read": 1,
        "create": 4,
        "collect from": 1,
        "drop": 1,
        "monitor": 1,
        "match": 2,
        "stage": 1,
        "inside": 1,
        "base": 2,
        "relate to": 2,
        "identify": 1,
        "dump": 1,
        "parse": 1,
        "receive": 1,
        "copy before": 1,
        "into": 1,
        "export": 1,
        "copy": 1,
        "run": 1,
        "compile": 1,
        "by": 3,
        "download": 1,
        "off": 2,
        "extract": 1,
        "obtain": 1,
        "prepare": 1
    }
}