{
    "id": "T1007",
    "tech_id": "T1007",
    "tech_name": "System Service Discovery",
    "best_phrases": [],
    "tactics": [
        "TA0007"
    ],
    "features": [
        "FUNCTION",
        "COMPONENT",
        "DATA",
        "USER",
        "NETWORK",
        "DIRECTORY",
        "VULNERABILITY"
    ],
    "locations": [
        "Windows",
        "macOS",
        "Linux"
    ],
    "procedures": [
        "relationship--00490a17-1032-461b-8085-500d56bb80f5",
        "relationship--069d3677-2694-4385-b5c3-ea6e231d26d9",
        "relationship--09c10778-19ad-441a-8a75-a3cf1288f960",
        "relationship--0c294d8b-2ee4-47ee-b9d8-8378d9d89ba1",
        "relationship--10bb2d06-6158-4cf2-bd35-0840a8e0a129",
        "relationship--1d36c3e8-238f-46c6-9b20-9fb4cb5c75ba",
        "relationship--26d1ecff-471e-420d-a1f0-d7b6cf9a07e6",
        "relationship--2a7d01e9-9c42-4d17-947a-629ca7a9d515",
        "relationship--317b8a78-1c04-4cd7-a249-619bacfc7a44",
        "relationship--342a3da9-79e7-4fdc-8a08-bd7f54caa2ac",
        "relationship--348ac89f-1a85-4ab2-887f-4e58dfc14853",
        "relationship--36f0915e-66aa-4062-b909-35414c639ae1",
        "relationship--40c5a024-37db-478b-b90f-27f184bf8f60",
        "relationship--40da5ea7-b4d1-45a4-944e-c1c74e408086",
        "relationship--43886571-4415-484f-931b-3b30b9aefaa7",
        "relationship--4923be5e-dd24-4289-adca-e9dbf545b9c2",
        "relationship--52c18ed1-91a5-4394-a4d0-f700c75bf3d9",
        "relationship--54e99ba2-143f-43be-8d7f-79de5551d1ac",
        "relationship--56b8f3d1-c08e-42a1-8d14-b961391eaaa7",
        "relationship--6017ff5f-e522-45fe-857a-e4fef38a6349",
        "relationship--6139509a-709b-4ef4-81fb-25b9a35e2c60",
        "relationship--651334a7-9d6c-444e-a935-1e7847abfcb1",
        "relationship--6b68eccb-bb48-40fd-bf3e-4bc60a51a8e1",
        "relationship--6ba11730-a404-4252-aefe-acbf71877b0c",
        "relationship--720be590-5ea0-43b6-8360-fa75dd4d1a67",
        "relationship--73d7126b-3e7a-441c-93e0-9803aec12ca5",
        "relationship--7542421c-f673-4f85-85ae-b4283173c48d",
        "relationship--7944bf15-8e56-4624-8776-bc9fc5aee249",
        "relationship--7b529102-f95c-4ca1-a5c4-5a3497ab3674",
        "relationship--7be0437f-1d0d-4df0-9e66-70e581cc5f1a",
        "relationship--7c58aab0-77cf-469e-836e-2b8c031afd1e",
        "relationship--7e2ceab5-e5ae-4c79-aceb-424d42703e5f",
        "relationship--7e42e286-af96-4178-a30f-785ed3699659",
        "relationship--8b02a707-94ba-4c61-8292-d9dce02606b3",
        "relationship--935f8b6e-cd74-46c4-9a74-f763b4f13955",
        "relationship--948f8c8b-18e1-4652-86af-bad1dc0ec090",
        "relationship--965cdcbc-f139-4065-a8cd-ab09674ae20b",
        "relationship--974cd5a0-3519-4488-a935-06a0ef498f46",
        "relationship--97a083ff-40ef-4e4c-9837-4ab1537a063c",
        "relationship--a86529ff-e584-4566-afb9-6ffc366fd154",
        "relationship--a88e956c-6c71-47e1-b02c-d4c105542690",
        "relationship--aae6444e-c9e5-4965-9499-8aa6d546b58e",
        "relationship--abee00d3-8417-468b-84a4-40c7d0ac4f7d",
        "relationship--ae9befd5-d8b7-4492-9b47-422a40d610cc",
        "relationship--b3492594-4cb7-4c5c-a0b4-5054720e83fe",
        "relationship--b7601a08-a52d-4daa-acb9-2f5e3392b6c3",
        "relationship--ba27eb37-39dc-47ee-b87f-95525878582e",
        "relationship--bae7f2fb-99d8-4acf-b61e-f37a215aa82e",
        "relationship--bebaff50-23e0-43d6-ad31-4d84a3b2af73",
        "relationship--bedf5d77-af37-4a10-b4d7-3555a9ea2938",
        "relationship--c8f99c96-d4f7-49dc-9ee9-0bcae28ab045",
        "relationship--cd22a7a4-6f9f-481c-9a6d-6e1c665ed6cd",
        "relationship--d012dd66-fef4-4714-bb00-55d9dd2861a1",
        "relationship--d0162247-12e2-4c0e-8efe-d5c4823e0fcd",
        "relationship--d1f44e84-61cb-4a96-add8-d37a38369e43",
        "relationship--de525077-129a-4d14-8419-6a3d219710a8",
        "relationship--e6e324d1-b775-48bb-ac9f-02fcc2428752",
        "relationship--e9af5cec-1afb-46da-9d2c-1c0c78ea312b",
        "relationship--f79947b2-49bc-4658-b93c-3aa9dbf9cd5e",
        "relationship--f9c7127d-2a27-4dcf-bef5-9150a6c4334d",
        "relationship--fd44d6f1-25c5-4365-8a68-323bfc0b3f22",
        "relationship--fd68dcb1-686c-4e48-9b6c-26c98a4f43e5"
    ],
    "graph_nodes": [
        {
            "count": 58,
            "id": 0,
            "texts": [
                "Ursnif",
                "BRONZE BUTLER",
                "Sykipot",
                "Comnie",
                "SombRAT",
                "LookBack",
                "SysUpdate",
                "TeamTNT",
                "Elise",
                "Indrik Spider",
                "SLOTHFULMEDIA",
                "Kwampirs",
                "jRAT",
                "RATANKBA",
                "OilRig",
                "Turla",
                "BBSRAT",
                "RainyDay",
                "Babuk",
                "Cobalt Strike",
                "Dyre",
                "ZxShell",
                "Volgmer",
                "attacker",
                "Aquatic Panda",
                "Poseidon Group",
                "Kimsuky",
                "Caterpillar WebShell",
                "Chimera",
                "Ke3chang",
                "InvisiMole",
                "ZLib",
                "GreyEnergy",
                "SUNBURST",
                "SynAck",
                "Ixeshe",
                "HyperBro",
                "JPIN",
                "WINERACK",
                "remote attackers",
                "Hydraq",
                "GravityRAT",
                "REvil",
                "Cuba",
                "Sardonic",
                "HotCroissant",
                "Earth Lusca",
                "S-Type",
                "GeminiDuke",
                "threat actors",
                "DarkTortilla",
                "Emissary",
                "Epic",
                "BitPaymer",
                "TrickBot",
                "admin@338 actors",
                "threat actors",
                "APT1"
            ],
            "label": "ACTOR"
        },
        {
            "count": 14,
            "id": 1,
            "texts": [
                "information",
                "information",
                "service and service permission information",
                "information",
                "service configuration information",
                "names",
                "service names",
                "similarly-hashed hardcoded blocklists",
                "configurations",
                "services",
                "information",
                "information",
                "information",
                "information"
            ],
            "label": "DATA"
        },
        {
            "count": 90,
            "id": 2,
            "texts": [
                "services",
                "TROJ_GETVERSION",
                "system services",
                "net start",
                "services",
                "command",
                "services",
                "net start command",
                "Net",
                "Windows services",
                "aliyun service",
                "services",
                "bmc-agent service",
                "them",
                "net start",
                "PoshC2",
                "win32_service WMI class",
                "services",
                "capability",
                "services",
                "services",
                "command tasklist /svc",
                "Tasklist",
                "services",
                "local services",
                "tasklist /svc",
                "tasks",
                "sc query",
                "services",
                "associated processes",
                "services",
                "tasklist /svc command",
                "check-in",
                "service",
                "services",
                "services",
                "service",
                "services",
                "third party EDR products",
                "services",
                "instrumentor script",
                "services",
                "services",
                "net use",
                "net start",
                "system service",
                "net start commands",
                "service",
                "services",
                "Windows services",
                "FNV-1a + XOR algorithm",
                "configurations",
                "services",
                "services",
                "backdoor",
                "feature",
                "services",
                "active services",
                "service status",
                "QueryServiceStatusEx function",
                "net start command",
                "services",
                "Tasklist",
                "command",
                "net start",
                "services",
                "programs",
                "tasklist command",
                "backdoors",
                "running services",
                "capability",
                "command net start",
                "services",
                "tasklist /svc command",
                "services",
                "Windows services",
                "install programs",
                "services",
                "command",
                "LOWBALL malware",
                "services",
                "net start command",
                "initial reconnaissance",
                "commands",
                "tasklist",
                "net start",
                "listing",
                "services",
                "SILENTTRINITY",
                "modifiable services"
            ],
            "label": "FUNCTION"
        },
        {
            "count": 5,
            "id": 3,
            "texts": [
                "net start >> %temp%\\info.dat",
                "which",
                "one",
                "net start >> %temp%\\download",
                "part"
            ],
            "label": "OTHER"
        },
        {
            "count": 7,
            "id": 4,
            "texts": [
                "victim",
                "victim",
                "victim",
                "victim",
                "victim",
                "victim",
                "victim"
            ],
            "label": "USER"
        },
        {
            "count": 22,
            "id": 5,
            "texts": [
                "victim machine",
                "Security",
                "Security",
                "system",
                "system",
                "system",
                "compromised hosts",
                "compromised host",
                "system",
                "compromised host",
                "system",
                "system",
                "system",
                "infected host",
                "compromised host",
                "system",
                "system",
                "host",
                "machine",
                "system",
                "machine",
                "system"
            ],
            "label": "COMPONENT"
        },
        {
            "count": 2,
            "id": 6,
            "texts": [
                "initial communication",
                "remote server"
            ],
            "label": "NETWORK"
        },
        {
            "count": 1,
            "id": 7,
            "texts": [
                "startup"
            ],
            "label": "DIRECTORY"
        },
        {
            "count": 1,
            "id": 8,
            "texts": [
                "exploitation"
            ],
            "label": "VULNERABILITY"
        }
    ],
    "graph_edges": [
        {
            "id": "0_1",
            "source": 0,
            "dest": 1,
            "count": 11
        },
        {
            "id": "1_2",
            "source": 1,
            "dest": 2,
            "count": 7
        },
        {
            "id": "0_2",
            "source": 0,
            "dest": 2,
            "count": 57
        },
        {
            "id": "0_3",
            "source": 0,
            "dest": 3,
            "count": 5
        },
        {
            "id": "0_4",
            "source": 0,
            "dest": 4,
            "count": 4
        },
        {
            "id": "2_4",
            "source": 2,
            "dest": 4,
            "count": 5
        },
        {
            "id": "0_5",
            "source": 0,
            "dest": 5,
            "count": 6
        },
        {
            "id": "2_5",
            "source": 2,
            "dest": 5,
            "count": 15
        },
        {
            "id": "2_1",
            "source": 2,
            "dest": 1,
            "count": 2
        },
        {
            "id": "5_2",
            "source": 5,
            "dest": 2,
            "count": 2
        },
        {
            "id": "5_4",
            "source": 5,
            "dest": 4,
            "count": 1
        },
        {
            "id": "1_5",
            "source": 1,
            "dest": 5,
            "count": 1
        },
        {
            "id": "2_7",
            "source": 2,
            "dest": 7,
            "count": 1
        },
        {
            "id": "3_2",
            "source": 3,
            "dest": 2,
            "count": 2
        },
        {
            "id": "0_8",
            "source": 0,
            "dest": 8,
            "count": 1
        },
        {
            "id": "3_8",
            "source": 3,
            "dest": 8,
            "count": 1
        },
        {
            "id": "2_8",
            "source": 2,
            "dest": 8,
            "count": 1
        },
        {
            "id": "8_5",
            "source": 8,
            "dest": 5,
            "count": 1
        },
        {
            "id": "2_3",
            "source": 2,
            "dest": 3,
            "count": 1
        }
    ],
    "verbs": {
        "gather": 3,
        "about": 5,
        "use": 19,
        "discover": 7,
        "display": 2,
        "run": 5,
        "on": 20,
        "collect": 5,
        "in": 1,
        "find": 1,
        "for": 3,
        "of": 10,
        "disable": 1,
        "to": 1,
        "execute": 3,
        "enumerate": 6,
        "retrieve": 3,
        "from": 4,
        "have": 3,
        "with": 3,
        "run on": 2,
        "list": 4,
        "survey": 1,
        "upon": 1,
        "query": 3,
        "register": 1,
        "identify": 1,
        "as": 3,
        "compromise": 1,
        "obtain": 4,
        "check": 1,
        "by": 1,
        "monitor": 1,
        "create": 1,
        "search": 1,
        "interact": 1,
        "follow": 3,
        "get": 1
    }
}