{
    "id": "T1008",
    "tech_id": "T1008",
    "tech_name": "Fallback Channels",
    "best_phrases": [],
    "tactics": [
        "TA0011"
    ],
    "features": [
        "NETWORK",
        "FUNCTION",
        "DATA",
        "COMPONENT",
        "VULNERABILITY",
        "USER"
    ],
    "locations": [
        "Linux",
        "Windows",
        "macOS"
    ],
    "procedures": [
        "relationship--0d43f3a7-70ed-4d04-857e-3a9fbce86cfb",
        "relationship--0fbd4496-f715-4edd-b4da-169d6047a7c9",
        "relationship--101867a2-149c-4088-a90f-7af4b86e5013",
        "relationship--12daddcc-b964-485e-8c2d-10f554d78bcc",
        "relationship--1708aa35-a362-429f-be06-82dc106dfeb4",
        "relationship--1f728f8c-8aee-4d40-9161-1cae773983d1",
        "relationship--329678a6-eb6b-499b-90a8-059d1cf1a35f",
        "relationship--36849ab3-088c-47a5-bcf9-3e68902a2e60",
        "relationship--3ac3a282-e1be-45f8-8974-0a94e5d43644",
        "relationship--3fa8155d-11ca-47de-902e-47e809d0ed64",
        "relationship--495982e4-9856-4e7f-8e05-4654d67a4d62",
        "relationship--4b23ac99-3761-46f0-ad5d-2cf63a95036a",
        "relationship--4e2842c6-ce4c-4204-9f29-4442a1859f12",
        "relationship--550d2a38-7dd8-497d-b65d-43b65a3ec49e",
        "relationship--61952f05-92a3-41e0-93c4-d7486a927ece",
        "relationship--62c8913c-c193-4feb-ab58-88343838336d",
        "relationship--70a93fc8-83c0-4407-8224-ae447af1235a",
        "relationship--7327153c-c123-401b-b675-554b8070fbed",
        "relationship--73a5da20-5358-4da8-8417-020a7dec52cb",
        "relationship--8492aff7-1171-4805-9052-3decdd677c94",
        "relationship--85b5e45d-247e-4c8b-a991-95700e4d81d9",
        "relationship--94a1fe68-4c8f-48ca-b186-feca5f800f46",
        "relationship--950399e7-c9c2-4b53-bcc8-b99d0acba8d1",
        "relationship--97775c58-7cb1-46e0-9504-e60a459e44d0",
        "relationship--98fc2f95-0c93-405a-a54e-880622d8d233",
        "relationship--9b4a4f3b-d8f4-47d2-8e63-2687c566806b",
        "relationship--a01e5280-ae4f-4edd-bb57-e29e8426cc3b",
        "relationship--a2118212-1594-4fb1-8076-5a8649756c9c",
        "relationship--a61cf8cf-87f1-4061-ae9d-31e8162bdfef",
        "relationship--a7005b59-48e5-4852-90f7-ed8d2c3698fa",
        "relationship--a713d0d3-2897-4da2-995f-df3a40f04b29",
        "relationship--ab687dca-2741-4920-a71e-e0e0444809c5",
        "relationship--abdaccd2-6a3e-4bd2-8fa2-b192f67f22ca",
        "relationship--b2ab26e2-eb90-4f19-b35a-b8a0a5438961",
        "relationship--b4642810-53c4-4ff2-859f-f4b707a36097",
        "relationship--b921077b-4a62-461c-aaec-9cd70b5cf5f8",
        "relationship--bd74b90d-ff9f-4ce3-96af-9b809fffc3da",
        "relationship--bdb7f4c5-3620-479b-af38-95f42e82fb68",
        "relationship--c1d43be1-daea-4cdd-9632-e0a22f4d9073",
        "relationship--d207f54d-81c1-4b20-ba56-575fbdec2f03",
        "relationship--d2d98eeb-4ebd-4db5-adf8-2a737306b17f",
        "relationship--d3e0b0b8-797f-4638-bcb6-aa688c3a0a9a",
        "relationship--d96db78c-e7b8-4877-8187-07c5e801cead",
        "relationship--dc4bc74b-cd60-4853-a436-8d5e34b01564",
        "relationship--dd9f1283-ff4b-4314-b7ce-f326d6932bab",
        "relationship--e2317e9b-9301-4c44-959f-94d66858136c",
        "relationship--e97b39d6-7be1-4f59-8959-7f1f01402152",
        "relationship--ecca736a-9b3f-4a1d-bdb8-ff5c55197893",
        "relationship--f1ab6a18-2624-4d35-b9e2-3f3a4288bcac",
        "relationship--f5936bbd-f8cb-404a-bd43-87f7bc836294",
        "relationship--f9fc4a7b-e8ba-4e50-b97f-9afabcfc73a8"
    ],
    "graph_nodes": [
        {
            "count": 47,
            "id": 0,
            "texts": [
                "attacker",
                "remote attackers",
                "Linfo",
                "CHOPSTICK",
                "HOPLIGHT",
                "InvisiMole",
                "SslMM",
                "Ebury",
                "attacker",
                "TrickBot",
                "Anchor",
                "Valak",
                "S-Type",
                "FatDuke",
                "QUIETEXIT",
                "Shark",
                "MiniDuke",
                "WinMM",
                "Bumblebee",
                "RainyDay",
                "Stuxnet",
                "CharmPower",
                "actors",
                "Kazuar",
                "APT41",
                "AppleSeed",
                "threat actors",
                "Gelsemium",
                "ShimRat",
                "Mis-Type",
                "Uroburos",
                "SideTwist",
                "DustySky",
                "TinyTurla",
                "Kevin",
                "Derusbi",
                "Machete",
                "Bazar",
                "Crutch",
                "TAINTEDSCRIBE",
                "Cardinal RAT",
                "RDAT",
                "QUADAGENT",
                "FIN7",
                "Kwampirs",
                "PipeMon",
                "BlackEnergy"
            ],
            "label": "ACTOR"
        },
        {
            "count": 93,
            "id": 1,
            "texts": [
                "proxy",
                "C2",
                "connection",
                "direct connection",
                "C2s",
                "C2 channel",
                "HTTP",
                "C2",
                "C2 channels",
                "servers",
                "secondary fallback C2",
                "primary C2",
                "secondary C2s",
                "communication",
                "connectivity",
                "primary C2s",
                "C2 hosts",
                "port",
                "C2",
                "ports",
                "C2s",
                "second hard-coded C2",
                "C2",
                "C2s",
                "Twitter",
                "primary and backup domains",
                "C2 communications",
                "backup C2s",
                "C2",
                "TCP",
                "HTTP",
                "C2",
                "C2 domains",
                "C2 channel",
                "domain",
                "URLs",
                "C2s",
                "C2",
                "second channel",
                "C2",
                "primary channel",
                "company extranet servers",
                "secondary C2s",
                "protocols",
                "domains",
                "C2",
                "secondary C2 location",
                "raw TCP socket",
                "secondary HTTP-based protocol",
                "Base64-encoded network protocol",
                "alternate C2",
                "C2",
                "up to 10 channels",
                "proxy",
                "UDP/6000",
                "C2",
                "hard-coded C2s",
                "port",
                "C2",
                "port",
                "hard-coded domains",
                "C2s",
                "C2 IPs",
                "hard-coded fallback domains",
                "C2",
                "HTTP beacon",
                "HTTP",
                "fallback server",
                "alternative C2",
                "fallback channel",
                "five hard-coded IP addresses",
                "C2 communication",
                "IP",
                "IP address",
                "C2 host and port combinations",
                "HTTP",
                "protocols",
                "HTTPS",
                "DNS",
                "HTTP",
                "fallback channels",
                "C2",
                "communication",
                "DNS",
                "backup channel",
                "C2",
                "C2s",
                "C2",
                "connection",
                "used port",
                "alternate C2 domain",
                "C2 URLs",
                "backup channel"
            ],
            "label": "NETWORK"
        },
        {
            "count": 11,
            "id": 2,
            "texts": [
                "proxy settings",
                "place",
                "hard-coded primary and backup C2 string",
                "days",
                "victim information",
                "configuration",
                "data",
                "second",
                "data",
                "list",
                "port number"
            ],
            "label": "DATA"
        },
        {
            "count": 28,
            "id": 3,
            "texts": [
                "code",
                "backdoor",
                "OilRig malware ISMAgent",
                "DNS tunneling mechanism",
                "fallback mechanism",
                "DGA",
                "BISCUIT malware",
                "Google Search",
                "primary C2 method",
                "Exaramel",
                "Steam community page",
                "fallback mechanism",
                "implants",
                "NETEAGLE",
                "HTTP POST request",
                "beacons",
                "beacons",
                "Lazarus Group malware SierraAlfa",
                "transmission",
                "fallback",
                "backup communication method",
                "Harpy backdoor malware",
                "XTunnel",
                "fallback",
                "Mythic",
                "fallback mechanisms",
                "capability",
                "plus.google.com"
            ],
            "label": "FUNCTION"
        },
        {
            "count": 6,
            "id": 4,
            "texts": [
                "browser",
                "infected system",
                "Linux",
                "S3 bucket",
                "infected host",
                "hardcoded GitHub repository"
            ],
            "label": "COMPONENT"
        },
        {
            "count": 12,
            "id": 5,
            "texts": [
                "which",
                "case",
                "that",
                "8080",
                "targeted organization",
                "upload mode",
                "one",
                "each",
                "one",
                "one",
                "one",
                "case"
            ],
            "label": "OTHER"
        },
        {
            "count": 1,
            "id": 6,
            "texts": [
                "error"
            ],
            "label": "VULNERABILITY"
        },
        {
            "count": 1,
            "id": 7,
            "texts": [
                "victim"
            ],
            "label": "USER"
        }
    ],
    "graph_edges": [
        {
            "id": "0_1",
            "source": 0,
            "dest": 1,
            "count": 55
        },
        {
            "id": "0_2",
            "source": 0,
            "dest": 2,
            "count": 9
        },
        {
            "id": "0_3",
            "source": 0,
            "dest": 3,
            "count": 10
        },
        {
            "id": "0_4",
            "source": 0,
            "dest": 4,
            "count": 3
        },
        {
            "id": "3_4",
            "source": 3,
            "dest": 4,
            "count": 2
        },
        {
            "id": "0_5",
            "source": 0,
            "dest": 5,
            "count": 6
        },
        {
            "id": "3_1",
            "source": 3,
            "dest": 1,
            "count": 15
        },
        {
            "id": "1_2",
            "source": 1,
            "dest": 2,
            "count": 2
        },
        {
            "id": "1_5",
            "source": 1,
            "dest": 5,
            "count": 5
        },
        {
            "id": "5_1",
            "source": 5,
            "dest": 1,
            "count": 5
        },
        {
            "id": "2_1",
            "source": 2,
            "dest": 1,
            "count": 3
        },
        {
            "id": "3_6",
            "source": 3,
            "dest": 6,
            "count": 1
        },
        {
            "id": "1_4",
            "source": 1,
            "dest": 4,
            "count": 1
        },
        {
            "id": "4_0",
            "source": 4,
            "dest": 0,
            "count": 1
        },
        {
            "id": "4_1",
            "source": 4,
            "dest": 1,
            "count": 2
        },
        {
            "id": "3_2",
            "source": 3,
            "dest": 2,
            "count": 1
        },
        {
            "id": "3_5",
            "source": 3,
            "dest": 5,
            "count": 2
        },
        {
            "id": "2_5",
            "source": 2,
            "dest": 5,
            "count": 1
        },
        {
            "id": "1_3",
            "source": 1,
            "dest": 3,
            "count": 3
        },
        {
            "id": "3_0",
            "source": 3,
            "dest": 0,
            "count": 1
        },
        {
            "id": "1_7",
            "source": 1,
            "dest": 7,
            "count": 1
        },
        {
            "id": "2_7",
            "source": 2,
            "dest": 7,
            "count": 1
        },
        {
            "id": "2_3",
            "source": 2,
            "dest": 3,
            "count": 1
        }
    ],
    "verbs": {
        "by": 9,
        "reach": 2,
        "attempt": 2,
        "obtain": 1,
        "inject": 1,
        "into": 2,
        "change": 2,
        "create": 1,
        "to": 12,
        "use": 32,
        "over": 6,
        "have": 4,
        "in": 8,
        "with": 4,
        "implement": 1,
        "for": 20,
        "contain": 1,
        "after": 1,
        "establish": 1,
        "relay": 1,
        "fall": 1,
        "per": 2,
        "connect": 1,
        "update": 1,
        "identify": 1,
        "find": 1,
        "receive": 1,
        "between": 1,
        "generate": 1,
        "retrieve": 1,
        "from": 1,
        "of": 6,
        "accept": 1,
        "as": 16,
        "be": 1,
        "communicate": 2,
        "send": 4,
        "choose": 1,
        "try": 2,
        "register": 1,
        "assign": 1,
        "pick": 1,
        "provide": 1,
        "on": 1,
        "communicate over": 1
    }
}