{
    "id": "T1012",
    "tech_id": "T1012",
    "tech_name": "Query Registry",
    "best_phrases": [],
    "tactics": [
        "TA0007"
    ],
    "features": [
        "REGISTRY",
        "DATA",
        "FUNCTION",
        "COMPONENT",
        "ENCRYPTION",
        "DIRECTORY",
        "NETWORK",
        "USER"
    ],
    "locations": [
        "Windows"
    ],
    "procedures": [
        "relationship--0032f447-1ab7-427d-b7ae-baa436dc2411",
        "relationship--014010a2-7bb8-4b11-bef9-c85609b2d94b",
        "relationship--03070395-3b76-4351-a3bd-0d9eaaa6652c",
        "relationship--052c54bf-b92b-4a7e-bca4-bc884437a327",
        "relationship--0825b101-deff-45cf-867c-af3ccb233744",
        "relationship--10514be7-2dcb-4e70-a579-e1e1e6c2d900",
        "relationship--1558f550-390d-4c40-a2f7-c9aa1fcf9f1b",
        "relationship--184739bd-f45e-4f2b-8caf-19e2cb30ae92",
        "relationship--1c548d89-557e-4c48-9b71-8a761d94e77b",
        "relationship--1d7661c8-82cf-481c-89e4-927eedaffc22",
        "relationship--26fcd59e-5758-47ec-8a5e-68150d1ff805",
        "relationship--27f4a7f3-7086-471d-8826-7bc544069c44",
        "relationship--2a945fce-862b-46ff-8ee5-b78b220803f3",
        "relationship--2bc482f0-f5ee-433c-81bd-566ef8a8d7a6",
        "relationship--2de4d7df-18fc-4202-93ee-2fcfe6f2e501",
        "relationship--2dfbcf5d-8563-440c-bd9c-0cfc15059bd5",
        "relationship--2f28f6e0-795f-4e0d-8459-514a42a96ce9",
        "relationship--31028cf4-870e-490e-871e-ec55814dcef8",
        "relationship--312c929a-abf6-44c1-95d6-6dde60c7a3fe",
        "relationship--3454bb10-fad3-48b6-b20a-81cb45e7bbc1",
        "relationship--3559da63-5706-4e5a-b130-89858c2c0f44",
        "relationship--3598d32e-306d-421d-af3c-8c9f5d1628a2",
        "relationship--39b735d3-c659-4d1a-8e7e-082c0f049c2d",
        "relationship--3a217a5a-b6c4-47c5-822a-5b278385c811",
        "relationship--3a50e0b3-fe35-4cfe-bdd6-306946b15abc",
        "relationship--3b035642-31cc-498e-9dff-9e145b35b968",
        "relationship--3c786b4b-b146-4511-b3ca-65fe7c3521e8",
        "relationship--46144407-0f14-4358-8d4e-23b3ef13cb4e",
        "relationship--47f611f4-b9f0-42ef-9629-ee4a56e737ed",
        "relationship--4cb1a0d0-6276-4c2c-b299-c26c982e9e1e",
        "relationship--4d5240d1-508f-4cf0-bf38-9f9276894cbf",
        "relationship--4e5de254-8dd4-46cd-a8af-8cdfd335e5f1",
        "relationship--4f5c53df-7076-4580-bd45-c4c9201269ae",
        "relationship--519c4c7f-8495-4b8a-b58e-551a78e469cc",
        "relationship--521146dd-185d-4a8c-a3b4-b3caedbc7a14",
        "relationship--5365d764-76fa-49ce-b76b-d0344322b037",
        "relationship--564de5da-7ecc-45c7-bbd5-619a8f316f70",
        "relationship--59c92aeb-1e62-4e60-8ead-63100e068c0d",
        "relationship--5acaf47e-4608-4548-81e8-368a2687844e",
        "relationship--5ccac771-a984-4f06-b109-21ea7cd60b02",
        "relationship--5da42f91-d58e-48bd-b8b2-3d35db7edcf2",
        "relationship--60198640-1e5a-4b8e-9a69-5f275f7e0e68",
        "relationship--62784c03-0ee3-4a53-ba0e-876db5ede08a",
        "relationship--69c3aaaf-0922-4662-a8b3-026dc5ea0aae",
        "relationship--6ae983c6-b332-42d9-b489-87f475b6b9d6",
        "relationship--6b55412a-760f-4ff8-b48a-6ff3bed8b0e9",
        "relationship--732a3283-d7ae-4d09-8446-edbd28c38ec0",
        "relationship--746b0def-62c8-438d-b5ec-aa6b7dbfb860",
        "relationship--75a3cfad-a9e7-453f-88b8-787304575a33",
        "relationship--75a89128-fcdd-4bcf-98a7-9f0ea162a794",
        "relationship--77d079b6-2df9-4ae9-bc7c-1ebe99708660",
        "relationship--794caee4-34cd-493f-a047-1f4a8b4c8de8",
        "relationship--79cebb53-3154-4512-9343-2942b1f72ff5",
        "relationship--7ad999fd-9d57-40d3-b942-d8749a6f46cc",
        "relationship--7d71658b-2b9f-4639-9fe7-7c7924b52ff7",
        "relationship--80d8e746-f0a0-4781-824a-0147dbbee072",
        "relationship--8875e27f-9f8d-418b-8937-a2c4d1858607",
        "relationship--8db65d27-ddf4-4edd-9ccb-8112a78e9f47",
        "relationship--8de816a1-c89b-47ea-9456-c3bc139e6885",
        "relationship--8e12d3f8-6c2b-4622-889e-63c9abcff04b",
        "relationship--93741cce-12ce-4cc0-9fa6-5db7d8a1309a",
        "relationship--9677d051-2bac-4686-8611-2d089d3d4b58",
        "relationship--9753bc87-1ed3-4a28-a9d3-80e004d83e62",
        "relationship--9bab0784-d593-4fbc-8f03-0f2340184beb",
        "relationship--9c79076c-341f-4eb3-bed7-300723747b18",
        "relationship--9f496c45-eac5-464f-858b-ef481f2f37ff",
        "relationship--9fedbd2e-93d1-4693-8365-f25ae4374e6a",
        "relationship--a16da3e1-c81e-4565-a78f-607cb937010b",
        "relationship--a455cf4b-2402-4b72-a5e8-e5f5ed6d2bfc",
        "relationship--ab08048c-4d1f-4214-9f53-1e87f6a20988",
        "relationship--acbf0f3f-5dd4-42ad-9399-047b8ff5dc0a",
        "relationship--b0d3ef27-8854-486f-942b-f0cd42c8a85c",
        "relationship--b33486bc-c7f4-46d7-9e20-3863c5508820",
        "relationship--b511900a-9bfe-4f8c-b1e2-b95669a5eaeb",
        "relationship--b7316e86-545b-4397-9b1f-d05a8ea64f4f",
        "relationship--b8b16140-82bc-42a0-82f7-bfc402f4b4a4",
        "relationship--bca618ac-7867-4dc4-b683-ae3f61addc68",
        "relationship--c2e58b40-7644-4c0c-92ac-b63a565aca44",
        "relationship--c3cef083-71f7-46ed-85c1-0b44ac24b85e",
        "relationship--c495478b-6bae-4d1e-a43e-be07fe7cdb48",
        "relationship--c4e03a2f-3617-4017-8dab-8904b1060c87",
        "relationship--c6a7e9fe-cdf3-451a-b97f-788b5839606c",
        "relationship--c88502ec-f0f7-4b86-865b-8dc0a21b9580",
        "relationship--c8bf1e63-1275-46c7-b378-b4a3cc3eb369",
        "relationship--cedfb953-2088-4e8d-a21b-57fdfce65337",
        "relationship--d078f862-c090-4e79-808b-ff69887a920c",
        "relationship--d18d7fab-1f10-4b83-83e1-a288ec4db2bd",
        "relationship--dac3df5a-9569-41ac-94d2-115062b7b632",
        "relationship--de4a0c7c-2a21-4038-8466-7f933be35d95",
        "relationship--e1caf917-c15f-4388-8ca0-6cdefd01da8f",
        "relationship--e30c24d3-d440-4395-88b3-3192a02c4364",
        "relationship--e611b2ca-ecb4-47f4-acc2-614d37926d5b",
        "relationship--e8805949-55f7-47cd-965c-2edd4221da12",
        "relationship--e9a4e4bd-717a-4048-a623-4a1758b93acd",
        "relationship--f023577a-e87f-4d0e-beef-575293a86153",
        "relationship--f1183695-42c7-4d17-81b3-18d3fdd8822a",
        "relationship--f44478f1-fdd7-4e84-8b96-60e6c6a10683",
        "relationship--f55d54fe-27ed-41f9-81db-11ccbe2d2125",
        "relationship--f6c9d3c4-2e47-4881-a376-e60791092fc5",
        "relationship--f8705660-10d1-4eca-80c6-f2884cdecb36",
        "relationship--f8c754dd-a4a8-4507-bce2-c738e5354a3c",
        "relationship--fc661e81-fc5e-4243-874e-f311bc5a2d8d",
        "relationship--fdb02bf4-a950-4ae7-b07c-a3ed0322ef6e"
    ],
    "graph_nodes": [
        {
            "count": 94,
            "id": 0,
            "texts": [
                "threat actors",
                "Epic",
                "Sibot",
                "FatDuke",
                "remote attackers",
                "Hydraq",
                "SVCReady",
                "ZIRCONIUM",
                "TEARDROP",
                "Milan",
                "Shark",
                "Azorult",
                "Clambling",
                "Volgmer",
                "njRAT",
                "InvisiMole",
                "ROKRAT",
                "Shamoon",
                "BabyShark",
                "Bumblebee",
                "SodaMaster",
                "Carbon",
                "Denis",
                "Pillowmint",
                "Carbanak",
                "REvil",
                "LitePower",
                "Derusbi",
                "ADVSTORESHELL",
                "JPIN",
                "APT32",
                "Dtrack",
                "WINDSHIELD",
                "PlugX",
                "Dragonfly",
                "ZxxZ",
                "FELIXROOT",
                "Turla",
                "DownPaper",
                "BACKSPACE",
                "LiteDuke",
                "ZxShell",
                "Taidoor",
                "Saint Bot",
                "OSInfo",
                "Kimsuky",
                "SynAck",
                "Uroburos",
                "Bazar",
                "DarkWatchman",
                "FinFisher",
                "Mafalda",
                "BitPaymer",
                "gh0st RAT",
                "attacker",
                "Cardinal RAT",
                "FunnyDream",
                "Carberp",
                "Cobalt Strike",
                "Waterbear",
                "WastedLocker",
                "BendyBear",
                "Mori",
                "POWERSOURCE",
                "Ursnif",
                "Bisonal",
                "QUIETCANARY",
                "Brave Prince",
                "Valak",
                "TinyTurla",
                "ComRAT",
                "StoneDrill",
                "Fox Kitten",
                "RATANKBA",
                "APT39",
                "Chimera",
                "Zebrocy",
                "Gelsemium",
                "Stuxnet",
                "Proxysvc",
                "SUNBURST",
                "OilRig",
                "POWRUNER",
                "Zeus Panda",
                "Rising Sun",
                "Crimson",
                "Woody RAT",
                "CharmPower",
                "Reaver",
                "CHOPSTICK",
                "Industroyer",
                "Gold Dragon",
                "Lucifer",
                "Attor"
            ],
            "label": "ACTOR"
        },
        {
            "count": 134,
            "id": 1,
            "texts": [
                "/c cd /d c:\\windows\\temp\\ & reg query HKEY_CURRENT_USER\\Software\\%username%\\PuTTY\\Sessions\\",
                "rem reg query command",
                "Registry keys",
                "registry",
                "HKCU\\Software\\Classes\\http\\shell\\open\\command",
                "Registry keys",
                "HKEY_LOCAL_MACHINE\\HARDWARE\\DESCRIPTION\\System Registry key",
                "Registry",
                "Registry",
                "key SYSTEM\\CurrentControlSet\\Control\\Lsa Name",
                "HKEY_LOCAL_MACHINE\\SOFTWARE\\Microsoft\\Cryptography MachineGuid",
                "Registry key Software\\Microsoft\\Windows\\CurrentVersion\\Uninstall",
                "Registry keys",
                "KEY_CURRENT_USER\\Software\\Bitcoin\\Bitcoin-Qt\\strDataDir",
                "Registry keys",
                "keys",
                "registry values",
                "Registry values",
                "data",
                "HKLM\\System\\CurrentControlSet\\Services\\mssmbios\\Data\\SMBiosData Registry key",
                "Registry keys",
                "reg query command",
                "HKEY_CURRENT_USER\\Software\\Microsoft\\Terminal Server Client\\Default",
                "Registry",
                "Registry keys",
                "HKEY_LOCAL_MACHINE\\System\\CurrentControlSet\\Services\\Tcpip\\Parameters\\Interfaces",
                "registry keys",
                "\\REGISTRY\\SOFTWARE\\Microsoft\\DRM",
                "stored Registry values",
                "Registry keys",
                "HKCU",
                "HKLM",
                "Registry key",
                "HKEY_CURRENT_USER\\Software\\Bitcoin\\Bitcoin-Qt",
                "Registry key HKCU\\Software\\Microsoft\\Windows\\CurrentVersion\\Internet Settings",
                "Registry",
                "Registry",
                "values",
                "registry keys",
                "Registry keys",
                "Windows Registry",
                "RegisteredOwner, RegisteredOrganization, and InstallDate registry values",
                "Registry values",
                "Windows Registry",
                "Registry",
                "registry",
                "Registry",
                "Windows Registry",
                "Windows Registry",
                "reg query command",
                "Registry keys",
                "Windows Update Registry Run key",
                "Windows Registry",
                "Registry",
                "Registry",
                "HKCU\\Software\\KasperskyLab",
                "svchost group Registry key",
                "Registry",
                "registry",
                "values",
                "Registry keys",
                "Registry keys",
                "Registry",
                "HKLM:\\SOFTWARE\\Classes\\.wav\\OpenWithProgIds",
                "Registry",
                "Registry keys",
                "HKLM\\Software\\Policies\\Microsoft\\Windows\\Installer\\AlwaysInstallElevated",
                "HKCU\\Software\\Policies\\Microsoft\\Windows\\Installer\\AlwaysInstallElevated",
                "HKCU, HKLM, HKCR, and HKCC hives",
                "Registry keys",
                "Registry",
                "Registry values",
                "Registry keys",
                "values",
                "subkeys",
                "Registry keys",
                "HKCU\\Software\\Microsoft\\WindowsNT\\CurrentVersion\\Windows\\Load",
                "Software\\Microsoft\\Windows\\CurrentVersion\\Internet Settings",
                "Image File Execution Options registry key",
                "HKEY_CURRENT_USER\\Software\\Microsoft\\Office\\<Excel Version>\\Excel\\Security\\AccessVBOM\\",
                "Registry key",
                "HKEY_LOCAL_MACHINE\\SOFTWARE\\Microsoft\\MSDTC\\MTxOCI",
                "registry keys",
                "Registry key",
                "HKEY_CURRENT_USER\\Console\\QuickEdit",
                "Registry",
                "Registry keys",
                "Run keys",
                "Registry",
                "Registry",
                "Registry",
                "Registry",
                "Registry",
                "HKCR\\http\\shell\\open\\command",
                "registry",
                "Registry hives",
                "command reg query \"HKCU\\SOFTWARE\\Microsoft\\Windows\\CurrentVersion\\InternetSettings\"",
                "Registry key",
                "HKCU hive",
                "Registry",
                "Registry keys",
                "reg query \\\\<host>\\HKU\\<SID>\\Software\\Microsoft\\Windows\\CurrentVersion\\Internet Settings",
                "reg query \\\\<host>\\HKU\\<SID>\\SOFTWARE\\Microsoft\\Terminal Server Client\\Servers",
                "reg query command",
                "Registry",
                "Registry keys",
                "random files",
                "Registry",
                "Registry key",
                "HKLM\\Software\\Microsoft\\WindowsNT\\CurrentVersion ProductName",
                "Registry key",
                "HKLM\\HARDWARE\\DESCRIPTION\\System\\CentralProcessor\\0 ProcessorNameString",
                "registry value",
                "HKEY_LOCAL_MACHINE\\SOFTWARE\\Microsoft\\Cryptography\\MachineGuid",
                "Registry",
                "reg query \"HKEY_CURRENT_USER\\Software\\Microsoft\\Terminal Server Client\\Default\"",
                "reg query",
                "Registry key",
                "registry",
                "SOFTWARE\\MICROSOFT\\WindowsNT\\ CurrentVersion | ProductName",
                "Registry",
                "reg query hklm\\software\\",
                "Registry",
                "HKCU\\SOFTWARE\\Microsoft\\Windows\\CurrentVersion\\last_edate",
                "registry keys",
                "Uninstall registry values",
                "Registry",
                "Windows Registry",
                "Registry HKEY_LOCAL_MACHINE\\SYSTEM\\CurrentControlSet\\Services",
                "registry keys",
                "command regkeyenum",
                "Registry key HKEY_CURRENT_USER\\SOFTWARE\\Microsoft\\Windows\\CurrentVersion\\Run",
                "HKLM\\Software\\Microsoft\\Windows\\CurrentVersion\\spreadCpuXmr - %stratum info%",
                "registry"
            ],
            "label": "REGISTRY"
        },
        {
            "count": 66,
            "id": 2,
            "texts": [
                "PuTTY sessions",
                "rem reg query command",
                "backdoor",
                "tool",
                "embedded payload",
                "variant",
                "HOPLIGHT",
                "lsass.exe",
                "lsass.exe",
                "rdpproto",
                "installed software",
                "reg query command",
                "PowerSploit",
                "Privesc-PowerUp modules",
                "potential opportunities",
                "shellcode",
                "code",
                "native Windows API",
                "Threat Group-3390 tool",
                "Lazarus Group malware IndiaIndia",
                "Lazarus Group malware sample",
                "COM hijacking",
                "backdoor",
                "WMI",
                "PowerShell payloads",
                "reg query command",
                "null session",
                "pipes",
                "Reg",
                "modifications",
                "presence",
                "RegQueryValueExA.",
                "check_registry_keys",
                "environmental checks",
                "kernel driver loader",
                "kernel driver",
                "Stealth Falcon malware",
                "installed applications",
                "SILENTTRINITY",
                "GetRegValue function",
                "modules",
                "payload",
                "anti-sandbox checks",
                "RegEnumKeyW",
                "existence",
                "watchdog functionality",
                "executable",
                "Debugger",
                "preparation",
                "PcShare",
                "Reg",
                "installed programs",
                "RegQueryValueExA function",
                "code updates",
                "command reg query \"HKCU\\SOFTWARE\\Microsoft\\Windows\\CurrentVersion\\InternetSettings\"",
                "strains",
                "malware",
                "reg query command",
                "malware behavior",
                "security programs",
                "existence",
                "installed software",
                "presence",
                "antivirus programs",
                "data wiper component",
                "query searches"
            ],
            "label": "FUNCTION"
        },
        {
            "count": 67,
            "id": 3,
            "texts": [
                "values",
                "proxy server information",
                "user agent strings",
                "system information",
                "CPU speed",
                "system information",
                "proxy settings",
                "data value",
                "machine GUID",
                "bitcoin wallet",
                "keys",
                "registry values",
                "Registry values",
                "data",
                "System manufacturer value",
                "machine type",
                "values",
                "key",
                "keys",
                "proxy configurations information",
                "random file extensions",
                "encrypted files",
                "values",
                "registry keys",
                "Registry keys",
                "system information",
                "information",
                "victim information",
                "information",
                "value",
                "details",
                "netsvc group value data",
                "information",
                "values",
                "Registry keys",
                "event logs",
                "installed version",
                "software AutoRun values",
                "Win32 namespace",
                "values",
                "values",
                "subkeys",
                "ProxyServer string",
                "default programmatic access",
                "data",
                "data",
                "registry files",
                "proxy information",
                "information",
                "credentials",
                "configuration information",
                "UserClass.dat",
                "value",
                "name",
                "information",
                "Registry keys",
                "random files",
                "indicators",
                "product names",
                "processor description",
                "values",
                "OS product name",
                "information",
                "access",
                "information",
                "information",
                "stratum cryptomining information"
            ],
            "label": "DATA"
        },
        {
            "count": 27,
            "id": 4,
            "texts": [
                "default browser",
                "system",
                "system",
                "hard disk partitions",
                "compromised host",
                "system",
                "local or remote system",
                "command-line interface",
                "system",
                "compromised hosts",
                "compromised host",
                "kernel driver loader",
                "kernel driver",
                ".NET",
                "system",
                "system",
                "security setting",
                "UCOMIEnumConnections and IActiveScriptParseProcedure32 interfaces",
                "host",
                "compromised host",
                "default browser",
                "sandbox analysis",
                "compromised hosts",
                "compromised host",
                "compromised systems",
                "host",
                "compromised host"
            ],
            "label": "COMPONENT"
        },
        {
            "count": 9,
            "id": 5,
            "texts": [
                "which",
                "that",
                "part",
                "part",
                "part",
                "subkey",
                "ntuser.dat",
                "same",
                "Volt Typhoon"
            ],
            "label": "OTHER"
        },
        {
            "count": 15,
            "id": 6,
            "texts": [
                "key SYSTEM\\CurrentControlSet\\Control\\Lsa Name",
                "keys",
                "registry values",
                "Registry values",
                "data",
                "values",
                "key",
                "keys",
                "keys",
                "keys",
                "keys",
                "path",
                "key",
                "Service key",
                "keys"
            ],
            "label": "ENCRYPTION"
        },
        {
            "count": 4,
            "id": 7,
            "texts": [
                "C2",
                "null session",
                "pipes",
                "Terminal Services"
            ],
            "label": "NETWORK"
        },
        {
            "count": 5,
            "id": 8,
            "texts": [
                "path",
                "key",
                "Windows\\CurrentVersion\\Uninstall",
                "default browser path",
                "correct Startup path"
            ],
            "label": "DIRECTORY"
        },
        {
            "count": 1,
            "id": 9,
            "texts": [
                "victim"
            ],
            "label": "USER"
        }
    ],
    "graph_edges": [
        {
            "id": "0_1",
            "source": 0,
            "dest": 1,
            "count": 76
        },
        {
            "id": "0_2",
            "source": 0,
            "dest": 2,
            "count": 32
        },
        {
            "id": "0_3",
            "source": 0,
            "dest": 3,
            "count": 37
        },
        {
            "id": "3_1",
            "source": 3,
            "dest": 1,
            "count": 22
        },
        {
            "id": "1_3",
            "source": 1,
            "dest": 3,
            "count": 11
        },
        {
            "id": "3_4",
            "source": 3,
            "dest": 4,
            "count": 5
        },
        {
            "id": "0_5",
            "source": 0,
            "dest": 5,
            "count": 6
        },
        {
            "id": "2_3",
            "source": 2,
            "dest": 3,
            "count": 9
        },
        {
            "id": "2_1",
            "source": 2,
            "dest": 1,
            "count": 17
        },
        {
            "id": "1_2",
            "source": 1,
            "dest": 2,
            "count": 9
        },
        {
            "id": "3_6",
            "source": 3,
            "dest": 6,
            "count": 1
        },
        {
            "id": "2_4",
            "source": 2,
            "dest": 4,
            "count": 3
        },
        {
            "id": "0_4",
            "source": 0,
            "dest": 4,
            "count": 10
        },
        {
            "id": "4_1",
            "source": 4,
            "dest": 1,
            "count": 1
        },
        {
            "id": "0_6",
            "source": 0,
            "dest": 6,
            "count": 6
        },
        {
            "id": "1_6",
            "source": 1,
            "dest": 6,
            "count": 3
        },
        {
            "id": "5_2",
            "source": 5,
            "dest": 2,
            "count": 3
        },
        {
            "id": "1_5",
            "source": 1,
            "dest": 5,
            "count": 3
        },
        {
            "id": "5_7",
            "source": 5,
            "dest": 7,
            "count": 1
        },
        {
            "id": "6_2",
            "source": 6,
            "dest": 2,
            "count": 3
        },
        {
            "id": "2_0",
            "source": 2,
            "dest": 0,
            "count": 1
        },
        {
            "id": "1_4",
            "source": 1,
            "dest": 4,
            "count": 11
        },
        {
            "id": "4_2",
            "source": 4,
            "dest": 2,
            "count": 1
        },
        {
            "id": "3_2",
            "source": 3,
            "dest": 2,
            "count": 3
        },
        {
            "id": "6_7",
            "source": 6,
            "dest": 7,
            "count": 1
        },
        {
            "id": "2_5",
            "source": 2,
            "dest": 5,
            "count": 1
        },
        {
            "id": "3_7",
            "source": 3,
            "dest": 7,
            "count": 1
        },
        {
            "id": "0_8",
            "source": 0,
            "dest": 8,
            "count": 4
        },
        {
            "id": "8_2",
            "source": 8,
            "dest": 2,
            "count": 2
        },
        {
            "id": "8_4",
            "source": 8,
            "dest": 4,
            "count": 1
        },
        {
            "id": "6_4",
            "source": 6,
            "dest": 4,
            "count": 1
        },
        {
            "id": "2_6",
            "source": 2,
            "dest": 6,
            "count": 2
        },
        {
            "id": "4_3",
            "source": 4,
            "dest": 3,
            "count": 1
        },
        {
            "id": "3_5",
            "source": 3,
            "dest": 5,
            "count": 1
        },
        {
            "id": "1_9",
            "source": 1,
            "dest": 9,
            "count": 1
        },
        {
            "id": "5_1",
            "source": 5,
            "dest": 1,
            "count": 2
        },
        {
            "id": "5_3",
            "source": 5,
            "dest": 3,
            "count": 1
        },
        {
            "id": "6_1",
            "source": 6,
            "dest": 1,
            "count": 1
        }
    ],
    "verbs": {
        "execute": 5,
        "detect": 1,
        "use": 16,
        "obtain": 5,
        "from": 20,
        "query": 36,
        "for": 46,
        "get": 2,
        "by": 1,
        "retrieve": 5,
        "create": 1,
        "gather": 7,
        "decode": 1,
        "of": 20,
        "hook": 1,
        "check": 11,
        "under": 2,
        "on": 12,
        "enumerate": 7,
        "search": 7,
        "read": 5,
        "access": 4,
        "identify": 5,
        "contain": 4,
        "as": 6,
        "store in": 2,
        "decrypt": 1,
        "within": 5,
        "to": 3,
        "contain within": 1,
        "survey": 1,
        "discover": 1,
        "upon": 1,
        "in": 9,
        "with": 5,
        "hide in": 1,
        "associate with": 2,
        "at": 3,
        "make": 1,
        "locate in": 1,
        "find": 3,
        "about": 2,
        "load": 1,
        "determine": 2,
        "iterate": 1,
        "point": 1,
        "extract": 1,
        "restrict": 1,
        "relate to": 1,
        "set": 1,
        "collect": 3,
        "be": 1,
        "open": 2,
        "obscure": 1,
        "run": 1,
        "provide": 1,
        "have": 1,
        "perform": 1
    }
}