{
    "id": "T1027.002",
    "tech_id": "T1027.002",
    "tech_name": "Software Packing",
    "best_phrases": [],
    "tactics": [
        "TA0005"
    ],
    "features": [
        "FUNCTION",
        "DATA",
        "REGISTRY",
        "ENCRYPTION",
        "DIRECTORY",
        "NETWORK",
        "USER"
    ],
    "locations": [
        "macOS",
        "Windows",
        "Linux"
    ],
    "procedures": [
        "relationship--0bb1573c-f30f-449c-931e-c5de024e96f8",
        "relationship--0c5577aa-30c5-47f5-83f3-34260860e2b6",
        "relationship--1161865b-7120-4ca3-a4dd-6d1ee0e02609",
        "relationship--141d1c0d-2f56-4b56-8834-ca3dab22faf9",
        "relationship--1820202b-0994-452a-93e7-ce21496d2ab4",
        "relationship--191364fd-6564-4adc-a717-cfec6b13f438",
        "relationship--1c8951ff-5de9-4842-b889-0c439aa76e8f",
        "relationship--2155f707-de4f-4ef1-9982-1af90392af5f",
        "relationship--229e8b6e-6c16-406a-8def-7588aaae4fcb",
        "relationship--25df53ed-4a07-4e71-8a1b-a84a2571e043",
        "relationship--2909d2e7-ec59-4100-ad7a-f1197d419ae6",
        "relationship--295f4cf0-1fb7-4d60-8e15-af8f301d0e1b",
        "relationship--29dcecc6-83ea-4e82-b368-b54812157b41",
        "relationship--2a04cfdd-a27a-498c-bbe2-8677a13811e0",
        "relationship--2f507d82-1df4-4c9c-804a-2e6060944142",
        "relationship--30db098c-7e7b-42bc-b4dc-f2b54e7dde65",
        "relationship--31fb3ebe-3fc9-4257-b7d5-a1b12b54bbe3",
        "relationship--347b7512-1e76-456f-9f04-0179d056ca9a",
        "relationship--3be6aadd-ea5f-4910-a8a0-d1019977dc43",
        "relationship--3da56da6-08fe-406b-bd0d-cd4f72dd67f4",
        "relationship--3e36bc27-d1c1-4ccd-bf6d-2868843664c8",
        "relationship--3f42c6bd-332d-40b0-9e5f-ead557d021c9",
        "relationship--40c202ae-fd92-4506-b72a-5fb0e7bcf99a",
        "relationship--41d56dfa-e797-4bd1-826c-3e78d346f5ed",
        "relationship--4636d747-9b81-4139-b86d-6e4edbc4111e",
        "relationship--4bc2e50e-0753-497f-9ec0-af270abe2af1",
        "relationship--4cb25ac9-9eb9-47ee-b3f9-53c5a6365c46",
        "relationship--5344358d-8558-44b1-910d-cbb6d1aae714",
        "relationship--552c3e40-dbb9-4675-bc31-5436a15253d8",
        "relationship--573f3932-8435-4b4a-b138-d9c955495197",
        "relationship--583335b0-7d65-4fbb-aa41-3bbbd08598cd",
        "relationship--5ae4207c-95db-4a16-bfac-1d8daf29ba4a",
        "relationship--5d4f48e5-48a1-4ade-ae59-b34824b8181f",
        "relationship--5d8315ce-3c76-4b78-8d6a-f0b7b101bcc0",
        "relationship--60d3d7d8-408e-4663-b081-69fe66303983",
        "relationship--60db2ece-4f5e-4c47-a7eb-fd8bcf7ddc49",
        "relationship--61986499-5358-4edc-aab1-6a13ae0f7c06",
        "relationship--63ae56fe-04c2-41f5-a2be-c1880e67b490",
        "relationship--63e47b19-5fe4-485d-9544-ab90a66edf6d",
        "relationship--66c79e9f-7528-4a14-9525-866325b6abce",
        "relationship--68067ea4-1d06-4c3d-bee2-2c59f43d41f4",
        "relationship--6af4810f-3abe-43eb-92b0-ee8fefc2a4b9",
        "relationship--6ebb24bf-8e82-4824-8959-b6f4348d2efd",
        "relationship--7226ed2f-506e-4608-913f-953aca532413",
        "relationship--74f14668-7111-4f96-a307-4aac00d91cf4",
        "relationship--75d297b3-bd2e-4815-9c28-649f7f1d4a62",
        "relationship--78fc38f6-88ee-4f26-84e1-7532d95a4fbe",
        "relationship--79127e56-edbc-422b-9c32-72ce55f5ec04",
        "relationship--79bc2141-efac-4b6e-b53b-bb364393f1d5",
        "relationship--891a97f1-d3e2-45ff-a079-43dcad21a175",
        "relationship--89210061-1ce3-4fdf-af84-2afee2062296",
        "relationship--895a3c63-26d1-4846-8b8d-8f6b2c266910",
        "relationship--8a48e56d-f837-4a5a-99b6-db0f60b541a0",
        "relationship--97784aa6-4d45-4698-9acd-918bb0502e32",
        "relationship--9873626b-74e8-456d-9e34-95a313daa27b",
        "relationship--9877098c-6643-49fb-8b7c-72ea44718cae",
        "relationship--98aeed7c-e88b-4c5b-8e8e-21ee3534abe9",
        "relationship--998add45-ac31-4020-9179-5730f06ae9cd",
        "relationship--9ab85095-bac1-4b21-8e9d-e24c084af0d2",
        "relationship--a5347b54-6020-4e8e-acef-6428731cbd7d",
        "relationship--a78cd480-758b-4fb5-a60a-ecb86d837012",
        "relationship--ac88262c-e14d-4f52-a5df-bbddc6d5c1bc",
        "relationship--ae5e7681-f93e-4b5f-80f9-8235a9015e7f",
        "relationship--afe14ecc-81be-4724-aea6-cc1266425d1a",
        "relationship--b01660bb-1725-42f4-9419-495b8710e930",
        "relationship--b703258a-ea4b-4778-9b98-b053bd16a959",
        "relationship--c2266528-a862-4fc0-bfa1-4fb1d48daa56",
        "relationship--c241606f-e0e2-4179-8e8d-444fb1406df4",
        "relationship--c63696bf-8b36-4366-9c3f-7a2d0053c481",
        "relationship--c6467df1-e2fd-4fff-b647-606be50a9078",
        "relationship--c90424e7-4d58-4b2f-b72e-fc630a1a8199",
        "relationship--c9747fcc-b249-49cc-8f8b-aad9e89bdc31",
        "relationship--cbaf6578-b0f6-4d48-86c1-bfe5089b1b1f",
        "relationship--cbb27eed-2e1c-4675-a077-28765060b349",
        "relationship--d4c5a3a8-203d-4201-80fa-48b5ac9a533f",
        "relationship--d5c6c2bd-e49f-4d88-9351-a1c3d7f3ef99",
        "relationship--d9d86c0c-6ee9-4fdc-bb9b-6d331a44bbde",
        "relationship--dd2ef18a-1072-4f5b-a360-a01017b421e2",
        "relationship--df0d3103-a054-43a5-9b18-d40977171736",
        "relationship--df4bb33c-a98d-4c02-a160-ce3cfd36f291",
        "relationship--e7169b87-569a-4433-b7f5-f4cdfb43d8fa",
        "relationship--ec62edb4-a463-46f8-82de-1a893caceb5e",
        "relationship--ee6b93d4-71f1-4d8c-bc2d-3cbb9b30c866",
        "relationship--ef1cdbe7-29c9-4be9-a3f7-96e5b7bae031",
        "relationship--f278e83c-f93e-403d-a088-30c4d9d3f984",
        "relationship--f8c27264-e42d-48fd-9a18-4b275383f155",
        "relationship--f8f63dca-91a1-4bbf-811c-4ed083b36246",
        "relationship--ff4e1b0e-eea2-4329-aecc-e5353be8c1f4"
    ],
    "graph_nodes": [
        {
            "count": 74,
            "id": 0,
            "texts": [
                "GoldMax",
                "Lokibot",
                "Cuba",
                "APT41",
                "Raindrop",
                "White Company",
                "Uroburos",
                "Spark",
                "NETWIRE",
                "Machete",
                "AppleSeed",
                "Dok",
                "Kimsuky",
                "Dark Caracal",
                "KONNI",
                "threat actors",
                "threat actors",
                "Astaroth",
                "Aoqin Dragon",
                "APT39",
                "Hildegard",
                "Egregor",
                "TA505",
                "threat actors",
                "TrickBot",
                "Lucifer",
                "GALLIUM",
                "TeamTNT",
                "APT38",
                "SDBbot",
                "Tomiris",
                "CostaBricks",
                "Clop",
                "FatDuke",
                "Saint Bot",
                "Torisma",
                "HotCroissant",
                "SeaDuke",
                "BLINDINGCAN",
                "Rocke",
                "OSX_OCEANLOTUS.D",
                "Ember Bear",
                "attacker",
                "Zebrocy",
                "HyperBro",
                "LiteDuke",
                "H1N1",
                "Sandworm Team",
                "Valak",
                "DRATzarus",
                "ShimRat",
                "ZIRCONIUM",
                "Bisonal",
                "Lazarus Group",
                "Squirrelwaffle",
                "DarkComet",
                "Dyre",
                "SysUpdate",
                "Melcoz",
                "Metamorfo",
                "Threat Group-3390",
                "yty",
                "Emotet",
                "OopsIE",
                "Mongall",
                "Misdat",
                "FYAnti",
                "QakBot",
                "IcedID",
                "APT3",
                "Anchor",
                "Elderwood",
                "Bazar",
                "APT29"
            ],
            "label": "ACTOR"
        },
        {
            "count": 143,
            "id": 1,
            "texts": [
                "obfuscation",
                "packing methods",
                "obfuscation",
                "packed payload",
                "client component",
                "UPX",
                "VMProtect",
                "reverse engineering",
                "binaries",
                "custom packer",
                "Cobalt Strike payload",
                "LZMA algorithm",
                "payloads",
                "custom packer",
                "Enigma Protector",
                ".NET packer",
                ".NET packer tools",
                "detection",
                "NSIS",
                "UPX packers",
                "Daserf",
                "MPRESS packer",
                "UPX executable packer",
                "UPX",
                "malware",
                "Bandook",
                "obfuscation",
                "software",
                "tools",
                "packers",
                "CyaX",
                "executables",
                "software packer",
                "Pe123\\RPolyCryptor",
                "Themida packer",
                "payloads",
                "Trojan.Karagany samples",
                "binary packers",
                "UPX",
                "Aspack",
                "custom Delphi binary packer",
                "malware plugins",
                "Themida",
                "FinFisher variant",
                "custom packer",
                "tools",
                "UPX",
                "anti-virus detection",
                "Mimikatz",
                "Babuk",
                "ELF files",
                "binaries",
                "payloads",
                "analysis",
                "UPX",
                "code",
                "UPX",
                "payloads",
                "custom packer",
                "functionality",
                "UPX packed binaries",
                "payloads",
                "packers",
                "Donut",
                "packed code modules",
                "UPX",
                "Ezuri packer",
                "binaries",
                "Enigma",
                "Themida",
                "Obsidium",
                "VMProtect",
                "code packing methods",
                "implants",
                "UPX",
                "custom-built virtual machine mechanism",
                "code",
                "detection",
                "operators",
                "binaries",
                "detection",
                "open source UPX executable packer",
                "UPX packer",
                "miner",
                "variant",
                "UPX",
                "malware",
                "detection",
                "Patchwork payload",
                "UPX",
                "jRAT payloads",
                "Delphi variant",
                "UPX",
                "payload",
                "S-Type samples",
                "UPX",
                "custom packing algorithm",
                "UPX",
                "Mimikatz",
                "packed DLL payloads",
                "dropper",
                "UPX",
                "loader",
                "multi-stage packers",
                "exploit code",
                "tools",
                "MPRESS packer",
                "obfuscation",
                "Themida",
                "detection",
                "UPX",
                "custom packer",
                "payloads",
                "option",
                "payload",
                "MPRESS",
                "UPX",
                "VMProtect",
                "VMProtect",
                "tools",
                "malware",
                "VMProtect",
                "plugin",
                "UPX",
                "custom packers",
                "payloads",
                "SmartAssembly obfuscator",
                "embedded .Net Framework assembly",
                "CSPY Downloader",
                "UPX",
                "Themida",
                "UPX",
                "ConfuserEx",
                ".NET module",
                "payloads",
                "loader module",
                "tools",
                "packed payload",
                "delivery",
                "malware payloads",
                "variant",
                "packed payload",
                "UPX"
            ],
            "label": "FUNCTION"
        },
        {
            "count": 7,
            "id": 2,
            "texts": [
                "Chopper",
                "packing",
                "TA2541",
                "top",
                "MoustachedBouncer",
                "that",
                "layers"
            ],
            "label": "OTHER"
        },
        {
            "count": 13,
            "id": 3,
            "texts": [
                "contents",
                "files",
                "version",
                "modified version",
                "Versions",
                "types",
                "packed installer file",
                "UPX-packed files",
                "copy",
                ".db files",
                "encrypted resources",
                "files",
                "files"
            ],
            "label": "DATA"
        },
        {
            "count": 3,
            "id": 4,
            "texts": [
                "payload DLL",
                "compressed ShimRat core DLL",
                "ZeroT DLL files"
            ],
            "label": "REGISTRY"
        },
        {
            "count": 3,
            "id": 5,
            "texts": [
                "dark market crypter",
                "Iz4 compression",
                "encryption"
            ],
            "label": "ENCRYPTION"
        },
        {
            "count": 1,
            "id": 6,
            "texts": [
                "Windows Start Menu Folder"
            ],
            "label": "DIRECTORY"
        },
        {
            "count": 1,
            "id": 7,
            "texts": [
                "C2"
            ],
            "label": "NETWORK"
        },
        {
            "count": 1,
            "id": 8,
            "texts": [
                "victims"
            ],
            "label": "USER"
        }
    ],
    "graph_edges": [
        {
            "id": "0_1",
            "source": 0,
            "dest": 1,
            "count": 85
        },
        {
            "id": "1_2",
            "source": 1,
            "dest": 2,
            "count": 4
        },
        {
            "id": "0_3",
            "source": 0,
            "dest": 3,
            "count": 9
        },
        {
            "id": "2_1",
            "source": 2,
            "dest": 1,
            "count": 4
        },
        {
            "id": "2_3",
            "source": 2,
            "dest": 3,
            "count": 1
        },
        {
            "id": "0_4",
            "source": 0,
            "dest": 4,
            "count": 1
        },
        {
            "id": "1_4",
            "source": 1,
            "dest": 4,
            "count": 2
        },
        {
            "id": "3_1",
            "source": 3,
            "dest": 1,
            "count": 7
        },
        {
            "id": "1_0",
            "source": 1,
            "dest": 0,
            "count": 6
        },
        {
            "id": "0_5",
            "source": 0,
            "dest": 5,
            "count": 2
        },
        {
            "id": "1_3",
            "source": 1,
            "dest": 3,
            "count": 1
        },
        {
            "id": "1_6",
            "source": 1,
            "dest": 6,
            "count": 1
        },
        {
            "id": "3_6",
            "source": 3,
            "dest": 6,
            "count": 1
        },
        {
            "id": "0_2",
            "source": 0,
            "dest": 2,
            "count": 1
        },
        {
            "id": "2_5",
            "source": 2,
            "dest": 5,
            "count": 1
        },
        {
            "id": "4_1",
            "source": 4,
            "dest": 1,
            "count": 1
        },
        {
            "id": "1_7",
            "source": 1,
            "dest": 7,
            "count": 1
        },
        {
            "id": "1_8",
            "source": 1,
            "dest": 8,
            "count": 1
        }
    ],
    "verbs": {
        "for": 12,
        "use": 40,
        "have": 4,
        "of": 14,
        "with": 28,
        "slow": 1,
        "obfuscate": 7,
        "by": 1,
        "evade": 3,
        "pack": 21,
        "on": 2,
        "pack with": 1,
        "repacke": 2,
        "thwart": 1,
        "into": 2,
        "prevent": 1,
        "obscure": 1,
        "generate": 1,
        "implement": 1,
        "avoid": 2,
        "create": 2,
        "in": 2,
        "hide": 1,
        "compress": 1,
        "protect": 2,
        "use for": 1,
        "encrypt": 1,
        "before": 2,
        "to": 1
    }
}