{
    "id": "T1021.002",
    "tech_id": "T1021.002",
    "tech_name": "SMB/Windows Admin Shares",
    "best_phrases": [],
    "tactics": [
        "TA0008"
    ],
    "features": [
        "DATA",
        "FUNCTION",
        "NETWORK",
        "COMPONENT",
        "USER"
    ],
    "locations": [
        "Windows"
    ],
    "procedures": [
        "relationship--00789efc-c0c5-4bc2-96ad-9f893bf9c06d",
        "relationship--046310ee-386b-4ed6-a623-6436341b8b8c",
        "relationship--0512a63b-58c8-4b0c-b2b4-e4da562cee5f",
        "relationship--0feab3d1-4d0d-4543-bbc1-63505eda12f8",
        "relationship--1bc150db-66ca-4361-84a2-2dd0f104790f",
        "relationship--1ec9706f-7faa-466d-afd0-97cc71714f7b",
        "relationship--2251345d-d828-4768-b8f0-4a4ddd8e41ca",
        "relationship--27102940-8ec1-42ad-98e5-57dc24b572eb",
        "relationship--2bb3c950-2099-4d7d-ac13-05a1470fc3c6",
        "relationship--38ea7367-26e7-4a6a-b735-e98e3a35450a",
        "relationship--39808511-28ac-4cff-b6b4-49d996855e8a",
        "relationship--3c1dbc6c-c608-4745-8cd2-863b4d56fabe",
        "relationship--42d2f816-9db2-47bf-9481-3065d038725d",
        "relationship--44232d0d-5a86-4662-8934-054fcc9afbb3",
        "relationship--4a6248d4-4fa1-404a-abed-84e9b7c32dbe",
        "relationship--4dd44f72-a08e-4dac-9875-98690508ed08",
        "relationship--53d7b242-3ed6-4281-9829-e25d425e28fe",
        "relationship--57d595d2-4363-4816-826e-91e45dd364e5",
        "relationship--5d5bda78-ea1a-4e73-b663-6105b77728bb",
        "relationship--62a2b674-1eb3-4a9f-ac4f-2766c077eb58",
        "relationship--65e9d954-30d8-4354-ad5c-3a6d69867a7e",
        "relationship--6ecd51f2-d57d-4daa-a98f-764b9b3ddac1",
        "relationship--717442d5-dd5a-4658-87e1-33f727dd1fa2",
        "relationship--78e4027f-b5ff-4cb3-8b27-ab931baf3476",
        "relationship--7ed0bce7-c9b1-4c48-9e42-930f6006fa4d",
        "relationship--82e1cb6f-7528-430f-8e8e-fc3213f25402",
        "relationship--8d7cd505-3b0e-4e90-bf47-6552612958dc",
        "relationship--9663d78b-0a81-42af-93b0-8e62cc3af2d7",
        "relationship--96797ece-5783-4d34-a399-32496c8705ac",
        "relationship--a2423ac3-94b4-4936-962b-06562115cb70",
        "relationship--a83e6a0f-fc31-472f-bffd-135dfc5ce683",
        "relationship--b98c506f-3dd3-45c1-b81a-3e23bcfe6198",
        "relationship--bf4d368e-202d-4bd2-9ffe-013ca6104e05",
        "relationship--bfdffc50-dba0-41d1-a332-0a02a0a8de07",
        "relationship--c6c086b1-65b6-45ba-ba86-7ccd7f2849d3",
        "relationship--d486dd75-bb96-44e6-9898-c256b9f1b8ba",
        "relationship--ddf5cb3a-6cfa-40c8-8992-396329632f14",
        "relationship--e09c37a3-ae23-403e-93d5-aef4953bd43c",
        "relationship--e6cafa6a-22ce-49f7-8136-dc5a51c3aaeb",
        "relationship--e89d06bc-31f3-49c0-a555-360eeff7f7c6",
        "relationship--ef5479d8-f8f3-4754-989e-9930a245899c",
        "relationship--f08b8e20-4dda-4ced-8e9d-f0a5e4ebcc52",
        "relationship--f43ab4db-5dea-4a1f-977a-f5d779330193",
        "relationship--f7ebcffb-0397-430b-a19f-0f2f842d79ed",
        "relationship--fa82d7c2-bdc5-4945-9d59-5b40eb9a7454",
        "relationship--fe028d0f-b02e-4856-8593-c71a07b9519b"
    ],
    "graph_nodes": [
        {
            "count": 40,
            "id": 0,
            "texts": [
                "Conti",
                "Moses Staff",
                "Threat Group-1314 actors",
                "HermeticWizard",
                "Emotet",
                "zwShell",
                "Ryuk",
                "adversaries",
                "Wizard Spider",
                "Shamoon",
                "APT41",
                "APT39",
                "Royal",
                "Ke3chang actors",
                "NotPetya",
                "Turla",
                "Diavol",
                "BlackEnergy",
                "APT29",
                "Chimera",
                "Fox Kitten",
                "Zox",
                "Sandworm Team",
                "threat actors",
                "Adversaries",
                "Kwampirs",
                "APT3",
                "FIN8",
                "Blue Mockingbird",
                "APT32",
                "Stuxnet",
                "Cobalt Strike",
                "Olympic Destroyer",
                "Orangeworm",
                "Net Crawler",
                "Lucifer",
                "Sandworm Team",
                "Deep Panda",
                "Anchor",
                "APT28"
            ],
            "label": "ACTOR"
        },
        {
            "count": 32,
            "id": 1,
            "texts": [
                "SMB",
                "entire network",
                "SMB",
                "SMB",
                "SMB",
                "network",
                "SMB",
                "network",
                "local network",
                "SMB",
                "SQL servers",
                "application servers",
                "SMB",
                "SMB",
                "compromised networks",
                "SMB",
                "communication",
                "ADMIN$",
                "Windows Admin Shares",
                "C$",
                "SMB",
                "ADMIN$",
                "C$",
                "ADMIN$",
                "open network shares",
                "D$WINDOWS",
                "E$WINDOWS",
                "WINDOWS",
                "C$",
                "SMB",
                "SMB",
                "SMB"
            ],
            "label": "NETWORK"
        },
        {
            "count": 48,
            "id": 2,
            "texts": [
                "files",
                "hardcoded credentials",
                "SMB shares",
                "Admin$, C$, and IPC$ shares",
                "network shares",
                "C$ network share",
                "ADMIN$ network share",
                "network shares",
                "share access",
                "implant files",
                "Windows Admin Shares",
                "files",
                "network shares",
                "ADMIN$ network share",
                "admin shares",
                "administrative accounts",
                "Windows admin shares",
                "valid accounts",
                "SMB shares",
                "ADMIN$ share",
                "network shares",
                "C$ and IPC$ shares",
                "legitimate credentials",
                "shares",
                "compromised credentials",
                "network shares",
                "files",
                "ADMIN$",
                "Windows Admin Shares",
                "credentials/context",
                "Windows admin shares",
                "files",
                "hidden network shares",
                "network shares",
                "Window admin shares",
                "ADMIN$ network share",
                "ADMIN$",
                "open network shares",
                "D$WINDOWS",
                "E$WINDOWS",
                "WINDOWS",
                "C$",
                "ADMIN$ share",
                "Windows admin shares",
                "network shares",
                "network shares",
                "compromised credentials",
                "Net and administrator credentials"
            ],
            "label": "DATA"
        },
        {
            "count": 26,
            "id": 3,
            "texts": [
                "hosts",
                "compromised host",
                "network drives",
                "remote systems",
                "remote systems",
                "target system",
                "target device",
                "computers",
                "remote systems",
                "lateral systems",
                "remote systems",
                "remote host",
                "remote machines",
                "remote hosts",
                "Windows",
                "remote machines",
                "remote systems",
                "ADMIN$",
                "open network shares",
                "D$WINDOWS",
                "E$WINDOWS",
                "WINDOWS",
                "C$",
                "remote systems",
                "windows",
                "network drives"
            ],
            "label": "COMPONENT"
        },
        {
            "count": 44,
            "id": 4,
            "texts": [
                "batch scripts",
                "net use",
                "NTLMSSP",
                "tool",
                "programs",
                "PsExec",
                "commands",
                "Cobalt Strike Beacon",
                "domain controller",
                "executable payload",
                "Scheduled Task/Job",
                "malware",
                "PsExec",
                "commands",
                "net use commands",
                "plug-in",
                "PsExec",
                "Brute Ratel C4",
                "NetBIOS share propagation",
                "Conficker variants",
                "payloads",
                "net use",
                "smbexec.py",
                "Impacket",
                "Duqu",
                "keylogging",
                "means",
                "task",
                "Net by net use commands",
                "Net",
                "net use",
                "Regin malware platform",
                "Windows Explorer",
                "Net",
                "tools",
                "command",
                "PsExec",
                "commands",
                "backdoor",
                "Lazarus Group malware SierraAlfa",
                "authenticated sessions",
                "net use",
                "net.exe",
                "net use commands"
            ],
            "label": "FUNCTION"
        },
        {
            "count": 12,
            "id": 5,
            "texts": [
                "that",
                "which",
                "FIN13",
                "itself",
                "keylogging",
                "means",
                "itself",
                "part",
                "the",
                "scope",
                "smbexec",
                "part"
            ],
            "label": "OTHER"
        },
        {
            "count": 2,
            "id": 6,
            "texts": [
                "victim",
                "victims"
            ],
            "label": "USER"
        }
    ],
    "graph_edges": [
        {
            "id": "0_1",
            "source": 0,
            "dest": 1,
            "count": 15
        },
        {
            "id": "0_2",
            "source": 0,
            "dest": 2,
            "count": 30
        },
        {
            "id": "0_3",
            "source": 0,
            "dest": 3,
            "count": 8
        },
        {
            "id": "2_3",
            "source": 2,
            "dest": 3,
            "count": 7
        },
        {
            "id": "0_4",
            "source": 0,
            "dest": 4,
            "count": 27
        },
        {
            "id": "4_1",
            "source": 4,
            "dest": 1,
            "count": 6
        },
        {
            "id": "1_3",
            "source": 1,
            "dest": 3,
            "count": 1
        },
        {
            "id": "5_3",
            "source": 5,
            "dest": 3,
            "count": 1
        },
        {
            "id": "4_2",
            "source": 4,
            "dest": 2,
            "count": 11
        },
        {
            "id": "4_3",
            "source": 4,
            "dest": 3,
            "count": 8
        },
        {
            "id": "5_2",
            "source": 5,
            "dest": 2,
            "count": 4
        },
        {
            "id": "3_1",
            "source": 3,
            "dest": 1,
            "count": 1
        },
        {
            "id": "4_6",
            "source": 4,
            "dest": 6,
            "count": 1
        },
        {
            "id": "0_6",
            "source": 0,
            "dest": 6,
            "count": 2
        },
        {
            "id": "5_1",
            "source": 5,
            "dest": 1,
            "count": 2
        },
        {
            "id": "0_5",
            "source": 0,
            "dest": 5,
            "count": 5
        },
        {
            "id": "2_4",
            "source": 2,
            "dest": 4,
            "count": 1
        },
        {
            "id": "2_5",
            "source": 2,
            "dest": 5,
            "count": 2
        },
        {
            "id": "3_2",
            "source": 3,
            "dest": 2,
            "count": 1
        },
        {
            "id": "3_4",
            "source": 3,
            "dest": 4,
            "count": 1
        },
        {
            "id": "2_1",
            "source": 2,
            "dest": 1,
            "count": 3
        },
        {
            "id": "4_5",
            "source": 4,
            "dest": 5,
            "count": 2
        }
    ],
    "verbs": {
        "by": 4,
        "encrypt": 1,
        "on": 12,
        "compromise": 1,
        "use": 35,
        "enable": 2,
        "map": 3,
        "authenticate": 1,
        "over": 5,
        "write": 2,
        "to": 15,
        "execute": 6,
        "drop": 1,
        "access": 5,
        "copy": 9,
        "transfer": 1,
        "of": 5,
        "interact": 2,
        "with": 2,
        "connect": 5,
        "within": 1,
        "byout": 1,
        "spread": 2,
        "run": 2,
        "pivot": 1,
        "for": 2,
        "instruct": 1,
        "infect": 2,
        "obtain": 2,
        "via": 1,
        "schedule": 1,
        "as": 3,
        "connect to": 1,
        "test": 1,
        "across": 2,
        "establish": 1,
        "bruteforce": 1,
        "utilize": 1,
        "any": 1
    }
}