{
    "id": "T1027",
    "tech_id": "T1027",
    "tech_name": "Obfuscated Files or Information",
    "best_phrases": [],
    "tactics": [
        "TA0005"
    ],
    "features": [
        "FUNCTION",
        "DATA",
        "ENCRYPTION",
        "NETWORK",
        "COMPONENT",
        "REGISTRY",
        "USER",
        "DIRECTORY"
    ],
    "locations": [
        "Linux",
        "macOS",
        "Windows"
    ],
    "procedures": [
        "relationship--0051db4d-9eb9-4b22-93a5-b6593176da75",
        "relationship--00f44cd5-9afc-472f-9743-251d243798a0",
        "relationship--0112eb25-7f6c-49cd-95c8-bf0d49f7c380",
        "relationship--01323439-5287-43cd-b7d9-750e606db602",
        "relationship--016dc21c-ade9-43cc-9d88-a0c4c0891ccc",
        "relationship--021c3289-43bb-4787-9d7e-6ad17b3ce84f",
        "relationship--02eba953-12a6-434a-bc67-2337864cf560",
        "relationship--034b1ca2-8202-4eb9-9fbe-b519ed3dd5a8",
        "relationship--03cd94c9-73aa-4eed-b724-629d180e3002",
        "relationship--06f16826-1100-4958-86e3-784a22998060",
        "relationship--081406d8-0486-4bfe-8d99-cd505f5cceb6",
        "relationship--0b58e2e5-9be5-4132-a65f-19db8acd7033",
        "relationship--0c533013-a72e-4aef-bd19-8ea9ea415189",
        "relationship--0c81e49d-53be-4fba-9a07-ec2fe5501267",
        "relationship--0dd73de5-d615-4455-a552-ff382ec75e82",
        "relationship--1098fd1c-b615-4730-bc99-3cda386f2e4c",
        "relationship--10d22e64-01ff-4302-a615-ee23970d86ae",
        "relationship--117ca63e-7fdb-41e6-9f4b-e19a0e889061",
        "relationship--11ea144c-253e-4f68-bb2c-1f942cba6b54",
        "relationship--1330d8a5-c8be-4579-8a91-4cfda860ea0a",
        "relationship--142ef662-460f-4082-8f76-f08dd312bc30",
        "relationship--17087e76-4d84-443e-8fb1-0ec6498681db",
        "relationship--1793516c-a4dd-4726-9bb3-c3b2bbecc605",
        "relationship--194d773b-a9b6-43fc-8113-8e120be95c5c",
        "relationship--1b143de7-af2d-4991-9e2e-aa85a8d7d330",
        "relationship--1f8be617-c842-4828-a352-9d5eafb8f477",
        "relationship--1ffbf752-ed3a-47bb-8351-92ed7118dc5d",
        "relationship--20196489-8426-4cb7-a8f0-ca51bef7a385",
        "relationship--206ef2a2-192c-4739-a1bf-b5616dcacfed",
        "relationship--2329d963-f01b-46bd-8868-99cf436a508a",
        "relationship--23b77b77-e100-4ac2-93b9-b900a04844cd",
        "relationship--23bd8e78-b20d-41bd-acfb-5ed356b327b2",
        "relationship--249e7812-394b-44b0-adb7-d922139f7c38",
        "relationship--25b8b66a-a9d0-4400-8b41-dd12208a25de",
        "relationship--266a5edd-1425-4ab1-88bf-a0d7897699eb",
        "relationship--2729dc4f-b327-4a13-a07c-39e8b1b39288",
        "relationship--277971c7-d42e-497f-8df4-be5b4bc094f8",
        "relationship--27f8b192-9e86-49dc-abca-5bda3f8f7e89",
        "relationship--284d622d-8b28-4569-97a7-936edced1b18",
        "relationship--28c56887-5dbb-4269-b783-8a7f8d4c9204",
        "relationship--28e637e9-480a-443b-82d7-13b7e2968733",
        "relationship--290a1ceb-68e1-42ae-be81-f474038aaa05",
        "relationship--291b7fbf-5b5f-460a-8009-cadb383b3262",
        "relationship--297b069f-7d1b-4335-9363-c73bd823c322",
        "relationship--2a3a4c9d-36d5-42c9-9375-063772d70e88",
        "relationship--2a82c4cf-5c04-41b9-bfa4-c5e00d288eed",
        "relationship--2b00f3f4-ddde-4874-8315-5a5c5d671a33",
        "relationship--2bff8dad-2ef1-485c-8c0b-62a5ba4c384b",
        "relationship--2c7d090e-09a1-4a45-baf4-b13790b483f6",
        "relationship--2e0eb5e4-37a3-435d-bdac-01f72b8cec4c",
        "relationship--2e165a8a-928e-488e-ad16-afb77a94b460",
        "relationship--2e8b176a-b8a8-4bd0-8542-97ff009c673c",
        "relationship--2f884873-308c-4bee-94bd-90bb2267fea7",
        "relationship--2f96597c-70d9-41ba-b019-fb7510d3d732",
        "relationship--315aab88-9b01-4a70-8f8c-173a3f29e79c",
        "relationship--32035519-2c91-4fc2-a9c4-64c766510374",
        "relationship--32e947a4-cbd3-45a8-ae74-7e51edf84d81",
        "relationship--342502b6-c8fc-4ed5-ba10-209a824b78ed",
        "relationship--371958b3-0a01-48a4-b035-3a9d44b17388",
        "relationship--37451dee-6837-46c5-a9e5-ff64f26f66d2",
        "relationship--374d1cee-7c9c-4b3b-8e75-8a5c4caf9d47",
        "relationship--383a50af-eeeb-40e5-b4df-8a1a9c5baa69",
        "relationship--388b7632-476a-4194-be77-451ba13bcb10",
        "relationship--388ebc0a-6839-4b03-959c-766c1893cf64",
        "relationship--38cf696a-f98d-4b32-a9f1-0183bd78b6d2",
        "relationship--394d53b3-da1c-44b4-8abf-e1092f34c8be",
        "relationship--3979ca39-09a1-4a2b-a7d3-2eca5f1fb166",
        "relationship--3a299dae-7ee2-4e5e-8be6-eb014f58205b",
        "relationship--3a86072e-4ca6-4b5d-bf31-b17c250f572e",
        "relationship--3afd226c-934f-44fd-8194-9a6dee5cba59",
        "relationship--3c92a16b-9f72-4f79-a656-e79c6c04e48f",
        "relationship--3f29b80a-0444-4664-8faa-58a39de9264e",
        "relationship--40772ec1-2f25-425f-aad5-635f64ba8fd2",
        "relationship--41118997-c45e-4123-be61-1b0c5d456256",
        "relationship--41c20ce1-3b9d-4293-a203-a4196d307c59",
        "relationship--4224d1f3-e634-4aa1-a6a5-bad5c1e81604",
        "relationship--426db174-3cc4-4f9c-ae34-6398a86ec3bd",
        "relationship--4272f467-c1b9-412e-9092-6340f4bdf847",
        "relationship--43908728-be5a-4bdf-a13e-8d373c1fc4fd",
        "relationship--43edea0b-efb8-41ab-bdda-f5aa62de439f",
        "relationship--44b10433-b9b4-46d1-825b-6fe4183dc9c0",
        "relationship--4527c528-8377-4349-ae5c-95c04cabd3d4",
        "relationship--45803290-efab-46d3-873d-0c4f19f5e406",
        "relationship--4642135b-65d9-4b61-b25c-648c674c02dc",
        "relationship--464e688d-b243-4619-a60b-1be6e2d6a827",
        "relationship--4786019e-e2d4-4d31-94fa-b9ec19e65fa4",
        "relationship--47fdcab0-5aca-4685-a2d8-8e743e3c4494",
        "relationship--48e36609-a492-43a6-b0ab-c27ce106b0e6",
        "relationship--49df789a-5d6c-4820-af9f-7c4484531680",
        "relationship--4a339bd7-d356-44fb-9677-8f082af2fc11",
        "relationship--4a79cc78-872f-49f0-80c5-20f1b2dcd9f2",
        "relationship--4ad9aa86-f489-4f0f-926f-f381221c3705",
        "relationship--4afcb9c9-e490-446b-97b1-1c151974242f",
        "relationship--4b2fa1ed-6c4f-4974-a44e-beeadf3a887c",
        "relationship--4bb228b7-a456-426a-9be0-68a8a8a1b2d0",
        "relationship--4d10ce98-d1c1-4e26-84c3-a309e7c30313",
        "relationship--4d7e8d98-9894-4dfa-9013-af8d83e6faea",
        "relationship--4ee9fd95-d2c8-4d34-87d2-bf1f5ef54061",
        "relationship--4f061157-0a1d-4c2d-9bd3-e5b0b932a39f",
        "relationship--4ff492bf-f91d-445d-a29e-6e60c67a05c1",
        "relationship--5077f774-95a4-459e-b88c-cb3a4dd5c8c6",
        "relationship--537fb955-d073-4ec1-a524-a0109ed18e85",
        "relationship--53d441a4-d6ba-46b2-aa56-91b3f232c67a",
        "relationship--53e89989-29a6-461f-854c-42eb96b221b3",
        "relationship--544b4f94-a1b6-49cd-adf8-c0b6499e8acd",
        "relationship--54784a8e-d827-4761-87ce-68ed55cc25f9",
        "relationship--549fdc30-5269-48ee-9dc8-60db8deb836a",
        "relationship--54f9c8a5-0677-4be8-bd72-a6a096be00bd",
        "relationship--5550ef5e-a34c-4055-b7be-dd41d76ef7b1",
        "relationship--555ae36b-6066-43e1-bea4-d891c1db5835",
        "relationship--569815f7-4a3f-47f3-8903-0b0b2d409c3c",
        "relationship--56c927c5-f64e-4b31-9a14-7ce78fd1c8a1",
        "relationship--570df7f7-f2d5-4de9-ba74-4adfa99e980f",
        "relationship--573916d8-804d-4453-be37-e6b1865e87db",
        "relationship--573e7f53-26e9-4eae-af0e-308d11192f57",
        "relationship--57c72f80-38bf-48b4-9f5d-eefef4025e34",
        "relationship--58d4910f-9d51-4961-84eb-9ef0ee2e8bc3",
        "relationship--594a13ec-9187-4410-95a2-99684183200f",
        "relationship--59cccc5a-f6f9-4a2f-aa74-2b7235b1855c",
        "relationship--59df5f14-e570-417e-8184-e8e7c6c1ea75",
        "relationship--5bddc9b3-eaa0-487b-9d62-25a2a5fbb11a",
        "relationship--5ef1c7d8-70bc-4634-b705-644f4d1db3b0",
        "relationship--5fa15bc3-e7ec-4617-bf30-b5258af8b2ec",
        "relationship--604fa5ae-0a32-45d7-9b9b-595fb43688b6",
        "relationship--612656af-ca71-420c-b013-d1f01c5091a1",
        "relationship--62e35388-0f7d-4434-af87-6f6c09a1a12b",
        "relationship--658fcd28-934d-4077-b93e-89af9512de5f",
        "relationship--6610332d-86a5-46dc-a0a1-31c2fe31f164",
        "relationship--6610cf22-0a8c-4c30-bc6f-817b8cf29e61",
        "relationship--662e03e7-a7bb-4c5b-ada4-e00275885fbb",
        "relationship--662f14ec-90c6-48f7-98c6-ba028ca38621",
        "relationship--67dbfc12-982f-4d14-a3d7-efa45644ecf3",
        "relationship--68b067cc-813f-4205-9de7-a8d6e4c8dd20",
        "relationship--68bbad6c-1685-4275-bd36-b885a64caf6d",
        "relationship--699171c1-0d17-48d7-a741-0e4a0ed4ef62",
        "relationship--699979b0-6a9a-4482-9656-82c8fb210676",
        "relationship--6b8d8354-0fa9-4a45-8df9-57709beace42",
        "relationship--6bb9972b-cec8-4de0-966e-8fea90b4941c",
        "relationship--6bf3a83b-d66d-4b6a-972c-c348686ebecb",
        "relationship--6c75071d-6997-4d41-88fa-bcd8d7b4cb76",
        "relationship--6f5973be-3c51-4bd1-b652-f12903caa3e2",
        "relationship--70edcba2-e777-4ced-a52d-5dfc3965211c",
        "relationship--70f6f99e-d791-4af9-b9c2-23b58fc64546",
        "relationship--713fdffc-8955-43d6-b1bd-4515d3ca06a6",
        "relationship--71a121ba-b01c-418c-af8d-63df2cec70de",
        "relationship--72a10804-bc08-47a8-92ec-8e173b30705e",
        "relationship--72f0af8b-eb82-40d2-aa74-3ab60b72afb8",
        "relationship--738fbccb-ecc9-40cb-8d51-4f558e39b01f",
        "relationship--798a3e14-1c98-4bac-af2d-137367f78912",
        "relationship--7a9deb99-21d7-45e3-bebc-fbab668690f1",
        "relationship--7ab8913b-25bc-41c7-9149-625ec14322f3",
        "relationship--7ada6af2-f97d-4a64-8eca-9fffba657d46",
        "relationship--7b17bab3-6c5a-4db2-969b-7724f71afc09",
        "relationship--7b4b8d0b-fbc3-469a-ab62-72c5c4c4653d",
        "relationship--7b6c1b21-67e7-4930-82e3-8b13d8aac0ce",
        "relationship--7c3f8d37-e2da-45c3-8ef2-a067cd46d340",
        "relationship--7d8a48be-2429-401f-b963-ec0f5927a282",
        "relationship--7dfa8cdd-102c-4ea6-9fe0-d2e76b688221",
        "relationship--7dfc877a-4563-4c7f-91e0-b5f5adfcb873",
        "relationship--7fa59950-8a54-430f-b10a-4eb12566ece7",
        "relationship--8087d99b-cc05-4e2a-abce-687eb726a9e7",
        "relationship--82168e77-bbd9-4da4-b163-7f813df06426",
        "relationship--839ce1cc-c749-4a29-8aed-3c44e93c5db4",
        "relationship--83e30b05-5658-4cc3-9bac-500ea852e655",
        "relationship--85aecc08-dda1-4203-9dec-376f1d9d3cad",
        "relationship--86333028-9eb1-44a3-9a5a-51fffe66f0e1",
        "relationship--8690ef38-ee7a-49ec-b723-0f7dceced233",
        "relationship--86c83427-c35b-46c2-9c55-90b1967bed49",
        "relationship--885c54e7-6b1c-4399-a051-1e0b047d6f92",
        "relationship--89567fdb-433a-4821-85bb-a4a9f55cfef5",
        "relationship--895b238e-356f-4ad0-9a62-e6ae380dccd0",
        "relationship--8a41eff0-83f3-414a-af49-54f0f8c1b84a",
        "relationship--8b12a0c5-9e30-47ef-a786-5c5eeaf52240",
        "relationship--8ba71919-c776-4e1b-ad71-160649060d3e",
        "relationship--8c73e0be-f105-4f22-93b4-cb765fb8f419",
        "relationship--8c7631c4-bc83-4ee5-abb5-c039d63da619",
        "relationship--8e809969-d903-4e58-b8a9-7344127da3cd",
        "relationship--8e82a523-fc73-4f3b-98dc-3b1e7199cd93",
        "relationship--914406e6-9388-477d-ba6b-97e5ebec31f0",
        "relationship--91a362c7-a111-4a1e-8978-1afcc110e5cf",
        "relationship--91d4c776-c259-46b0-b511-b344ca027009",
        "relationship--9297d0b8-3a96-4fb9-90f2-8e3aa9fe4aca",
        "relationship--92b34cc0-b059-4294-824f-bb92298f3ae6",
        "relationship--93b3993d-0345-434e-9b0a-4dfd8efa6c99",
        "relationship--93be81ec-3e56-4257-b869-37bcec2c2625",
        "relationship--93efb013-dab0-4b47-ac2c-0632ac2fea18",
        "relationship--940e8f94-a0bf-43e9-b2e8-53dd9a3f0e6e",
        "relationship--95c6eafc-4b3f-404b-86d9-13b4ae4845da",
        "relationship--996defcb-8a62-4271-9d01-93d66525b159",
        "relationship--998650da-f301-46be-ab18-38d14359530b",
        "relationship--9a823773-6bcc-4923-8f27-4729e771df2b",
        "relationship--9af6241d-355a-4673-b772-8384a718ed64",
        "relationship--9cc5bd19-ab08-4eb7-886b-ce55fde60421",
        "relationship--9d0eda8b-7696-4b22-a31e-6761e42bc2ae",
        "relationship--9d11c36e-e738-4d2a-98cf-f5f962a716ea",
        "relationship--9d88636c-32f1-4ea4-b7d9-948e48055d37",
        "relationship--9e8f8dce-1921-4738-ae7f-30290a350cf2",
        "relationship--9fe48106-c6e9-4b1a-a274-b35166e082da",
        "relationship--a0040bac-4445-4999-bf0f-53b340f02218",
        "relationship--a0500766-a6ba-4672-b7fc-2a712cd0cfca",
        "relationship--a0bf84db-5482-4bc2-a53f-46d988e4f688",
        "relationship--a17d1fee-c44e-4e38-85be-68e7dff9d69c",
        "relationship--a2acfa7e-4ba4-42e0-ae13-068c17d7d7fa",
        "relationship--a2c59195-f81a-4ed1-8d64-7137f961a835",
        "relationship--a3b40306-fafa-47e6-9164-fbd75e04b645",
        "relationship--a4e96b11-6f07-422c-bf18-9866ee6fb6a9",
        "relationship--a56ece45-a76c-4b19-8999-6dde50b48409",
        "relationship--a68a4d37-e2dd-4981-893d-20c43d056539",
        "relationship--a7361e2b-9cdc-4fa6-97e4-1b191e9f3952",
        "relationship--a81df141-ff2a-4be9-a6ea-c5b19d29bc0e",
        "relationship--aac99c91-e1b1-42c0-8a13-f166027d5168",
        "relationship--ac6100b4-8a41-4353-8cbf-46e596d8d212",
        "relationship--ae1ee1dc-6017-4177-b34c-70db166a939e",
        "relationship--ae8e960c-3842-4dd5-abab-31d35c0fd1fd",
        "relationship--aefb92ff-56e9-47d9-adc9-ed504f271863",
        "relationship--af85b32a-7b5e-48ea-9777-50d4d625a122",
        "relationship--b057569e-0e0b-4e8e-9955-016a556b8248",
        "relationship--b09cad27-7b44-4a57-adf8-dcbcb3cdcb0a",
        "relationship--b31e0e76-0239-41fc-a9a8-7c62b00510e1",
        "relationship--b49fe95b-bd40-4dc7-a42c-b5741cde4941",
        "relationship--b52fd457-405d-4cc3-b1f7-141ab6fbf04a",
        "relationship--b6bfd59b-086e-4559-9bc0-159945c84e78",
        "relationship--b6e5a51c-f730-4514-8ffd-b540d5b4cf23",
        "relationship--b6fc7740-4e5f-4f4c-8b1e-d0e3368eee03",
        "relationship--b9de1f4c-1978-4efe-9bd0-f525b6acaeb1",
        "relationship--ba97fa9c-949b-4e86-b537-e828b602e39f",
        "relationship--bb671992-02f2-430d-9d33-f43fae135735",
        "relationship--bc9a5286-98a6-4905-b4ce-8f4d958861b6",
        "relationship--bda0ff4f-ed93-4d84-bfa4-dd39abe9fd62",
        "relationship--bda95df4-bf1d-4a49-b847-cf4f3fd5f51c",
        "relationship--be48b079-418b-41c3-952b-cbf8a48f2002",
        "relationship--bf78e7f6-2dc5-4b1b-95bb-03e8e5e0e5a1",
        "relationship--c0876037-56b6-409c-bda5-7aa5e6091c94",
        "relationship--c12c331c-67dd-40be-b2ad-a198c0b92e78",
        "relationship--c17229de-8778-4dd9-adb9-7b9c6bb2b99b",
        "relationship--c1b912a1-ffb4-4b33-88ec-6a567a1fcfd4",
        "relationship--c1dddcf3-c3b1-498a-9a80-8dcbf6887d10",
        "relationship--c2e9f949-59a5-4e96-b0dd-0bde1a507909",
        "relationship--c3a1969b-1edb-4a78-80ab-b122cc2822e4",
        "relationship--c3aa5639-a8e1-4de3-8f39-cc98593973ed",
        "relationship--c3d73dc3-06f6-422a-9be2-c4eb3ce36fbc",
        "relationship--c71b5c0b-5ef4-4c6f-9ad1-d2d59e0a7548",
        "relationship--c73f0de0-1fbb-44e6-ac51-95bf21ea4018",
        "relationship--c74dfd33-e17a-4fc7-b2bd-154499fc3ac2",
        "relationship--c76875e8-006d-493b-880a-332faf28f3ca",
        "relationship--c808ac7c-6da1-4be8-9233-0020fbc3e8ac",
        "relationship--c8fb4459-4352-4ee6-bfaf-a97be333bf64",
        "relationship--c952f284-e529-481f-97fb-7a6e14c25ccf",
        "relationship--ca8af6f0-da6b-40c8-81cb-764e1df0fd0a",
        "relationship--cbc4c186-028e-4a24-93ff-5f2bb7edd98a",
        "relationship--cc134d2d-64eb-469a-b8eb-90ea632c0adc",
        "relationship--cdbfa147-52be-411d-bcbd-f6dcbf91d7b5",
        "relationship--cfc3d427-79bb-41d1-8336-aa1365555d0f",
        "relationship--d0d74930-6b1d-4d1d-ba7f-60b93c114fd9",
        "relationship--d13ea010-1b69-40d4-8d86-6fe2053f59d2",
        "relationship--d2263afd-2fd3-4f98-96a5-a00e5f33b99e",
        "relationship--d4962990-8bb3-46b9-9ca3-c946fd6ce07e",
        "relationship--d4d74097-2e4a-44c7-bda0-8c0dee2b5813",
        "relationship--d5c86dd3-3cfa-4ade-8984-fdf079b9f81b",
        "relationship--d67e450d-8b3c-4b6b-8213-c29223a7f4d6",
        "relationship--d6de484e-a1f6-43cb-a506-ec4888e69bdd",
        "relationship--d7f5c7fe-5d4a-4f1e-a5a3-adf02f8699ec",
        "relationship--d8557c07-240a-4dbb-b372-1111a05a5303",
        "relationship--d93b7c7b-e4b2-416c-9122-6f687642ce6e",
        "relationship--db1b7307-a473-40eb-be9c-25d95c0e2054",
        "relationship--db91e39d-daa4-4f9c-a7a6-be67eba712d2",
        "relationship--dc6fcf08-c160-412e-be5e-3b669d43762a",
        "relationship--dd84b767-1623-421b-8f31-048924be5f17",
        "relationship--de300ca1-3935-4b44-9b35-e32eee5304f7",
        "relationship--deb7df24-689e-4e4e-909f-a270241ab65a",
        "relationship--def1a889-9341-4179-9d14-a5c10aa100b2",
        "relationship--e09fd624-7298-4bd0-8a38-90ba0eec6fbd",
        "relationship--e12155de-d422-47e4-9ce5-a7fe8011b74b",
        "relationship--e159049f-70c1-4349-b299-c1d99d06901d",
        "relationship--e273286f-8ca7-4d3e-bdc3-08929c7cbd12",
        "relationship--e2e74982-a4a6-428f-888a-a910453b7e82",
        "relationship--e3864ffa-3348-4791-b979-7d8b2e2151cc",
        "relationship--e46d31bf-23d8-4464-96e8-aee04f745921",
        "relationship--e5d5ca1f-1e8e-4870-a9ef-33a963ee6148",
        "relationship--e600fe60-36d1-4053-af2f-13830d95bd14",
        "relationship--e6f5bde4-869f-4c9a-9414-11ea48386204",
        "relationship--e809f78f-344d-4169-a145-89023f4530d5",
        "relationship--e842c832-8e3a-487c-bdde-e1614fec6c7e",
        "relationship--e8d2c3f1-7c86-438c-bead-6a86f9a36463",
        "relationship--e9404ebb-fce5-4596-b0f1-7f8a61578b32",
        "relationship--ec2e27c9-71fe-4650-a5b9-1247193c39f6",
        "relationship--ec9e1757-50c1-4fd8-a0be-2694b1bc9e99",
        "relationship--ecd6c482-51ae-402c-8482-4feb9cda9b05",
        "relationship--ed1cb231-7e2d-461c-a9c8-56a2d1f43c0f",
        "relationship--ee51d531-5cc4-4836-a55c-6062bde1a4d4",
        "relationship--ee7a5648-6263-4f1c-a975-e0d36740944a",
        "relationship--f106c0c2-b83c-44b2-ab93-161e325f6a42",
        "relationship--f1a9d2b9-f5ec-4119-b3b5-8b46085c01b5",
        "relationship--f252d0e6-019a-4711-9069-c16930236aa4",
        "relationship--f43dedfa-261d-41af-bb74-e1f2eff5cbae",
        "relationship--f4881cea-8d6f-4cb6-ab86-5aab2379c695",
        "relationship--f75caad1-161a-4833-b3ec-f4538e1603fe",
        "relationship--f9a34eaa-c17c-400a-b4e0-063445e430af",
        "relationship--fa211b49-7df8-4283-8a70-78b4b81bbba9",
        "relationship--fa6f0d89-8a80-421b-bcb1-ef5ee31f0879",
        "relationship--fba908dc-4478-4626-ab73-72c43eca5279",
        "relationship--fd37b358-d005-4662-a200-771f89d491f4",
        "relationship--fd79762c-1718-4c6b-adaa-a9a004bcdbca",
        "relationship--fe57d6a5-09d4-4642-9b71-cfcf9b9e0de1",
        "relationship--fea9df26-2ff4-4fa4-8306-f10af6cdd7cd",
        "relationship--fee82671-3bba-48c7-bef8-63b2b2bb0fa7",
        "relationship--ff3d2ebf-ea7b-4fd2-a524-9a6f20bcf3e3",
        "relationship--ff950ea2-2982-4bfd-8361-7755e83778fd"
    ],
    "graph_nodes": [
        {
            "count": 260,
            "id": 0,
            "texts": [
                "ShadowPad",
                "DEADEYE",
                "HiddenWasp",
                "DanBot",
                "AuditCred",
                "Heyoka Backdoor",
                "attacker",
                "OSX_OCEANLOTUS.D",
                "Inception",
                "Kessel",
                "BackdoorDiplomacy",
                "Raindrop",
                "Ryuk",
                "Rifdoor",
                "DarkTortilla",
                "Dark Caracal",
                "Elderwood",
                "Final1stspy",
                "Lokibot",
                "SVCReady",
                "Shark",
                "Ursnif",
                "PowerStallion",
                "Darkhotel",
                "Transparent Tribe",
                "APT37",
                "Amadey",
                "PolyglotDuke",
                "Carbanak",
                "Valak",
                "APT28",
                "PUNCHTRACK",
                "ECCENTRICBANDWAGON",
                "Drovorub",
                "HAWKBALL",
                "Skidmap",
                "attacker",
                "Astaroth",
                "APT18",
                "KEYPLUG",
                "Sakula",
                "Zox",
                "Rocke",
                "PoisonIvy",
                "SamSam",
                "HTTPBrowser",
                "NanHaiShu",
                "DarkWatchman",
                "metaMain",
                "Trojan.Karagany",
                "GALLIUM",
                "Leviathan",
                "Bazar",
                "ThreatNeedle",
                "Fysbis",
                "Gallmaker",
                "Saint Bot",
                "NanoCore",
                "SHOTPUT",
                "SodaMaster",
                "Sidewinder",
                "CoinTicker",
                "BLUELIGHT",
                "Woody RAT",
                "IcedID",
                "Molerats",
                "DCSrv",
                "Turian",
                "APT39",
                "GravityRAT",
                "Snip3",
                "Metamorfo",
                "ComRAT",
                "Lazarus Group",
                "APT33",
                "SUNSPOT",
                "threat actors",
                "LightNeuron",
                "Pillowmint",
                "FELIXROOT",
                "H1N1",
                "threat actors",
                "WindTail",
                "Kazuar",
                "Milan",
                "KONNI",
                "NETWIRE",
                "SombRAT",
                "BlackOasis",
                "TINYTYPHON",
                "BITTER",
                "WhisperGate",
                "ZxxZ",
                "TrickBot",
                "Reaver",
                "BOOSTWRITE",
                "TA505",
                "Stuxnet",
                "Higaisa",
                "InnaputRAT",
                "BitPaymer",
                "Kwampirs",
                "Remexi",
                "Micropsia",
                "MiniDuke",
                "APT3",
                "TEARDROP",
                "Matryoshka",
                "APT19",
                "Shamoon",
                "SUPERNOVA",
                "StrongPity",
                "Hydraq",
                "Fox Kitten",
                "QakBot",
                "Ember Bear",
                "Bisonal",
                "Flagpro",
                "APT41",
                "Cuba",
                "FlawedGrace",
                "More_eggs",
                "Elise",
                "Avenger",
                "EnvyScout",
                "Metador",
                "Dridex",
                "Comnie",
                "Goopy",
                "Ecipekac",
                "NOKKI",
                "POSHSPY",
                "Dacls",
                "njRAT",
                "Kerrdown",
                "PS1",
                "RainyDay",
                "FatDuke",
                "APT-C-36",
                "Waterbear",
                "Sandworm Team",
                "Seasalt",
                "StoneDrill",
                "Blue Mockingbird",
                "Tropic Trooper",
                "SysUpdate",
                "Chinoxy",
                "Chrommme",
                "Bundlore",
                "KillDisk",
                "ROKRAT",
                "Avaddon",
                "REvil",
                "Mofang",
                "P.A.S. Webshell",
                "Smoke Loader",
                "OLDBAIT",
                "Aria-body",
                "Mosquito",
                "Anchor",
                "Daserf",
                "YAHOYAH",
                "Pandora",
                "BADHATCH",
                "Whitefly",
                "Windshift",
                "menuPass",
                "Ke3chang",
                "Ebury",
                "Conti",
                "BendyBear",
                "Kobalos",
                "InvisiMole",
                "PyDCrypt",
                "Bumblebee",
                "ISMInjector",
                "VERMIN",
                "Kimsuky",
                "HermeticWiper",
                "threat actors",
                "Moses Staff",
                "TeamTNT",
                "Green Lambert",
                "threat actors",
                "Carbon",
                "GoldMax",
                "ShimRat",
                "DOGCALL",
                "RCSession",
                "AppleSeed",
                "BoxCaon",
                "Conficker",
                "Siloscape",
                "Zeus Panda",
                "Squirrelwaffle",
                "HyperBro",
                "STARWHALE",
                "Mustang Panda",
                "HotCroissant",
                "EKANS",
                "RegDuke",
                "control-flow flattening",
                ".NET Reactor",
                "NightClub",
                "Sandworm Team",
                "Group5",
                "Lazarus Group",
                "KGH_SPY",
                "Earth Lusca",
                "SoreFang",
                "Carberp",
                "Hancitor",
                "Putter Panda",
                "SpeakUp",
                "Pisloader",
                "OilRig",
                "Mafalda",
                "Hi-Zor",
                "JPIN",
                "GoldenSpy",
                "Taidoor",
                "threat actors",
                "Sardonic",
                "APT32",
                "HermeticWizard",
                "Gamaredon Group",
                "AppleJeus",
                "Gazer",
                "DRATzarus",
                "Hildegard",
                "AvosLocker",
                "PoetRAT",
                "Ramsay",
                "PUNCHBUGGY",
                "Maze",
                "Gelsemium",
                "Epic",
                "CORESHELL",
                "PlugX",
                "attacker",
                "UBoatRAT",
                "jRAT",
                "OopsIE",
                "GrimAgent",
                "StreamEx",
                "Uroburos",
                "FunnyDream",
                "APT41",
                "SDBbot",
                "TajMahal",
                "Denis",
                "FinFisher",
                "Penquin",
                "GreyEnergy",
                "CARROTBAT",
                "BoomBox",
                "Cobalt Strike",
                "Industroyer",
                "ZeroT",
                "Cardinal RAT"
            ],
            "label": "ACTOR"
        },
        {
            "count": 420,
            "id": 1,
            "texts": [
                "configuration",
                "virtual file system",
                "files",
                "payload",
                "FoggyWeb",
                "malicious script",
                "Torisma",
                "XOR",
                "custom base64 scheme",
                "encrypted malware payloads",
                "USBStealer",
                "Variants",
                "Emissary",
                "payloads",
                "custom algorithm",
                "XOR ciphers",
                "\"srand\" and \"rand\" functions",
                "binary",
                "tools",
                "malware",
                "VMProtect",
                "payload",
                "XOR algorithm",
                "anti-disassembly and code transformation obfuscation techniques",
                "byte XOR algorithm",
                "DeepSea .NET and ConfuserEx code obfuscators",
                "Bandook",
                "encrypted documents",
                "executables",
                "XOR-based algorithm",
                "Ursnif droppers",
                "base64 encoded PowerShell commands",
                "code",
                "SynAck payloads",
                "analysis",
                "reverse engineering",
                "encoded executables",
                "files",
                "others",
                "antivirus vendor names",
                "domains",
                "strings",
                "payloads",
                "RTL",
                "custom encryption algorithm",
                "obfuscated launcher",
                "XOR encrypted payloads",
                "payload",
                "XOR-based algorithm",
                "main payload",
                "XOR-based algorithm",
                "payloads",
                "payload",
                "single-byte XOR obfuscation",
                "unpackers",
                "compromise",
                "Out1",
                "payload components",
                "payloads",
                "Prikormka",
                "XOR operation",
                "code",
                "structured exception handling",
                "return-oriented programming",
                "compressed RAR payloads",
                "apparent attempt",
                "HTRAN",
                "detection",
                "code",
                "shellcode",
                "command",
                "detection",
                "plugins",
                "Eazfuscater.NET",
                "obfuscation",
                "payloads",
                "XOR-encoded payload",
                "PipeMon modules",
                "Base64 encoded strings",
                "scripts",
                "encrypted binaries",
                "base64 encoded strings",
                "compressed executables",
                "VMProtect",
                "obfuscation",
                "malware",
                "strings",
                "encrypted payloads",
                "XOR",
                "tricks",
                "Base64",
                "Caracachs",
                "AES",
                "RC4",
                "payloads",
                "code",
                "payloads",
                "DustySky dropper",
                "function",
                "parts",
                "functions",
                "malware",
                "SUNBURST source code",
                "data",
                "SolarWinds Orion <MsBuild.exe</code> process",
                "XOR-encoded section",
                "custom XOR algorithm",
                "backdoor",
                "Remsec",
                "Donut",
                "encrypted, compressed/encoded, or otherwise obfuscated code modules",
                "techniques",
                "compressed, encrypted, and encoded payload",
                "open source ConfuserEx protector",
                "Grandoreiro payload",
                "custom XOR-based algorithm",
                "custom obfuscation algorithm",
                "XOR-based routines",
                "configuration",
                "plugins",
                "C2 domains",
                "harvested data",
                "first stage shellcode",
                "NOP sled",
                "alternative instructions",
                "Pony",
                "memory flow",
                "junk instructions",
                "RAR SFX dropper",
                "malware",
                "Eazfuscator tool",
                "code",
                "apparent attempt",
                "Agent Tesla",
                "Rijndael symmetric encryption algorithm",
                "detection",
                "static analysis tools",
                "PcShare",
                "functionality",
                "AES CBC (256 bits) encryption algorithm",
                "payloads",
                "detection",
                "64-bit Initialization vector",
                "256-bit key",
                "Base64 encoded compressed payloads",
                "payload",
                "binary",
                "control flow flattening",
                "code",
                "defensive measures",
                "payload",
                "strings",
                "APIs",
                "TYPEFRAME variants",
                "variant",
                "Clambling executable",
                "Brute Ratel C4",
                "payloads",
                "dropper component",
                "obfuscation",
                "spaghetti code",
                "base64 encoded payloads",
                "detection",
                "code",
                "malware",
                "detection",
                "non-malicious decoy file",
                "DLL file",
                "Threat Group-3390 tool",
                "payloads",
                "Threat Group-3390 malware",
                "Metasploit",
                "DEADEYE",
                "KEYPLUG",
                "binaries",
                "sections",
                "detection",
                "layers",
                "Base64 encoded payload",
                "obfuscation",
                "analysis",
                "payload",
                "payloads",
                "Rising Sun",
                "RC4 stream algorithm",
                "junk code",
                "infinite loops",
                "analysis",
                "legitimate API functions",
                "loader shellcode",
                "SUNBURST",
                "FNV-1a + XOR algorithm",
                "Remcos",
                "base64 encoded executable",
                "shellcode",
                "compressed and char-encoded scripts",
                "operations",
                "encrypted files",
                "scripts",
                "string obfuscation routines",
                "KeyBoy",
                "malware",
                "XOR-encrypted payload",
                "Sliver",
                "base64 encoding",
                "string stacking",
                "opaque predicates",
                "obfuscation",
                "ConfuserEx",
                "password protected encrypted email attachments",
                "variant",
                "compressed payload and RAT packages",
                "detection",
                "Imminent Monitor",
                "RC4 encrypted shellcode",
                "encrypted functions",
                "commands",
                "strings",
                "domains",
                "RAT",
                "payload",
                "Winnti",
                "custom hex byte swapping encoding scheme",
                "obfuscated Base64 function",
                "obfuscated code",
                "Windows Notepad backdoor",
                "Industroyer",
                "Magic Hound malware",
                "module",
                "payload binary",
                "sections",
                "detection",
                "code",
                "VMProtect",
                "malware",
                "components",
                "Attor",
                "configuration data",
                "plugins",
                "log files",
                "hybrid encryption scheme",
                "ShimRat executable",
                "payloads",
                "HOMEFRY",
                "one-byte XOR method",
                "malware",
                "loader",
                "installer",
                "installer",
                "payload",
                "CozyCar",
                "code",
                "encrypted Windows APIs",
                "algorithm",
                "QuickLZ",
                "ApLib algorithm",
                "payload",
                "floating point calculations",
                "malware",
                ", single-byte XOR obfuscation",
                "compiler-based obfuscation",
                "code",
                "Windows API calls",
                "encrypted payloads",
                "functionality",
                "function call",
                "analysis",
                "PyInstaller",
                "build phase",
                "password-protected zipped ISO files",
                "control-flow-flattening",
                "flow",
                "functions",
                "off-the-shelf SmartAssembly .NET obfuscator",
                "red-gate.com",
                "obfuscation tool",
                "ConfuserEx",
                "recognition",
                "DLL implants",
                "Lempel-Ziv algorithm",
                "payloads",
                "attempt",
                "obfuscated web shells",
                "operations",
                "binaries",
                "tasks",
                "configuration files",
                "malware",
                "CAST-128 algorithm",
                "JHUHUGIT",
                "XOR algorithm",
                "MCMD",
                "package",
                "compressed DLL and shellcode payloads",
                "detection",
                "payload",
                "API calls",
                "\"StackStrings\" obfuscation technique",
                "functionalities",
                "ADVSTORESHELL",
                "XOR-based algorithm",
                "detection",
                "code",
                "removal",
                "FIVEHANDS payload",
                "obfuscated API calls",
                "XOR-based algorithm",
                "initial payloads",
                "encoding measures",
                "archives",
                "control-flow flattening",
                ".NET Reactor",
                "obfuscation",
                "malware variants",
                "binaries",
                "obfuscation",
                "Imminent Monitor",
                "detection",
                "debugger",
                "DRATzarus",
                "malware",
                "installer",
                "trojan",
                "compressed payloads",
                "Droppers",
                "payloads",
                "second-stage payload",
                "malware",
                "return-oriented programming (ROP) technique",
                "single-byte XOR",
                "malware",
                "encrypted functions",
                "XOR techniques",
                "components",
                "encrypted and compressed payload",
                "resource section",
                "installer",
                "uninstaller",
                "obfuscation",
                "RTM strings",
                "configuration",
                "modules",
                "network data",
                "modified RC4 algorithm",
                "RTM",
                "WastedLocker payload",
                ".bss section",
                "XOR-encrypted payloads",
                "Winnti",
                "payload",
                "CARROTBALL",
                "ConfuserEx features",
                "obfuscation",
                "Exaramel",
                "code obfuscation",
                "payloads",
                "\"Dont-Kill-My-Cat",
                "framework",
                "(DKMC",
                "macOS backdoor",
                "PE files",
                "reverse XOR loop",
                "open source ADVObfuscation library",
                "actions",
                "ELF file",
                "custom encryption scheme",
                "scripts",
                "portable executable",
                "functions",
                "code",
                "encrypted payloads",
                "encryption process",
                "functions",
                "analysis",
                "components",
                "Volgmer variant",
                "code",
                "API hashing",
                "detection",
                "IronNetInjector",
                "payloads",
                "XTunnel",
                "binary",
                "techniques",
                "opaque predicates",
                "likely attempt",
                "security products",
                "instructions",
                "payload",
                "Java payload",
                "Later variants",
                "Java bytecode obfuscation",
                "AV evasion methods",
                "commercial Allatori obfuscation tool",
                "Confuser protector",
                "embedded .Net Framework assembly",
                "Rotate on Right (RoR) and Rotate on Left (RoL) functionality",
                "ShimRatReporter",
                "commands",
                "template binary",
                "VMProtected binaries",
                "intrusions",
                "installer component",
                "plugins",
                "code",
                "code",
                "spaghetti code",
                "functions",
                "effort",
                "disassembly programs",
                "obfuscation",
                "binary",
                "MockDll",
                "base64 encoded payload",
                "functions",
                "calls",
                "Windows API",
                "obfuscated code",
                "Windows Notepad backdoor",
                "payload"
            ],
            "label": "FUNCTION"
        },
        {
            "count": 282,
            "id": 2,
            "texts": [
                "configuration",
                "virtual file system",
                "files",
                "payload",
                "strings",
                "them",
                "strings",
                "configuration",
                "encrypted strings",
                "strings",
                "them",
                "encrypted documents",
                "executables",
                "strings",
                "victim data",
                "encrypted and encoded files",
                "C2 configuration",
                "command output",
                "files",
                "others",
                "antivirus vendor names",
                "domains",
                "strings",
                "payloads",
                "strings",
                "encrypted strings",
                "strings",
                "hardcoded one-byte XOR encoded configuration file",
                "UPX headers",
                "files",
                "strings",
                "indicators",
                "Helminth config file",
                "data",
                "resources",
                "files",
                "module file",
                "data",
                "modified version",
                "strings",
                "debug messages",
                "XOR",
                "RSA2",
                "AES",
                "RC4 encrypted files",
                "RC4",
                "valid GIF file",
                "stackstrings",
                "hidden encoded file",
                "configuration",
                "encrypted CAB files",
                "strings",
                "strings",
                "encrypted payloads",
                "types",
                "aliases",
                "Native API function names",
                "name",
                "log entries",
                "AES128-CBC encrypted blobs",
                "SUNBURST source code",
                "data",
                "configuration files",
                "strings",
                "data",
                "strings",
                "XOR",
                "files",
                "name",
                "created files",
                "mutexes",
                "log files",
                "files",
                "information",
                "encrypted configuration files",
                "strings",
                "strings",
                "custom AES storage format",
                "configuration",
                "plugins",
                "C2 domains",
                "harvested data",
                "configuration file",
                "compressed archive files",
                "Pony attachments",
                "strings",
                "files",
                "reverse byte order",
                "strings",
                "32-long Base16 strings",
                "non-descriptive names",
                "loader and configuration files",
                "files",
                "password-protected malicious Word documents",
                "encrypted configuration blocks",
                "encrypted files",
                "strings",
                "API names",
                "string hashes",
                "strings",
                "identifiable strings",
                "files",
                "configuration data",
                "configuration",
                "information",
                "files",
                "file",
                "fake JPG header",
                "API function names",
                "strings",
                "APIs",
                "encrypted payload files",
                "encrypted configuration structure",
                "memory",
                "base64-encoded strings",
                "Base64-encoded strings",
                "encrypted strings",
                "Excel spreadsheets",
                "font color",
                "cells",
                "RedLeaves configuration file",
                "ZIP or RAR password-protected archived files",
                "C2 configuration files",
                "hostname and processor family information",
                "files",
                "strings",
                "Configuration data",
                "strings",
                "file signature header",
                "encrypted data",
                "six file types",
                "configuration file",
                "SUNBURST strings",
                "system information",
                "Registry entries",
                "file paths",
                "data",
                "encrypted files",
                "scripts",
                "version",
                "critical values",
                "strings",
                "compile time",
                "base64 encoding",
                "string stacking",
                "opaque predicates",
                "password protected encrypted email attachments",
                "variant",
                "compressed payload and RAT packages",
                "commands",
                "strings",
                "domains",
                "configuration file",
                "Telegram credentials",
                "program strings",
                "base64-encoded files",
                "embedded strings",
                "configuration data",
                "XOR encryption",
                "alphabet-based table",
                "wallet address",
                "encrypted configuration files",
                "configuration file",
                "data",
                "Strings",
                "configuration data",
                "plugins",
                "log files",
                "data",
                "configuration files",
                "encrypted strings",
                "email attachments",
                "strings",
                "strings",
                "values",
                "internal strings",
                "encrypted configuration file",
                "string encryption",
                "stack strings",
                "data",
                "configuration file",
                "stings",
                "strings",
                "Base64-encoded shellcode strings",
                "strings",
                "strings",
                "strings, internal files, configuration data",
                "custom executable format",
                "--key flag",
                "binary strings",
                "byte",
                "executable file format",
                "32-bit and 64-bit driver files",
                "files",
                "encrypted strings",
                "Base64-encoded strings",
                "tasks",
                "configuration files",
                "files",
                "strings",
                "AES-encrypted and Base64-encoded configuration files",
                "output strings",
                ".dat file",
                "strings",
                "strings",
                "strings",
                "API function names",
                "memory",
                "strings",
                "hex-encoded strings",
                "encrypted strings",
                "encoded strings",
                "process kill list",
                "strings",
                "files",
                "spearphish attachments",
                "information",
                "encrypted strings",
                "strings",
                "data",
                "C2 locations",
                "bytes",
                "files",
                "strings",
                "\"garbage\" strings",
                "smaller sub-strings",
                "data",
                "data",
                "bitmap",
                "variables",
                "encrypted string blocks",
                "RTM strings",
                "configuration",
                "modules",
                "network data",
                "archive files",
                "encrypted strings",
                "binary file",
                "files",
                "base64 string",
                "configuration",
                "self-extracting 7z archive files",
                "document attachments",
                "XOR-encrypted collected system information",
                "files",
                "resources",
                "XOR-encoded strings",
                "JPG header",
                "information",
                "document footers",
                "important information",
                "strings",
                "strings",
                "names",
                "strings",
                "variable names",
                "strings",
                "version",
                "July",
                "techniques",
                "opaque predicates",
                "hexadecimal format",
                "strings",
                "strings",
                "Right",
                "gathered information",
                "configuration data",
                "strings",
                "resources",
                "character sets",
                "xyz0123456789ABCDEFGHIJKLMNOPQRSTUVWXYZabcdefghijklmnopqrstuvw_-",
                "xyz0123456789ABCDEFGHIJKLMNOPQRSTUVWXYZabcdefghijklmnopqrstuvw_=",
                "strings",
                "API names",
                "encrypted strings",
                "embedded DLL",
                "Orz strings",
                "configuration files",
                "strings",
                "data",
                "public/private key pair",
                "Beacon session metadata"
            ],
            "label": "DATA"
        },
        {
            "count": 24,
            "id": 3,
            "texts": [
                "configuration",
                "virtual file system",
                "files",
                "payload",
                "victim machines",
                "disk",
                "compromised hosts",
                "disk",
                "virtual file system",
                "targeted system",
                "antivirus tools",
                "disk",
                "compromised host",
                "disk",
                "Linux",
                "access control",
                "disk",
                "compromised host",
                "host machines",
                "compromised host",
                "Windows",
                "Linux",
                "disk",
                "encrypted Virtual File System"
            ],
            "label": "COMPONENT"
        },
        {
            "count": 201,
            "id": 4,
            "texts": [
                "RSA256",
                "XOR",
                "custom base64 scheme",
                "3DES",
                "XOR",
                "custom algorithm",
                "XOR ciphers",
                "RC4",
                "single-byte key",
                "base64 encoding",
                "base64 encoding",
                "RC4 cipher",
                "XOR cipher",
                "XOR",
                "RSA",
                "RC4",
                "RTL",
                "custom encryption algorithm",
                "RC4",
                "3DES",
                "keys",
                "Base64",
                "RC4",
                "DES",
                "AES",
                "Base64",
                "Base64",
                "ZIP files",
                "XOR",
                "gzip compression",
                "base64",
                "XOR",
                "RSA2",
                "AES",
                "RC4 encrypted files",
                "RC4",
                "XOR encoding",
                "base64 encoding",
                "ECDH-P256 encryption",
                "Base64 encoded strings",
                "scripts",
                "encrypted binaries",
                "base64 encoded strings",
                "ZIP files",
                "file encryption",
                "AES",
                "key",
                "lolomycin2017",
                "XOR encryption",
                "AES-256",
                "XTS mode",
                "XOR",
                "tricks",
                "Base64",
                "Caracachs",
                "AES",
                "RC4",
                "payloads",
                "encoding",
                "encryption",
                "base64",
                "stream cipher RC4",
                "hard-coded key",
                "AES-256",
                "AES key",
                "RC5",
                "AES-CBC",
                "Salsa20",
                "RC4",
                "CBC mode",
                "hardcoded key",
                "strings",
                "XOR",
                "Base64",
                "custom key",
                "Rijndael cipher",
                "XOR",
                "XOR",
                "LZW algorithm",
                "XOR",
                "ChaCha stream cipher",
                "64-bit Initialization vector",
                "256-bit key",
                "8-byte XOR key",
                "cipher",
                "custom Base64",
                "XOR",
                "rotating XOR cipher",
                "substitute cipher",
                "Base64 encoding",
                "XOR",
                "Base64",
                "RC4",
                "XOR",
                "shikata_ga_nai encoder",
                "LZNT1 compression",
                "XOR key",
                "AES",
                "CBC mode",
                "key",
                "Base64",
                "RC4",
                "decrypter",
                "DES",
                "XOR",
                "AES",
                "Base64 encoding",
                "AES CBC",
                "Base64",
                "RC4",
                "base64",
                "base64 encoding",
                "string stacking",
                "opaque predicates",
                "single-byte XOR encoding",
                "AES",
                "XOR encryption",
                "alphabet-based table",
                "bz2",
                "RC4",
                "AES",
                "base64",
                "XOR cipher",
                "hardcoded key",
                "Blowfish-OFB",
                "RSA",
                "RSA public key",
                "base64 encoding",
                "encryption",
                "XOR x56",
                "custom crypter",
                "XOR",
                "rotating key",
                "RC4 keys",
                "string encryption",
                "stack strings",
                "alternative base64+RC4",
                "Caesar cipher",
                "string encoding",
                "base64",
                "key 0x40",
                "XOR encryption",
                "static key",
                "XOR",
                "RC4",
                "RC4",
                "XOR encryption",
                "Base64 encoding",
                "single-byte XOR",
                "key",
                "AES",
                "Base64",
                "Base64",
                "RSA public key",
                "single-byte XOR",
                "3DES",
                "AES-128",
                "XOR",
                "RC4",
                "AES",
                "encoding measures",
                "archives",
                "base64 encoded RC4",
                "single-byte XOR",
                "Base64 encoding",
                "base64",
                "Base64",
                "RC6",
                "XOR-based encryption",
                "Base64",
                "ZIP files",
                "16-byte XOR key",
                "RC4",
                "Base64",
                "return-oriented programming (ROP) technique",
                "single-byte XOR",
                "base64",
                "custom base64 alphabet",
                "RC4",
                "Base64",
                "AES-256",
                "CBC mode",
                "3DES",
                "XOR",
                "XOR",
                "base64",
                "XOR cipher",
                "custom stream cipher",
                "XOR cipher",
                "AES",
                "stream cipher",
                "XOR",
                "shifting",
                "static key",
                "one-byte xor",
                "AES and CAST-128 encryption",
                "Base64",
                "hardcoded 128 byte key",
                "AES-256",
                "AES",
                "RC4"
            ],
            "label": "ENCRYPTION"
        },
        {
            "count": 30,
            "id": 5,
            "texts": [
                "Tor clients",
                "OneDrive C2",
                "files",
                "others",
                "antivirus vendor names",
                "domains",
                "strings",
                "payloads",
                "WebSocket client to server messages",
                "server",
                "strings",
                "debug messages",
                "debug messages",
                "configuration",
                "plugins",
                "C2 domains",
                "harvested data",
                "commands",
                "strings",
                "domains",
                "C2",
                "C2",
                "email gateways",
                "C2",
                "links",
                "network",
                "C2",
                "communication",
                "C2",
                "C2 address"
            ],
            "label": "NETWORK"
        },
        {
            "count": 47,
            "id": 6,
            "texts": [
                "files",
                "others",
                "antivirus vendor names",
                "domains",
                "strings",
                "payloads",
                ".dll payload",
                "many",
                "parts",
                "functions",
                "base64-encoded",
                "/",
                "that",
                "0x90",
                "third stage",
                "some",
                "IV",
                "are base64-encoded",
                "white",
                "layers",
                "Base64 encoded payload",
                "end",
                "several",
                "layers",
                "TA2541",
                "many",
                "Sieve",
                "use",
                "itself",
                "that",
                "Most",
                "congruential generator",
                "(LCG): staten+1 = (690069 \u00d7 staten + 1) mod 232",
                "layers",
                "0xA0 - 0xAF",
                "that",
                "\"Dont-Kill-My-Cat",
                "framework",
                "(DKMC",
                "itself",
                "XOR",
                "shifting",
                "programmed fragments",
                "0x91",
                "ways",
                "use",
                "many"
            ],
            "label": "OTHER"
        },
        {
            "count": 7,
            "id": 7,
            "texts": [
                "WebSocket client",
                "victims",
                "victims",
                "victims",
                "victims",
                "victims",
                "targets"
            ],
            "label": "USER"
        },
        {
            "count": 12,
            "id": 8,
            "texts": [
                "DLL",
                "registry key",
                "non-malicious decoy file",
                "DLL file",
                "Registry entries",
                "file paths",
                "data",
                "DLLs",
                "XOR and DLL files",
                "DLL",
                "embedded DLL",
                "Orz strings"
            ],
            "label": "REGISTRY"
        },
        {
            "count": 5,
            "id": 9,
            "texts": [
                "folders",
                "Registry entries",
                "file paths",
                "data",
                "startup"
            ],
            "label": "DIRECTORY"
        }
    ],
    "graph_edges": [
        {
            "id": "0_1",
            "source": 0,
            "dest": 1,
            "count": 191
        },
        {
            "id": "0_2",
            "source": 0,
            "dest": 2,
            "count": 149
        },
        {
            "id": "0_3",
            "source": 0,
            "dest": 3,
            "count": 8
        },
        {
            "id": "0_4",
            "source": 0,
            "dest": 4,
            "count": 75
        },
        {
            "id": "2_4",
            "source": 2,
            "dest": 4,
            "count": 38
        },
        {
            "id": "2_1",
            "source": 2,
            "dest": 1,
            "count": 62
        },
        {
            "id": "1_3",
            "source": 1,
            "dest": 3,
            "count": 12
        },
        {
            "id": "1_4",
            "source": 1,
            "dest": 4,
            "count": 43
        },
        {
            "id": "4_1",
            "source": 4,
            "dest": 1,
            "count": 12
        },
        {
            "id": "2_0",
            "source": 2,
            "dest": 0,
            "count": 4
        },
        {
            "id": "4_2",
            "source": 4,
            "dest": 2,
            "count": 8
        },
        {
            "id": "0_5",
            "source": 0,
            "dest": 5,
            "count": 10
        },
        {
            "id": "5_3",
            "source": 5,
            "dest": 3,
            "count": 1
        },
        {
            "id": "1_5",
            "source": 1,
            "dest": 5,
            "count": 9
        },
        {
            "id": "5_1",
            "source": 5,
            "dest": 1,
            "count": 6
        },
        {
            "id": "2_5",
            "source": 2,
            "dest": 5,
            "count": 3
        },
        {
            "id": "0_6",
            "source": 0,
            "dest": 6,
            "count": 18
        },
        {
            "id": "6_1",
            "source": 6,
            "dest": 1,
            "count": 13
        },
        {
            "id": "6_4",
            "source": 6,
            "dest": 4,
            "count": 4
        },
        {
            "id": "1_0",
            "source": 1,
            "dest": 0,
            "count": 12
        },
        {
            "id": "7_5",
            "source": 7,
            "dest": 5,
            "count": 1
        },
        {
            "id": "1_2",
            "source": 1,
            "dest": 2,
            "count": 42
        },
        {
            "id": "0_7",
            "source": 0,
            "dest": 7,
            "count": 1
        },
        {
            "id": "1_7",
            "source": 1,
            "dest": 7,
            "count": 5
        },
        {
            "id": "2_6",
            "source": 2,
            "dest": 6,
            "count": 6
        },
        {
            "id": "0_8",
            "source": 0,
            "dest": 8,
            "count": 5
        },
        {
            "id": "8_1",
            "source": 8,
            "dest": 1,
            "count": 2
        },
        {
            "id": "4_8",
            "source": 4,
            "dest": 8,
            "count": 1
        },
        {
            "id": "2_9",
            "source": 2,
            "dest": 9,
            "count": 2
        },
        {
            "id": "5_2",
            "source": 5,
            "dest": 2,
            "count": 2
        },
        {
            "id": "5_4",
            "source": 5,
            "dest": 4,
            "count": 1
        },
        {
            "id": "2_3",
            "source": 2,
            "dest": 3,
            "count": 3
        },
        {
            "id": "4_6",
            "source": 4,
            "dest": 6,
            "count": 4
        },
        {
            "id": "6_2",
            "source": 6,
            "dest": 2,
            "count": 7
        },
        {
            "id": "8_0",
            "source": 8,
            "dest": 0,
            "count": 1
        },
        {
            "id": "8_4",
            "source": 8,
            "dest": 4,
            "count": 2
        },
        {
            "id": "4_0",
            "source": 4,
            "dest": 0,
            "count": 1
        },
        {
            "id": "1_9",
            "source": 1,
            "dest": 9,
            "count": 1
        },
        {
            "id": "1_8",
            "source": 1,
            "dest": 8,
            "count": 2
        },
        {
            "id": "1_6",
            "source": 1,
            "dest": 6,
            "count": 4
        },
        {
            "id": "0_9",
            "source": 0,
            "dest": 9,
            "count": 1
        },
        {
            "id": "4_5",
            "source": 4,
            "dest": 5,
            "count": 1
        }
    ],
    "verbs": {
        "encrypt": 73,
        "encode": 28,
        "in": 69,
        "have": 14,
        "drop on": 1,
        "use": 149,
        "of": 48,
        "within": 21,
        "obfuscate": 59,
        "with": 116,
        "by": 5,
        "for": 40,
        "drop to": 1,
        "as": 10,
        "execute": 3,
        "write to": 2,
        "inhibit": 1,
        "drop": 3,
        "on": 5,
        "to": 17,
        "modify": 3,
        "pack": 1,
        "break": 2,
        "hide": 9,
        "relate to": 1,
        "evade": 7,
        "avoid": 11,
        "download": 3,
        "deliver": 6,
        "support": 2,
        "create": 2,
        "collect": 1,
        "extract from": 1,
        "include": 7,
        "use for": 3,
        "be": 1,
        "generate": 1,
        "contain": 4,
        "about": 1,
        "design": 1,
        "bypass": 2,
        "add": 1,
        "store": 2,
        "from": 3,
        "write": 3,
        "contain in": 1,
        "obscure": 1,
        "read": 1,
        "combine with": 3,
        "maintain": 1,
        "turn": 1,
        "across": 1,
        "into": 7,
        "append": 1,
        "select from": 1,
        "compress": 6,
        "reference in": 1,
        "at": 4,
        "protect": 1,
        "engineer": 1,
        "enforce": 1,
        "bundle": 1,
        "during": 4,
        "prevent": 2,
        "target": 1,
        "skip": 2,
        "zero": 1,
        "expose": 1,
        "send": 3,
        "disguise": 1,
        "mask": 1,
        "consist of": 2,
        "split": 1,
        "base64-encode": 2,
        "store within": 1,
        "decode": 1,
        "perform": 1,
        "exfiltrate": 1,
        "log": 1,
        "between": 1,
        "under": 2,
        "embed": 1,
        "hash": 2,
        "decrypt": 1,
        "call": 1,
        "hinder": 1,
        "introduce in": 1,
        "incorporate": 1,
        "rotate": 1,
        "start": 1,
        "against": 1,
        "store in": 1,
        "xor": 1,
        "confuse": 1,
        "name": 1
    }
}