{
    "id": "T1036.004",
    "tech_id": "T1036.004",
    "tech_name": "Masquerade Task or Service",
    "best_phrases": [],
    "tactics": [
        "TA0005"
    ],
    "features": [
        "FUNCTION",
        "DATA",
        "COMPONENT",
        "DIRECTORY",
        "NETWORK",
        "REGISTRY",
        "VULNERABILITY",
        "USER"
    ],
    "locations": [
        "Windows",
        "Linux",
        "macOS"
    ],
    "procedures": [
        "relationship--07019af0-e801-48c7-a3bd-efc637003aa2",
        "relationship--0d989c2e-0207-4412-b52a-5d9bf9f96d18",
        "relationship--15563e89-85cc-4092-a359-4351999bb9f3",
        "relationship--20a9afe3-de36-428e-a054-cce863b2f4e9",
        "relationship--20ac9204-3ee3-454d-9d53-d5caa9ec582e",
        "relationship--20cedb41-1f7b-44df-8d49-5d6fc166c557",
        "relationship--240ba2e0-c718-4327-a6a6-cb35d6145c35",
        "relationship--2447ac98-019d-40a9-8913-c97d6eb93d90",
        "relationship--28a4517c-89b9-4744-a58f-6a1f1fec3c33",
        "relationship--2913137b-33ce-4488-a274-25fc9198d693",
        "relationship--2ccf654b-1077-4277-9a24-099fb3bf095f",
        "relationship--2d0510d6-765b-4352-8ddc-36556831215b",
        "relationship--349025c3-f266-41ce-a738-330b5e7f1b4e",
        "relationship--37aa4e22-824b-468c-ae46-d9d007cc7cc7",
        "relationship--37ba7858-8765-4445-a65e-d2765b673b34",
        "relationship--3922a8b2-5a5d-4822-be22-75f246d56fa4",
        "relationship--3c630128-27ba-4c71-b09a-c9ac39e7acac",
        "relationship--452ebe8a-fc71-42e2-994f-2a974ab16c8d",
        "relationship--506ed241-ba1e-47da-901a-d1943510d4b5",
        "relationship--5647a587-99fc-497b-80b7-ed63ee6126a6",
        "relationship--580254b6-1227-4c7d-a7b5-c4e7908e0acb",
        "relationship--597555f7-33e3-4699-9acf-9c7f15a850c9",
        "relationship--5b530bcc-d137-4b4c-a22f-a3c15ec2f101",
        "relationship--5c039dbf-c443-4f9b-b036-fcabaed74a3b",
        "relationship--5c6b16c7-9977-4d40-b0df-75eecf350298",
        "relationship--5cabd775-7d78-4150-b529-bb8cfb747013",
        "relationship--60269020-6ab2-496a-9649-3b1cd707aced",
        "relationship--62a81aa2-bba1-47f3-81bc-ddc1912e2540",
        "relationship--65f315be-e62d-44a5-b21a-7211041a75bb",
        "relationship--66db460f-5e90-4a79-a34c-f757f6c0b3ee",
        "relationship--684b6701-559f-4ba9-a2b0-f79ed5683eb1",
        "relationship--6c6a8e6f-3340-4cd7-8abb-c39c408440f1",
        "relationship--6c92e9a2-ed4b-40ba-831e-91fcc60aebd4",
        "relationship--6f0b6cfd-ebe2-46f3-9be1-0075237dbcb9",
        "relationship--6fb99c55-5c27-4069-8348-2540f10848ba",
        "relationship--718851be-6d2e-4073-86e1-d331198e2bc3",
        "relationship--7e555910-0e1b-403d-a369-e7a2e8e61670",
        "relationship--7e588158-1962-42d4-b836-0a2c764fdc5e",
        "relationship--829794bf-ad71-4f31-8e78-df712d751419",
        "relationship--842c8968-1dab-46f9-838d-cb29d748fe5a",
        "relationship--84bc4ba8-ab0e-4c60-92ed-26496a831611",
        "relationship--874d4046-5b9a-4f60-88f4-79ae63a70a1e",
        "relationship--87c11236-9f13-4179-aa6f-7b0fe9124a13",
        "relationship--87e49c65-5484-47f3-bcd6-a8cc6308c3f2",
        "relationship--887465a0-6818-4e79-b86d-b83d3a0f39eb",
        "relationship--8d305ed1-3ac5-4431-ae3c-766d430d9d5f",
        "relationship--8e0dd075-33a5-464a-822e-f0878982ebf8",
        "relationship--9b1709f3-5062-42f1-82d9-191e66e1d14a",
        "relationship--9c2766b3-87ff-4ec7-9ff4-faa3d4572eb4",
        "relationship--9d7c40f1-44ad-47ec-9a07-bc3b8f2d2cd1",
        "relationship--9da66aaa-79be-426c-8abe-3c68a9159e8b",
        "relationship--9e6bbb1a-95c6-4f51-9aff-6b424c731cfc",
        "relationship--a27943d2-6839-4be3-81ea-19ea6704d218",
        "relationship--a5b0b3ae-737a-4f2b-bbe9-23ca214eb733",
        "relationship--a7653df0-63f4-4632-b5a2-6b00aead446f",
        "relationship--abdf9690-d578-4f86-a2cc-295c2789bb4e",
        "relationship--b4c195b6-7b1f-4320-8040-e91c11ec8cbb",
        "relationship--b84a9cf4-976d-452d-8de0-76e318078a5c",
        "relationship--ba116238-1da4-415f-94a8-d4c577a16561",
        "relationship--baefaf38-da2d-4864-9c96-3bf2352bc20b",
        "relationship--bf906149-256b-4c05-971e-843c026a9a43",
        "relationship--c235df18-28b1-48f9-bcfb-38f671005b5e",
        "relationship--cb51ada4-7c8e-4f4b-a70c-af7f764ac878",
        "relationship--cb7005a8-0c69-4f5f-b14c-aae0c8e2cced",
        "relationship--cc4635e6-bc84-4c22-a3e0-d09a57f3a888",
        "relationship--cf60408f-5101-4cdf-935f-c5436071d6d0",
        "relationship--d29db5f7-25cb-49e3-81da-04263e32b65c",
        "relationship--e5a99bb2-c6d6-4a9c-bf31-4edd1d602c4e",
        "relationship--e7550495-1f2c-4987-abdf-a48ec93d43da",
        "relationship--ed3d84f6-542f-418b-9769-4bfd10246371",
        "relationship--f3a6ce37-9b55-481f-9dc2-8de69f77a674",
        "relationship--f4303403-0d93-4267-ba4c-a1d4e20d87cd",
        "relationship--f49c7cda-92f7-425b-b371-35ef14d0375d",
        "relationship--f7fee577-ea37-4d2b-9353-8bfada984f55",
        "relationship--fce88056-31db-43be-be76-fb1aaf076ed1",
        "relationship--fe18ff64-8ea8-4e21-97b5-5c46a57a39d9"
    ],
    "graph_nodes": [
        {
            "count": 69,
            "id": 0,
            "texts": [
                "DCSrv",
                "menuPass",
                "SVCReady",
                "APT41",
                "Attor",
                "RDAT",
                "Kimsuky",
                "Carbanak",
                "SUGARDUMP",
                "POWERSTATS",
                "FIN7",
                "Fysbis",
                "Meteor",
                "RainyDay",
                "Shamoon",
                "ZxxZ",
                "build_downer",
                "PingPull",
                "PROMETHIUM",
                "StrongPity",
                "Seasalt",
                "KONNI",
                "SLOTHFULMEDIA",
                "APT-C-36",
                "FunnyDream",
                "attacker",
                "Okrum",
                "Uroburos",
                "ShimRat",
                "Egregor",
                "Machete",
                "APT32",
                "Tarrask",
                "Hildegard",
                "Wizard Spider",
                "TinyTurla",
                "SysUpdate",
                "BITTER",
                "Truvasys",
                "RTM",
                "FIN6",
                "Nebulae",
                "Naikon",
                "NightClub",
                "Nidiran",
                "Bazar",
                "Crutch",
                "Emotet",
                "OSX_OCEANLOTUS.D",
                "Fox Kitten",
                "Kwampirs",
                "Catchamas",
                "threat actors",
                "DEADEYE",
                "ZIRCONIUM",
                "Green Lambert",
                "Magic Hound",
                "KillDisk",
                "APT29",
                "Higaisa",
                "Lazarus Group",
                "Turian",
                "InvisiMole",
                "GoldMax",
                "ComRAT",
                "attacker",
                "BackdoorDiplomacy",
                "APT41",
                "Black Basta"
            ],
            "label": "ACTOR"
        },
        {
            "count": 168,
            "id": 1,
            "texts": [
                "service",
                "legitimate svchost.exe process",
                "PlugX",
                "service",
                "Corel Writing Tools Utility",
                "task",
                "RecoveryExTask",
                "persistence activity",
                "SCHTASKS /Change",
                "legitimate scheduled tasks",
                "code",
                "dispatcher",
                "legitimate task",
                "Maze operators",
                "scheduled tasks",
                "\"Google Chrome Security Update",
                "\"Windows Update Security Patches",
                "\"Windows Update Security",
                "ransomware",
                "Windows Video Service",
                "services",
                "services",
                "benign software",
                "operating system functions",
                "services",
                "scheduled task",
                "\"MicrosoftEdge",
                "scheduled task",
                "\"AdobeFlashSync",
                "rsyncd and dbus-inotifier services",
                "Windows Power Efficiency Diagnostics report tool",
                "RawPOS",
                "services",
                ", \"Microsoft Support",
                "\"Windows Advanced Task Manager",
                "\"Windows Management Help Service",
                "names",
                "services",
                "tasks",
                "\"ntssrv",
                "service",
                "service",
                "Microsoft Network Realtime Inspection Service",
                "time change attempts",
                "\"MaintenaceSrv\" service",
                "maintenance",
                "Windows security update service",
                "detection",
                "Onedrive",
                "IP Helper",
                "legitimate services",
                "iphlpsvc",
                "services",
                "service",
                "\"SaSaut",
                "apparent attempt",
                "System Authorization Service",
                "legitimate service",
                "xmlProv Network Provisioning service",
                "service",
                "purpose",
                "TaskFrame",
                "scheduled tasks",
                "service",
                "WSearch",
                "legitimate Windows service",
                "packed applications",
                "service",
                "NtmsSvc",
                "service",
                "WerFaultSvc",
                "legitimate Windows error reporting service",
                "Windows services",
                "antivirus products",
                "detection",
                "svchost.exe process",
                "scheduled task",
                "\"WinUpdate",
                "Linux process",
                "scheduled tasks",
                "TrickBot",
                "task names",
                "WinDotNet",
                "Sysnetsf",
                "GoogleTask",
                "malware binaries",
                "Windows service",
                "malware",
                "Windows Security update service",
                "attempt",
                "TaskMgr",
                "legitimate Windows Task Manager",
                "\"Windows Update",
                "scheduled task",
                "mstdc",
                "service",
                "\"Windows Update Agent1",
                "service taskmgr",
                "Task Manager",
                "IronNetInjector",
                "legitimate service",
                "PythonUpdateSrvc",
                "WmdmPmSp",
                "service",
                "Windows Media service",
                "Microsoft Security Accounts Manager",
                "service",
                "msamger",
                "task",
                "scheduled task",
                "service",
                "Windows Defender System Service",
                "user login",
                "task",
                "reverse proxy lpupdate",
                "InnaputRAT variants",
                "OfficeUpdateService",
                "service",
                "service",
                "attempt",
                "legitimate WMI service",
                "NetAdapter",
                "service",
                "apparent attempt",
                "legitimate service",
                "scheduled task",
                "schtasks /change",
                "scheduled tasks",
                "persistence mechanism",
                "binary",
                "executable",
                "Software Update Check",
                "script",
                "CacheTask.bat",
                "legitimate task",
                "service",
                "Exaramel",
                "Exaramel for Windows dropper",
                "Windows service",
                "wsmprovav",
                "with",
                "apparent attempt",
                "legitimate service",
                "shellcode loader",
                "binary svchast.exe",
                "legitimate svchost.exe",
                "scheduled task",
                "SRCheck",
                "Volgmer variants",
                "services",
                "Windows",
                "Background",
                "Application",
                "Security",
                "hard-coded strings",
                "legitimate service",
                "normal operations",
                "systems management software",
                "detection",
                "Windows SQM Consolidator",
                "Heyoka Backdoor",
                "malicious script",
                "backdoor droppers",
                "normal operations",
                "services",
                "FAX",
                "service",
                "legitimate service"
            ],
            "label": "FUNCTION"
        },
        {
            "count": 24,
            "id": 2,
            "texts": [
                "instance",
                "\"Google Chrome Security Update",
                "\"Windows Update Security Patches",
                "\"Windows Update Security",
                "\"MicrosoftEdge",
                "scheduled task",
                "\"AdobeFlashSync",
                "Onedrive",
                "IP Helper",
                "legitimate services",
                "iphlpsvc",
                "victim machines",
                "Removable Storage",
                "compromised systems",
                "Microsoft Security Accounts Manager",
                "service",
                "msamger",
                "Outlook item finder",
                "Windows",
                "Windows",
                "Background",
                "Application",
                "Security",
                "hard-coded strings"
            ],
            "label": "COMPONENT"
        },
        {
            "count": 61,
            "id": 3,
            "texts": [
                "display name",
                "description",
                "task name",
                "name",
                "legitimate service names",
                "Windows OS version",
                ", \"Microsoft Support",
                "\"Windows Advanced Task Manager",
                "\"Windows Management Help Service",
                "names",
                "display name",
                "description",
                "Newer versions",
                "descriptions",
                "names",
                "display name",
                "AppServicesr",
                "scheduled tasks names",
                "acrotyr",
                "names",
                "fake description",
                "display name",
                "data",
                "task names",
                "hidden or non-printing characters",
                "service names",
                "Unicode no-break space character",
                "legitimate Flash installer file name",
                "legitimate service name",
                "task names",
                "WinDotNet",
                "Sysnetsf",
                "GoogleTask",
                "document file names",
                "unit configuration file",
                "unit files",
                "value",
                "\"psexec\" service name",
                "legitimate version",
                "name",
                "name",
                "service name",
                "display name",
                "file naming conventions",
                "associated executable locations",
                "LaunchAgent plist file",
                "display name",
                "WMI Performance Adapter Extension",
                "Dropbox Update Setup",
                "run key",
                "Plug-And-Play Support name",
                "display names",
                "Windows",
                "Background",
                "Application",
                "Security",
                "hard-coded strings",
                "legitimate service name",
                "task name",
                "naming conventions",
                "name"
            ],
            "label": "DATA"
        },
        {
            "count": 42,
            "id": 4,
            "texts": [
                "part",
                "itself",
                "legitimate",
                "benign",
                "\"ntssrv",
                "service",
                "legitimate",
                "Helps",
                "word",
                "legitimate",
                "legitimate",
                "service",
                "\"SaSaut",
                "FIN13",
                "AppServicesr",
                "scheduled tasks names",
                "acrotyr",
                "those",
                "service",
                "WerFaultSvc",
                "scheduled task",
                "\"WinUpdate",
                "itself",
                "legitimate",
                "benign",
                "legitimate",
                "WmdmPmSp",
                "service",
                "benign",
                "itself",
                "WinDefService",
                "which",
                "legitimate",
                "legitimate",
                "\"WinUpdate",
                "legitimate",
                "legitimate",
                "Windows service",
                "wsmprovav",
                "with",
                "way",
                "itself"
            ],
            "label": "OTHER"
        },
        {
            "count": 1,
            "id": 5,
            "texts": [
                "discovered vulnerabilities"
            ],
            "label": "VULNERABILITY"
        },
        {
            "count": 4,
            "id": 6,
            "texts": [
                "network time protocols",
                "network",
                "dropped C2 connections",
                "legitimate Microsoft database"
            ],
            "label": "NETWORK"
        },
        {
            "count": 4,
            "id": 7,
            "texts": [
                "Registry Run key",
                "Registry Run key",
                "Dropbox Update Setup",
                "run key"
            ],
            "label": "REGISTRY"
        },
        {
            "count": 5,
            "id": 8,
            "texts": [
                "C:\\Windows directory",
                "directory",
                "/usr/lib/systemd/system/",
                "~/Library/OpenSSL/ folder",
                "tasks\\Microsoft\\Windows\\SoftwareProtectionPlatform\\EventCacheManager"
            ],
            "label": "DIRECTORY"
        },
        {
            "count": 1,
            "id": 9,
            "texts": [
                "user"
            ],
            "label": "USER"
        }
    ],
    "graph_edges": [
        {
            "id": "0_1",
            "source": 0,
            "dest": 1,
            "count": 80
        },
        {
            "id": "0_2",
            "source": 0,
            "dest": 2,
            "count": 4
        },
        {
            "id": "1_3",
            "source": 1,
            "dest": 3,
            "count": 15
        },
        {
            "id": "3_1",
            "source": 3,
            "dest": 1,
            "count": 14
        },
        {
            "id": "0_4",
            "source": 0,
            "dest": 4,
            "count": 18
        },
        {
            "id": "1_4",
            "source": 1,
            "dest": 4,
            "count": 14
        },
        {
            "id": "4_1",
            "source": 4,
            "dest": 1,
            "count": 7
        },
        {
            "id": "1_0",
            "source": 1,
            "dest": 0,
            "count": 2
        },
        {
            "id": "3_4",
            "source": 3,
            "dest": 4,
            "count": 2
        },
        {
            "id": "1_2",
            "source": 1,
            "dest": 2,
            "count": 6
        },
        {
            "id": "0_3",
            "source": 0,
            "dest": 3,
            "count": 21
        },
        {
            "id": "1_5",
            "source": 1,
            "dest": 5,
            "count": 1
        },
        {
            "id": "5_6",
            "source": 5,
            "dest": 6,
            "count": 1
        },
        {
            "id": "0_7",
            "source": 0,
            "dest": 7,
            "count": 3
        },
        {
            "id": "3_2",
            "source": 3,
            "dest": 2,
            "count": 1
        },
        {
            "id": "4_3",
            "source": 4,
            "dest": 3,
            "count": 3
        },
        {
            "id": "3_8",
            "source": 3,
            "dest": 8,
            "count": 3
        },
        {
            "id": "8_6",
            "source": 8,
            "dest": 6,
            "count": 1
        },
        {
            "id": "0_6",
            "source": 0,
            "dest": 6,
            "count": 1
        },
        {
            "id": "7_3",
            "source": 7,
            "dest": 3,
            "count": 1
        },
        {
            "id": "7_1",
            "source": 7,
            "dest": 1,
            "count": 3
        },
        {
            "id": "1_6",
            "source": 1,
            "dest": 6,
            "count": 1
        },
        {
            "id": "2_6",
            "source": 2,
            "dest": 6,
            "count": 1
        },
        {
            "id": "6_3",
            "source": 6,
            "dest": 3,
            "count": 1
        },
        {
            "id": "0_8",
            "source": 0,
            "dest": 8,
            "count": 2
        },
        {
            "id": "3_0",
            "source": 3,
            "dest": 0,
            "count": 1
        },
        {
            "id": "8_9",
            "source": 8,
            "dest": 9,
            "count": 1
        },
        {
            "id": "4_8",
            "source": 4,
            "dest": 8,
            "count": 1
        },
        {
            "id": "2_3",
            "source": 2,
            "dest": 3,
            "count": 1
        }
    ],
    "verbs": {
        "masquerade": 3,
        "as": 35,
        "in": 11,
        "add": 8,
        "with": 18,
        "of": 10,
        "name": 17,
        "use": 14,
        "modify": 2,
        "run": 1,
        "disguise": 7,
        "appear": 13,
        "create": 14,
        "launch": 1,
        "for": 7,
        "relate": 1,
        "copy": 1,
        "depend": 1,
        "schedule": 1,
        "be": 4,
        "target": 1,
        "misspell": 2,
        "to": 4,
        "mimic": 5,
        "evade": 1,
        "hide": 1,
        "on": 2,
        "establish": 1,
        "support": 1,
        "register": 2,
        "spoof": 3,
        "impersonate": 5,
        "avoid": 2,
        "exfiltrate": 1,
        "rename": 3,
        "append": 1,
        "re-establish": 1,
        "install": 1,
        "reside in": 2,
        "by": 2,
        "instal": 1,
        "from": 2,
        "upon": 1,
        "execute": 1,
        "mask": 1,
        "under": 1,
        "start": 1,
        "generate": 1,
        "blend": 2,
        "associate with": 1,
        "delete": 1
    }
}