{
    "id": "T1033",
    "tech_id": "T1033",
    "tech_name": "System Owner/User Discovery",
    "best_phrases": [],
    "tactics": [
        "TA0007"
    ],
    "features": [
        "DATA",
        "FUNCTION",
        "COMPONENT",
        "USER",
        "NETWORK",
        "REGISTRY"
    ],
    "locations": [
        "Linux",
        "macOS",
        "Windows",
        "Network"
    ],
    "procedures": [
        "relationship--00ce5c68-cb85-46d1-a6ba-7b2b767b0f09",
        "relationship--00e25bca-7df1-464e-94a4-cc13124e1d0c",
        "relationship--01c6d850-03c2-4ed0-ba1d-cf2cc9062106",
        "relationship--022ba33a-16f4-40de-b0b2-4961870aa0c9",
        "relationship--03251067-ee3a-49e4-addc-86daaa8a3203",
        "relationship--042001af-58f0-43c9-8747-5a0d0f7906f5",
        "relationship--044576aa-2ec0-4f88-9cb9-ec6817dda514",
        "relationship--05e02170-dc4f-4112-a54c-fde4d05632d7",
        "relationship--064cfeb5-9ddb-4dd2-ada4-cf9e65601dc5",
        "relationship--06711c3f-230b-4d44-9c88-4861c48d2716",
        "relationship--06ef19c1-8490-42cc-b345-45f3aa29fc5f",
        "relationship--09fbfb74-459a-441b-9e07-96c146a26be3",
        "relationship--0b126adc-3173-4751-978f-96b72913a346",
        "relationship--0bf4ebc1-e4e4-4d56-8380-cb9601de353f",
        "relationship--0df8e968-716a-4de9-9669-862af62d6eb6",
        "relationship--0efb0490-9935-4d51-8b2f-974e090bbc10",
        "relationship--1218d239-d7ee-44ba-a88d-6b76cb16324e",
        "relationship--128eeb8d-c492-4dbf-a423-0b68a4b53443",
        "relationship--143dbc8a-0b00-4510-aacf-96437d87ea2b",
        "relationship--147cd553-fd25-46ea-83ed-594cdb82c440",
        "relationship--14e02371-ba11-459d-9662-188e85d3cf7c",
        "relationship--1547f28f-d6b7-43cc-8b89-0eaa524648b8",
        "relationship--1567eaca-2b2e-44df-b447-87769738e00a",
        "relationship--17bace22-3930-4b7e-9fd1-1473da5496ff",
        "relationship--17bc166c-7598-4297-9cc1-1ee9ef4182a2",
        "relationship--17c50546-6ffb-462e-b4ec-2d7cd0b00f55",
        "relationship--199c92d9-dd54-4cb1-beef-3b6a97d12e82",
        "relationship--1c360b2c-8004-4978-ba70-b0bb2257a791",
        "relationship--1d3296a5-9a15-4bd9-a294-ee014348136c",
        "relationship--1d82c2f3-0bca-49a0-b731-296a436eb003",
        "relationship--1dfbbbe3-c04d-4ad6-98bf-15a9cd84ab06",
        "relationship--1f548074-df9e-4029-842b-7d774e2f1093",
        "relationship--1f5efc33-a643-4f9b-aae9-6c59208ff790",
        "relationship--1ffb7c73-5c51-48a3-85a0-b64111cccdd1",
        "relationship--208b9e1d-3de9-4de8-b8d4-e3a7ff3c72ec",
        "relationship--23f656c7-600f-46a7-8185-0edf45299bac",
        "relationship--25b8811b-3e73-40c7-b1fc-132eeb5a6f5e",
        "relationship--28ffc627-936b-4572-93f6-0c46cb361dda",
        "relationship--2b8418de-6474-49e2-84f0-01ffe6c07a42",
        "relationship--2d5c711d-dcd6-4d50-b91f-1fda5311eef5",
        "relationship--2ed969c0-be8f-43d1-8226-1009faefaa20",
        "relationship--2f8d5603-0876-41dd-9fdb-ca9dc0ad6253",
        "relationship--2fededb7-e713-495c-a317-919c037434a8",
        "relationship--31cd4eb1-f7b3-4030-b087-388d55faba03",
        "relationship--32218bd0-d598-4560-9a70-ab7d5c92f986",
        "relationship--3298bf92-55a2-49eb-aa5e-0530e8a51eeb",
        "relationship--32a62862-3dc9-4082-8570-d01abe25e00b",
        "relationship--331ebf73-af72-4121-815a-d10392ac75ab",
        "relationship--348f9f2e-c959-4485-9a0b-e95f6d4ceb72",
        "relationship--36c4252b-fc24-467e-b56b-56ba29bb4026",
        "relationship--375f92a4-13b2-4640-b192-c34eb2b91c9c",
        "relationship--38f5765d-0e42-4e63-9411-185983c6ca21",
        "relationship--395fbd2c-7827-49b3-8121-72d54181f0b1",
        "relationship--39e6a7c0-5eb8-49fe-aec7-9ae9fe70723a",
        "relationship--3ccef052-7ac9-47b1-9be6-8c140f279941",
        "relationship--3d602fec-cf94-4aa4-a4d9-cad286e6881f",
        "relationship--3e370a6e-2a3c-4e56-aa57-fecab8d09709",
        "relationship--3ef224b5-2edf-41c1-916f-1d80a7dc4ada",
        "relationship--40032198-f003-4171-92a0-faf038f62a0b",
        "relationship--412c7c8b-4821-4f08-a3d2-2da034f8343f",
        "relationship--41634cea-6236-4013-bda3-345bcba4f40f",
        "relationship--41c81917-ca17-4d7f-abdd-dcd408ad230d",
        "relationship--42205acc-2d23-4ea9-ac29-980b6517d908",
        "relationship--427a9eb9-659d-433c-9e2c-9a66d115a9a3",
        "relationship--439344c5-67e0-4d38-9b91-866392e5e232",
        "relationship--4579695f-22c6-4391-a508-da942c2e0570",
        "relationship--46452566-0f0f-4fe9-9cef-ef7e3d6eee36",
        "relationship--474912e8-0f81-439c-a613-51cbb9c0baa9",
        "relationship--47a31ea1-4b4d-4141-9d41-07d3b229913c",
        "relationship--4a7a38c4-fb6d-420e-ac37-0c774c7b3a9f",
        "relationship--4abb6550-b362-4f8a-80e4-1d6f094a1e37",
        "relationship--4acb6288-8de5-4a5c-b7a4-68911ab148f9",
        "relationship--4b253464-5a8b-4129-ab1b-ab888314f900",
        "relationship--500130c0-d049-4e67-9bcc-d60a5f6dfd4c",
        "relationship--5014ae85-9335-40df-b03b-bc08964d4ff7",
        "relationship--5183147b-4563-4a01-a360-a419691e35f8",
        "relationship--524261f3-8b87-4c99-b99b-1e78032f072c",
        "relationship--549c2737-1097-4a16-8d4b-01ad0e3e689f",
        "relationship--57851829-665d-4871-9327-1734547f7d9d",
        "relationship--57de7812-f3b0-44d1-9548-856a26278568",
        "relationship--58a7f0d9-7c20-4808-b8be-bd6240267030",
        "relationship--590756ce-b948-4d62-9608-4fadf58681f4",
        "relationship--5bef7ca6-0d66-4d7c-9972-56781548222a",
        "relationship--5c46f9a0-fb83-473d-af9a-c1c98cfdd85b",
        "relationship--5cab522f-3469-4f57-97c5-f333c63691c0",
        "relationship--5ea72071-0251-4826-8a7b-7677ec52eadb",
        "relationship--5efe685d-66a6-4f1f-8779-4aae5db859d0",
        "relationship--5fc9189b-7c9b-43f7-8d60-96a1f497e395",
        "relationship--605478eb-c1c2-4029-bf36-9cc8981f2bee",
        "relationship--62bd74e2-ca03-4564-ae9b-75637c4c6acf",
        "relationship--6337062d-04c1-43df-a72b-8719a31102a0",
        "relationship--64006d31-51ea-4908-8b09-2650fdc6b4f8",
        "relationship--6635f23e-99e9-4978-9924-ccf6c199f84f",
        "relationship--693372c1-418e-45c3-9b0e-0c21d705d1d2",
        "relationship--6b1fd87c-b8d1-4ea1-9cc3-bc4fb1cd2fbd",
        "relationship--6c71a59f-05e6-44cc-ace5-33200e1f0846",
        "relationship--6cd6dc77-210e-41d7-b534-88d5c21e6a9b",
        "relationship--6cdada54-681f-47ac-834b-4d4e2c86ec75",
        "relationship--6cf42ee6-a064-4d8a-99d4-8aa0f878ae2a",
        "relationship--6d8147e4-fca3-4348-9376-dd96cc7b9e30",
        "relationship--6eb55cc5-1c90-44ce-ab80-0c938521f1cf",
        "relationship--6f037ffb-3e85-41d0-8c48-ae36d0996d57",
        "relationship--707d131d-39ff-4ea0-a8ef-63dd7ca2a854",
        "relationship--70bed654-4c16-456a-8691-4f2bf1c916cc",
        "relationship--719f0c42-8eb8-461b-8f35-cf5dfc42e47b",
        "relationship--71f80d4d-daf5-4da2-811b-0ebd3365b79c",
        "relationship--731c3fa1-2af3-4b6e-ad0d-7942e8e966fb",
        "relationship--73717937-3d8f-402d-a222-b40d15a49cea",
        "relationship--7a181608-6005-4d42-b4a2-0e2de8b8ff95",
        "relationship--7ac10827-9bf6-4d60-aa16-9f2d2930b373",
        "relationship--7b143b11-1fe5-4dc1-9790-3cd05659adc4",
        "relationship--7ed13f1b-fa49-4b4e-9bc8-935012710d5f",
        "relationship--8087182b-73c3-4efa-aad6-36498531f728",
        "relationship--80a8ee57-3169-4928-aa94-56d356b72931",
        "relationship--80e484a4-e5b5-4de1-81c7-2bd1a927d156",
        "relationship--818a401d-dd4d-426a-b89c-d33625380b8b",
        "relationship--82404260-b720-4f23-a162-81a9d6735c1e",
        "relationship--82927a23-3e5e-4892-b788-c35cc6e649a5",
        "relationship--830b40b0-ffc8-4847-8849-27b62c9e84b6",
        "relationship--8519b4c1-55c5-46be-8bdb-aa2a6ee2cb1a",
        "relationship--85278437-ae97-477e-b7cf-d2bad3fd1c6e",
        "relationship--8607f9cc-dd15-49a8-8e6a-55e1338591e9",
        "relationship--8732cda7-068e-439d-a25a-1b056363d1f7",
        "relationship--89baa1ed-a6f9-4da6-9448-c74d8f8a638b",
        "relationship--8bb44b86-379d-49ba-9b28-2451e69db30d",
        "relationship--8ebab956-4440-4fd7-96ff-8da29e0f0b46",
        "relationship--8f9cee62-46ce-4ede-a478-6002962528a7",
        "relationship--93965fb7-e50d-45c8-a0db-354ce8ee05b8",
        "relationship--9613ad57-7f24-4dff-bea3-2626d8b2c335",
        "relationship--9718f2c1-99f3-4fa2-8293-44f2b30bba70",
        "relationship--986f3f81-7872-4c99-a704-4e53f2936e26",
        "relationship--98f55ec9-3170-41ad-9bac-c921fa4a29ea",
        "relationship--9e1daa60-db2d-4671-b96f-3ebebe1977cc",
        "relationship--9ee385ef-7e78-47bf-be25-8ba112f9280e",
        "relationship--a0b16d25-48f0-42e5-be32-8b831e18c869",
        "relationship--a1e9769e-5172-4959-84d3-5a28796f86e1",
        "relationship--a3849766-140d-4dc0-86ca-1e3ad38c15b5",
        "relationship--a5ffea60-7694-48cd-92e9-b755669b2fdb",
        "relationship--a6150e37-2411-409f-82a0-e259d55d1166",
        "relationship--aa64ee12-ae96-40fe-ba37-a8893cd321ec",
        "relationship--aad1cfa0-0df0-4768-87c2-5e59da2c5e44",
        "relationship--ab51438e-c79f-4fc5-b331-a85dc892b604",
        "relationship--aca710ff-23a3-4c78-b75a-dfe6cad337a9",
        "relationship--ada55a0e-2f38-4da1-9ebd-8dd2f2461dfc",
        "relationship--ae12b657-a640-40c6-99b7-931ed10705de",
        "relationship--af66e48f-3232-4f78-ad3e-5a404f7ae3a1",
        "relationship--af6e3f9e-7c71-484d-ab8e-5adaaaedea36",
        "relationship--b22cebe6-129a-41a2-8a9e-70c222c88af6",
        "relationship--b47d8f5e-7c09-4f40-a5a8-ccce10a8363b",
        "relationship--b609347d-0089-4021-86a6-706ef1abc95e",
        "relationship--b92d20d6-f6c3-4e5d-9f05-a06d45603617",
        "relationship--ba2c0c39-5b92-45d1-827f-5f2b454d3981",
        "relationship--bd62c9fa-b1d4-4fb9-a892-99703e1f794d",
        "relationship--bd8aaa70-710d-45a7-bb43-6b2e37f7c797",
        "relationship--bfb687f5-0c7d-4ac3-a295-26f1b96dc360",
        "relationship--c0f13745-074b-46ba-ae7a-03385ef79d31",
        "relationship--c22f5416-2726-491e-ae10-35ec32ff9173",
        "relationship--c5540ad5-b651-498f-abd4-fe521f1288f9",
        "relationship--c737cde1-271e-4f00-9692-3784e075c24d",
        "relationship--c78a0329-8160-40d2-83f4-f5076671e786",
        "relationship--c7c2e904-7797-4d67-a0bf-dae4abf53689",
        "relationship--caf951a5-6952-4966-941d-71d9cd598b28",
        "relationship--cb68541e-3ca7-4e2d-892d-c30b50107b39",
        "relationship--cea7b276-d2be-4af4-adaf-28eb26079098",
        "relationship--d1222ff7-b93c-40a7-99bd-217d795d8d58",
        "relationship--d1d496f1-fa91-404e-a93a-97670817717a",
        "relationship--d1f2ae2f-66e2-4dff-a806-75097d6c9c19",
        "relationship--d219ed2b-2877-450f-9a69-a30f36497d14",
        "relationship--d2d9a619-4379-4e15-9115-40ca9209f316",
        "relationship--d54e7a92-0601-4b77-8675-46e33b577b4d",
        "relationship--d56e3076-7221-4e3b-8628-d8c50982892d",
        "relationship--d9089fda-0f17-43d2-bd5b-b9cd441bb4e2",
        "relationship--d979c181-32f5-4977-8ca9-30a1edc595c0",
        "relationship--d9a670e7-9076-4a4f-8861-981bb04b946f",
        "relationship--d9d7d861-66c9-469e-8baa-d72c7844a40f",
        "relationship--db5506f9-9451-471f-bb68-845c281be09c",
        "relationship--dd06865b-d8fa-4626-8ebd-e75289377c4c",
        "relationship--dfa0d5cd-0e3d-4e21-ad3f-3653134cfa8b",
        "relationship--e0566454-eca2-4623-9366-87827c0d3f1b",
        "relationship--e0a0966c-7a2f-41b3-962f-3a6b22a5a8a9",
        "relationship--e0bb9da4-4cf5-4fcc-89c9-2cf174a34cae",
        "relationship--e13ba463-59c5-4e50-9aeb-420ab5e677db",
        "relationship--e3fe5089-90fc-47e6-afc7-fb0c41ba7c0c",
        "relationship--e4960a7a-c280-4356-8b03-b848c68acd05",
        "relationship--e6e95c9e-0f7d-4611-a40a-95fd7ee9f206",
        "relationship--e96e17e7-4349-4393-b875-5bab4e8ffa5a",
        "relationship--ec037573-058a-43d5-a76e-bd76e99953dd",
        "relationship--ec6dc634-8214-4817-aabb-30ffb19ad4cc",
        "relationship--ef041776-abd8-4e6f-8737-07e724e68cd1",
        "relationship--f130830a-f796-43a0-8415-58ad2b3aae63",
        "relationship--f2da9aaa-de4a-4825-b82d-d07ecc34e35c",
        "relationship--f3d2f8a8-da3a-4635-90e5-95f6fee86a9c",
        "relationship--f3faf032-132b-421b-adea-2e95f214807f",
        "relationship--f52cb753-6f2f-4f23-834a-75510e8fb47a",
        "relationship--f5bbb96e-40b9-4a8c-a53d-bcd843daeac2",
        "relationship--f62b29cb-b483-41b3-9724-ab7a376dd2c6",
        "relationship--f778e7e2-6119-4417-9f30-dfce65f6afe9",
        "relationship--f8c2b8e1-7439-48df-a8c3-6796fd4bb142",
        "relationship--fc43ba07-ffa2-4617-95ac-7ff6462eccd0",
        "relationship--fc52b3a9-96b2-4595-bedf-54289a42117a",
        "relationship--fce2d07b-7bc7-497a-b21a-75a23fbccf50",
        "relationship--fcfb3ce0-01a0-4f92-8e18-b323202d095d",
        "relationship--fea6e347-95f5-4d97-8781-4cc15d6b5b0c"
    ],
    "graph_nodes": [
        {
            "count": 185,
            "id": 0,
            "texts": [
                "Trojan.Karagany",
                "PoetRAT",
                "Goopy",
                "Zebrocy",
                "Lizar",
                "Cannon",
                "Revenge RAT",
                "HAWKBALL",
                "DRATzarus",
                "TrickBot",
                "SDBbot",
                "WellMail",
                "ShadowPad",
                "SysUpdate",
                "ROKRAT",
                "Sandworm Team",
                "POWERSTATS",
                "Saint Bot",
                "Diavol",
                "Squirrelwaffle",
                "Lucifer",
                "Aria-body",
                "SUNBURST",
                "BoomBox",
                "BLUELIGHT",
                "MechaFlounder",
                "Rifdoor",
                "SodaMaster",
                "metaMain",
                "SHARPSTATS",
                "ZxxZ",
                "Mafalda",
                "Clambling",
                "Emotet",
                "APT38",
                "NDiskMonitor",
                "BabyShark",
                "SpeakUp",
                "WellMess",
                "DarkWatchman",
                "Cardinal RAT",
                "SLOTHFULMEDIA",
                "MacMa",
                "SslMM",
                "Octopus",
                "Ixeshe",
                "FELIXROOT",
                "StrifeWater",
                "KONNI",
                "Grandoreiro",
                "Micropsia",
                "VERMIN",
                "Denis",
                "EVILNUM",
                "Neoichor",
                "Metamorfo",
                "Epic",
                "Azorult",
                "MirageFox",
                "NOKKI",
                "DarkComet",
                "Agent Tesla",
                "Bumblebee",
                "Dyre",
                "Chaes",
                "Woody RAT",
                "FIN8",
                "Mis-Type",
                "S-Type",
                "yty",
                "Reaver",
                "ServHelper",
                "Backdoor.Oldrea",
                "NanHaiShu",
                "Bazar",
                "MarkiRAT",
                "Ke3chang",
                "Mosquito",
                "RGDoor",
                "Unknown Logger",
                "WINERACK",
                "FIN7",
                "HotCroissant",
                "Action RAT",
                "STARWHALE",
                "Lokibot",
                "Explosive",
                "Rising Sun",
                "AuTo Stealer",
                "Get2",
                "SVCReady",
                "HAFNIUM",
                "Threat Group-3390",
                "APT41",
                "RATANKBA",
                "FlawedAmmyy",
                "njRAT",
                "UPPERCUT",
                "More_eggs",
                "SynAck",
                "XAgentOSX",
                "Okrum",
                "RTM",
                "MoonWind",
                "JPIN",
                "QUADAGENT",
                "WINDSHIELD",
                "APT19",
                "Chrommme",
                "SideTwist",
                "GrimAgent",
                "FIN10",
                "APT32",
                "Gold Dragon",
                "threat actors",
                "Felismus",
                "APT39",
                "Milan",
                "QakBot",
                "Turian",
                "APT37",
                "threat actors",
                "POWRUNER",
                "InvisiMole",
                "Tropic Trooper",
                "Valak",
                "Remsec",
                "threat actors",
                "BADHATCH",
                "PowerDuke",
                "Earth Lusca",
                "RogueRobin",
                "Kwampirs",
                "ZxShell",
                "Agent.btz",
                "Crimson",
                "DownPaper",
                "attacker",
                "SombRAT",
                "Kazuar",
                "threat actors",
                "ZIRCONIUM",
                "FunnyDream",
                "Egregor",
                "Chimera",
                "SMOKEDHAM",
                "RCSession",
                "Patchwork",
                "DnsSystem",
                "Linux Rabbit",
                "attacker",
                "Gelsemium",
                "LuminousMoth",
                "Spark",
                "Flagpro",
                "T9000",
                "GALLIUM",
                "Wizard Spider",
                "APT41",
                "WinMM",
                "attacker",
                "OilRig",
                "HEXANE",
                "zwShell",
                "RedLeaves",
                "GravityRAT",
                "Caterpillar WebShell",
                "PyDCrypt",
                "PowerShower",
                "ObliqueRAT",
                "Windshift",
                "MuddyWater",
                "Gazer",
                "LiteDuke",
                "Amadey",
                "Bonadan",
                "Dragonfly",
                "Cryptoistic",
                "BISCUIT",
                "CreepySnail",
                "threat actors",
                "KOPILUWAK",
                "BlackCat",
                "Sidewinder",
                "Sys10"
            ],
            "label": "ACTOR"
        },
        {
            "count": 150,
            "id": 1,
            "texts": [
                "information",
                "username",
                "generated UUID",
                "computer name",
                "username",
                "user name",
                "users",
                "username",
                "username",
                "user name",
                "hostname",
                "users",
                "network shares",
                "sets",
                "inactive users",
                "primary users",
                "logged in users",
                "users",
                "active users",
                "victim username",
                "information",
                "username",
                "username",
                "username",
                "username",
                "user name",
                "user name",
                "users",
                "username",
                "usernames",
                "UID",
                "user accounts",
                "session details",
                "privilege level",
                "username",
                "username",
                "information",
                "victim username",
                "victim usernames",
                "user session information",
                "username",
                "user information",
                "system user information",
                "information",
                "username",
                "user names",
                "user",
                "OS X version",
                "victim username",
                "permissions",
                "victim user name",
                "admin privileges",
                "username",
                "username",
                "user i",
                "local information",
                "users",
                "username",
                "username",
                "username",
                "users",
                "sessions",
                "privileged users",
                "username",
                "usernames",
                "users",
                "user name",
                "usernames",
                "victim username",
                "users",
                "usernames",
                "passwords",
                "information",
                "session information",
                "local users",
                "saved usernames",
                "information",
                "whoami information",
                "logged user information",
                "name",
                "SID",
                "information",
                "user accounts",
                "username and account type",
                "username",
                "registered owner details",
                "owner and organization information",
                "victim username",
                "file",
                "victim username",
                "victim user name",
                "username",
                "username",
                "information",
                "users",
                "information",
                "victim username",
                "username",
                "user information",
                "information",
                "users",
                "user and administrator privileges",
                "system owner information",
                "victim username",
                "information",
                "registered user and primary owner name",
                "Windows user name",
                "systems",
                "infected users",
                "associated user and computer account names",
                "hostname",
                "Top-Level Domain",
                "username",
                "username",
                "username",
                "logged in account",
                "information",
                "local user",
                "privileges",
                "Linux version",
                "victim user ID",
                "\"Admin\" account",
                "name",
                "information",
                "victim username",
                "account information",
                "account type",
                "name",
                "status",
                "description",
                "SID",
                "user accounts",
                "username",
                "blocklisted usernames",
                "username",
                "username",
                "security identifier",
                "account name",
                "user name",
                "username",
                "data",
                "username",
                "username, machine name, and administrative permissions information",
                "username",
                "user details",
                "user name",
                "information",
                "user name",
                "elevated privileges",
                "account name"
            ],
            "label": "DATA"
        },
        {
            "count": 66,
            "id": 2,
            "texts": [
                "compromised host",
                "system",
                "infected machine",
                "compromised host",
                "victim system",
                "compromised host",
                "system",
                "system",
                "victim machine",
                "compromised machine",
                "machine",
                "compromised host",
                "infected machine",
                "compromised machine",
                "machine",
                "infected host",
                "victim machines",
                "Linux",
                "machine",
                "infected hosts",
                "targeted system",
                "target machine",
                "Linux hosts",
                "Windows hosts",
                "remote systems",
                "machine",
                "machine",
                "remote host",
                "targeted system",
                "system",
                "targeted machine",
                "compromised system",
                "compromised system",
                "target system",
                "compromised machine",
                "targeted system",
                "compromised host",
                "compromised host",
                "targeted system",
                "systems",
                "infected users",
                "machine",
                "compromised host",
                "compromised hosts",
                "system",
                "SYSTEM",
                "remote machines",
                "local system",
                "compromised machines",
                "machine",
                "victim machines",
                "machine",
                "infected host",
                "compromised host",
                "targeted system",
                "compromised host",
                "victim hosts",
                "compromised host",
                "system",
                "compromised systems",
                "hosts",
                "targeted hosts",
                "victim machine",
                "compromised host",
                "compromised host",
                "System"
            ],
            "label": "COMPONENT"
        },
        {
            "count": 64,
            "id": 3,
            "texts": [
                "user",
                "user",
                "groups",
                "sets",
                "inactive users",
                "primary users",
                "logged in users",
                "victim",
                "compromised user",
                "infected user",
                "victim",
                "victim",
                "system owner",
                "user",
                "user",
                "victim",
                "user",
                "OS X version",
                "logged in users",
                "user",
                "victim",
                "logged on users",
                "victim",
                "victim",
                "victim",
                "victim",
                "logged in user",
                "victim",
                "user",
                "administrator",
                "user",
                "user",
                "victim",
                "user",
                "admin",
                "user",
                "logged in user",
                "logged on users",
                "system owners",
                "admin",
                "administrator",
                "standard user",
                "user",
                "victim",
                "victim user",
                "local user",
                "privileges",
                "root",
                "victim",
                "victim",
                "user",
                "logged-in user",
                "victim",
                "logged on user",
                "victim",
                "user",
                "victim",
                "user",
                "user",
                "user",
                "logged on users",
                "user",
                "victim",
                "logged-in user"
            ],
            "label": "USER"
        },
        {
            "count": 17,
            "id": 4,
            "texts": [
                "reply",
                "user",
                "groups",
                "logged-on",
                "signed-in",
                "d",
                "basis",
                "part",
                "/",
                "logonid&whoami",
                "upn&whoami",
                "all",
                "fqdn&whoami",
                "d",
                "Volt Typhoon",
                "anything",
                "zero"
            ],
            "label": "OTHER"
        },
        {
            "count": 93,
            "id": 5,
            "texts": [
                "\"who\" command",
                "NBTscan",
                "whoami command",
                "command quser",
                "tests",
                "implants",
                "whoami",
                "command cmd.exe /C quser",
                "whoami",
                "whoami",
                "Exaramel",
                "whoami",
                "whoami and query user commands",
                "initial infection",
                "capability",
                "getInfoOSX function",
                "Koadic",
                "user sessions",
                "Port 22 malware variant",
                "HTTP malware variant",
                "Pupy",
                "Meterpreter",
                "whoami command",
                "shellcode",
                "components",
                "users",
                "sessions",
                "Remexi",
                "Lazarus Group malware",
                "password cracking and pass-the-hash tools",
                "whoami",
                "letmein",
                "PowerShell scripts",
                "command",
                "whoami.exe",
                "commands",
                "whoami command",
                "QuasarRAT",
                "commands",
                "systeminfo",
                "net config workstation",
                "OsInfo function",
                "Komplex",
                "getinfo",
                "query user and whoami commands",
                "advanced reconnaissance",
                "BloodHound",
                "user sessions",
                "Magic Hound malware",
                "tool",
                "whoami",
                "tools",
                "quser command",
                "whoami commands",
                "Stealth Falcon malware",
                "WMI",
                "unique identification",
                "PowerShell command",
                "whoami command",
                "built-in command",
                "whoami command",
                "Gamaredon Group file stealer",
                "installation",
                "processes",
                "whoami",
                "query user",
                "whoami",
                "WMIEXEC utility",
                "whoami commands",
                "Derusbi",
                "NetUser-GetInfo",
                "whoami",
                "whoami",
                "Remote Desktop sessions",
                "whoami",
                "malware",
                "malware",
                "GetUserNameA.",
                "backdoor",
                "command query user",
                "command",
                "SILENTTRINITY",
                "getUsername",
                "Empire",
                "Empire",
                "network reconnaissance",
                "whoami",
                "net use commands",
                "tools",
                "module",
                "Prikormka",
                "APT3 downloader",
                "Windows command \"cmd.exe\" /C whoami"
            ],
            "label": "FUNCTION"
        },
        {
            "count": 18,
            "id": 6,
            "texts": [
                "C2",
                "C2 channel",
                "hard-coded C2",
                "domain",
                "C2",
                "C2",
                "target workstation",
                "C2",
                "C2",
                "C2",
                "C2",
                "socket",
                "port",
                "hostname",
                "Top-Level Domain",
                "C2",
                "infected endpoints",
                "C2"
            ],
            "label": "NETWORK"
        },
        {
            "count": 1,
            "id": 7,
            "texts": [
                "DLL"
            ],
            "label": "REGISTRY"
        }
    ],
    "graph_edges": [
        {
            "id": "0_1",
            "source": 0,
            "dest": 1,
            "count": 86
        },
        {
            "id": "0_2",
            "source": 0,
            "dest": 2,
            "count": 29
        },
        {
            "id": "1_3",
            "source": 1,
            "dest": 3,
            "count": 21
        },
        {
            "id": "1_2",
            "source": 1,
            "dest": 2,
            "count": 43
        },
        {
            "id": "0_4",
            "source": 0,
            "dest": 4,
            "count": 11
        },
        {
            "id": "1_4",
            "source": 1,
            "dest": 4,
            "count": 2
        },
        {
            "id": "4_5",
            "source": 4,
            "dest": 5,
            "count": 4
        },
        {
            "id": "5_6",
            "source": 5,
            "dest": 6,
            "count": 2
        },
        {
            "id": "0_3",
            "source": 0,
            "dest": 3,
            "count": 13
        },
        {
            "id": "3_2",
            "source": 3,
            "dest": 2,
            "count": 8
        },
        {
            "id": "4_2",
            "source": 4,
            "dest": 2,
            "count": 2
        },
        {
            "id": "3_1",
            "source": 3,
            "dest": 1,
            "count": 2
        },
        {
            "id": "5_1",
            "source": 5,
            "dest": 1,
            "count": 22
        },
        {
            "id": "5_2",
            "source": 5,
            "dest": 2,
            "count": 13
        },
        {
            "id": "0_6",
            "source": 0,
            "dest": 6,
            "count": 8
        },
        {
            "id": "0_5",
            "source": 0,
            "dest": 5,
            "count": 60
        },
        {
            "id": "1_6",
            "source": 1,
            "dest": 6,
            "count": 10
        },
        {
            "id": "4_6",
            "source": 4,
            "dest": 6,
            "count": 1
        },
        {
            "id": "2_3",
            "source": 2,
            "dest": 3,
            "count": 5
        },
        {
            "id": "5_4",
            "source": 5,
            "dest": 4,
            "count": 2
        },
        {
            "id": "5_3",
            "source": 5,
            "dest": 3,
            "count": 10
        },
        {
            "id": "3_5",
            "source": 3,
            "dest": 5,
            "count": 2
        },
        {
            "id": "3_6",
            "source": 3,
            "dest": 6,
            "count": 1
        },
        {
            "id": "1_5",
            "source": 1,
            "dest": 5,
            "count": 8
        },
        {
            "id": "4_3",
            "source": 4,
            "dest": 3,
            "count": 2
        },
        {
            "id": "4_1",
            "source": 4,
            "dest": 1,
            "count": 1
        },
        {
            "id": "6_2",
            "source": 6,
            "dest": 2,
            "count": 1
        },
        {
            "id": "0_7",
            "source": 0,
            "dest": 7,
            "count": 1
        },
        {
            "id": "2_5",
            "source": 2,
            "dest": 5,
            "count": 1
        }
    ],
    "verbs": {
        "gather": 19,
        "on": 56,
        "about": 7,
        "send": 6,
        "in": 4,
        "to": 13,
        "from": 37,
        "obtain": 12,
        "identify": 22,
        "collect": 35,
        "of": 33,
        "enumerate": 10,
        "connect to": 1,
        "use": 36,
        "list": 2,
        "encrypt": 1,
        "execute": 10,
        "retrieve": 3,
        "display": 1,
        "run": 10,
        "determine": 1,
        "for": 7,
        "during": 4,
        "have": 5,
        "contain": 1,
        "return": 1,
        "view": 1,
        "across": 1,
        "find": 1,
        "as": 5,
        "download": 1,
        "log into": 1,
        "register to": 1,
        "discover": 3,
        "be": 3,
        "scan": 1,
        "regard": 1,
        "by": 5,
        "get": 2,
        "capture": 1,
        "with": 6,
        "show": 1,
        "create": 1,
        "open": 1,
        "between": 1,
        "beacon": 1,
        "use for": 1,
        "under": 1,
        "along": 2,
        "probe": 1,
        "conduct": 1,
        "utilize": 1
    }
}