{
    "id": "T1037.005",
    "tech_id": "T1037.005",
    "tech_name": "Startup Items",
    "best_phrases": [],
    "tactics": [
        "TA0003",
        "TA0004"
    ],
    "features": [
        "REGISTRY"
    ],
    "locations": [
        "macOS"
    ],
    "procedures": [
        "relationship--68f6cc6d-b90b-4a56-a867-99b3a2786b11"
    ],
    "graph_nodes": [
        {
            "count": 1,
            "id": 0,
            "texts": [
                "jRAT"
            ],
            "label": "ACTOR"
        },
        {
            "count": 1,
            "id": 1,
            "texts": [
                "startup entries"
            ],
            "label": "REGISTRY"
        }
    ],
    "graph_edges": [
        {
            "id": "0_1",
            "source": 0,
            "dest": 1,
            "count": 1
        }
    ],
    "verbs": {
        "manage": 1
    }
}