{
    "id": "T1036.005",
    "tech_id": "T1036.005",
    "tech_name": "Match Legitimate Name or Location",
    "best_phrases": [],
    "tactics": [
        "TA0005"
    ],
    "features": [
        "FUNCTION",
        "DATA",
        "REGISTRY",
        "COMPONENT",
        "DIRECTORY",
        "NETWORK",
        "USER",
        "ENCRYPTION"
    ],
    "locations": [
        "Linux",
        "macOS",
        "Windows",
        "Containers"
    ],
    "procedures": [
        "relationship--01ab8fee-5204-40c1-ac7a-b11a5683a87d",
        "relationship--0529ea16-1644-455d-a682-27e1f04b8cd1",
        "relationship--069f77c1-aafd-4883-aecd-707802442427",
        "relationship--08057442-4b2c-4841-b351-8813431704e9",
        "relationship--095d33b5-523d-40ae-aad9-448910d527d3",
        "relationship--0f174d38-f30b-4037-a1bc-ecc099809966",
        "relationship--0fd5d3bc-d736-43c0-b9ec-f1dcd95411a7",
        "relationship--1088fc27-2de5-4b73-83fd-6741ab3ff4d6",
        "relationship--10976d43-afcf-44d5-bcbf-122f39e0cbff",
        "relationship--10c609ce-f256-436c-8288-3441cb123fc5",
        "relationship--11874e26-e692-43da-bb54-760e51a4714f",
        "relationship--1617d3d7-77c9-4a6b-bdd6-8914e0890495",
        "relationship--1ad60707-d84f-4768-9013-6b499de49c40",
        "relationship--1e049e66-14ce-46d5-8af1-d93ea35f4aec",
        "relationship--1e1045dd-0ae7-427e-a205-d41c88b0a5d9",
        "relationship--201502c6-d208-408b-b6f3-50e39dab14ca",
        "relationship--20384b7e-e720-44ed-9aea-7f6857ce18c1",
        "relationship--2174c465-8855-4c92-a683-97eb0eba9f7c",
        "relationship--237cd65a-e30e-4f8a-9822-f50b818e1491",
        "relationship--2443296f-a8fc-431d-9865-d68dd6142b37",
        "relationship--2463fa2a-0264-4287-a87b-3d4ada527ac5",
        "relationship--25398304-d7db-4180-864c-e123cd2ba041",
        "relationship--2843ccc2-4869-48a0-8967-b9856a778a2c",
        "relationship--285baef5-e948-4e56-a078-5e7f5e7404fd",
        "relationship--2c8a4c1a-0faf-444d-a6b2-556c55374fa2",
        "relationship--2d882b40-11c3-4b7e-a400-5e87ae2bd899",
        "relationship--2f33e27a-6fdf-4121-9e25-a307910b118f",
        "relationship--306ab1b7-4926-43ae-8989-b0dde2a43111",
        "relationship--30c69dcc-9cf7-4352-a30c-0e7bc86b38e7",
        "relationship--3564dc8e-09d0-4855-8a90-d4c28a9488e5",
        "relationship--378bf78e-6c5c-4466-9d6b-a494ae375526",
        "relationship--388e6809-55d3-4689-93b1-ddd9058b965c",
        "relationship--3a241a6c-11ee-4abc-a551-b5d4e594aad4",
        "relationship--3e79db26-a2ce-4233-a86c-5a97b10dd937",
        "relationship--3e82234f-db7b-4a0f-8c0a-979b01381a6a",
        "relationship--40b50ac5-b1c1-4f80-b350-460cc0ed9f9f",
        "relationship--4258f16d-4484-4b5f-8a2b-76366b2ee46c",
        "relationship--42d4ae64-75da-4dfd-b23f-d270252115ee",
        "relationship--44577477-b599-46f0-84bf-7e0de773d848",
        "relationship--47d25590-2bcb-4acf-81ac-24d7ef23db91",
        "relationship--4899bf68-d60e-4132-a962-faafd35f0c4a",
        "relationship--48b75b8b-5bef-4f99-baa8-5fa978d371d2",
        "relationship--49cf55fb-437d-439d-aeb7-466de585a0ed",
        "relationship--4a942244-9b88-43d0-9a1c-c0277e7903e8",
        "relationship--4d1b4d28-84c8-4ae4-9e04-c437dc391eac",
        "relationship--4da943df-a7dc-499f-a8b7-ca8d298d8ff6",
        "relationship--4feaa82b-a356-4412-be2b-daa6ea6df82c",
        "relationship--4ffe2425-c971-45e5-9256-0b1a2bf63bbf",
        "relationship--5017f2dc-e43e-438b-b63f-5f3f4603e9db",
        "relationship--506d7613-59ce-4fa4-90b3-f991691d5b93",
        "relationship--509a016a-6243-40b1-b1b5-74f6c79ce413",
        "relationship--5449bc94-31c6-471a-8525-23af9cdc25bd",
        "relationship--59d3a882-3f6d-442a-8fbe-bb2f9cecd2f5",
        "relationship--59e2e811-8f23-40bc-ae20-040feb1fa1fe",
        "relationship--5a1876a1-144f-4416-b9bf-6df819613962",
        "relationship--5bb90c4f-b260-4de2-8312-8de73df3fead",
        "relationship--5cba4a5e-c005-495d-9cd6-60794d9b3247",
        "relationship--654d9e83-9501-4de8-8828-1a1ebf36bc8f",
        "relationship--67e631d1-439f-4630-9662-8ea74ab10234",
        "relationship--67f1d68d-fe0f-4e65-8b2a-f614fda68e3c",
        "relationship--68017126-a4fe-4c2d-926d-fbc51ea8573c",
        "relationship--6828b200-b067-4667-9a77-9e434a625eaf",
        "relationship--6a1ddd06-a5bd-440b-aa19-285e7370477c",
        "relationship--6a9d5f63-e3f8-4980-834b-f83660095e5c",
        "relationship--6ef55051-c152-4491-a881-31ff98fb773e",
        "relationship--6f201842-1ce8-459f-a7a7-a81d6e7950a9",
        "relationship--7023af7e-91e0-4d7a-852e-ac7299820daa",
        "relationship--7148e604-1e3a-4a37-be3e-cde2fe20f9b6",
        "relationship--71b2b21e-bb44-47eb-85da-7a593419c0c5",
        "relationship--71fcb2f2-85d0-4d59-8d6e-8b5a1ccb7d29",
        "relationship--72b03734-7e03-4cfe-8f0f-2d366febfb79",
        "relationship--72cb3a93-f4c1-43a8-9a62-43bf1f6f4889",
        "relationship--74cc85f8-594d-428b-a44a-5ede87df0ad9",
        "relationship--75155c7f-3804-4f83-bbcb-4f654a5182e5",
        "relationship--772a4f4f-459d-411f-a8e9-2c453274f684",
        "relationship--78ba82a1-e803-42c1-b112-ce999369d348",
        "relationship--79d85e89-658e-4a38-b406-624fbe13ce9e",
        "relationship--7c73e018-a001-4de1-a607-3add2242bd73",
        "relationship--7caebc50-4c1b-4ac0-953b-705d9e1026f4",
        "relationship--7e7d5aa9-6860-44fe-88b9-22a6b36162e2",
        "relationship--81791886-02a4-4417-a2e7-d44f5a7f83bf",
        "relationship--81ab128a-9c3f-4237-b6b1-7f2b681a8719",
        "relationship--81f979db-6420-4686-9239-085ff2a8cc53",
        "relationship--822688d0-d948-414f-b26a-2110d222a233",
        "relationship--86b103ec-dfa0-4c0a-ad96-b885345b4711",
        "relationship--882002ca-25a6-4226-9cc4-3efe5f798449",
        "relationship--8996ab0b-8bc5-4c17-9bd5-a29b6c771f62",
        "relationship--8a2a70a5-044d-4869-9d11-10499c8848bc",
        "relationship--8ab4fa22-a24c-4596-996e-4abf190521da",
        "relationship--8b345565-9a36-4b4a-ace5-b4c50ea894ca",
        "relationship--8e824b6e-a0b7-4a57-9a7e-89b2c390beec",
        "relationship--8f8d2b41-acb9-4fdf-ad90-c59fd6fad882",
        "relationship--90e64a7a-42e6-4b95-ae85-5ac324d7f6e2",
        "relationship--91668436-9db8-4a88-9dc0-c55681f80a6f",
        "relationship--92348457-3761-4298-aedc-14fa7fd4810c",
        "relationship--945ebd48-f638-469c-a106-113ab8bbf408",
        "relationship--9b2a6cfa-3b05-4809-b778-3752bb152c2d",
        "relationship--a0a166b9-3aec-4dbe-b786-23f6439943eb",
        "relationship--a1086030-ec11-44fe-9965-919a9175f3ea",
        "relationship--a67d4b9b-0c8f-41d8-a7f2-6d4c61fcb1ea",
        "relationship--a8b39fac-bfe0-49c0-957f-8b8ebe2088c1",
        "relationship--a90a5b4d-b677-4a69-8fa0-feab294c9daf",
        "relationship--a980cbf6-262e-41c8-aec3-890ed77966ce",
        "relationship--abc4fb0a-cd49-438e-84bb-7000fbe48b1c",
        "relationship--aca1a51b-89a5-45e9-bce5-14b5a0a4c0f1",
        "relationship--ad1d9fc5-b971-4a89-a099-128317dd1e41",
        "relationship--b19ae2dc-9cbe-45b8-8b9c-ce0cd9add29a",
        "relationship--b3dac4f5-b074-41fa-8737-280c3369c73e",
        "relationship--b695f761-40ed-4988-935c-a1cf5e67c8d8",
        "relationship--b9ca1199-cb71-4435-84ec-75aee916d1ae",
        "relationship--bbf116bf-6f8a-44f4-9d98-db6ccbbff333",
        "relationship--bc1bee0f-2e60-452d-8e11-3ba3993ebbd9",
        "relationship--bcc68931-0e79-4dc2-898d-3e553a7a9669",
        "relationship--be215fcd-d28a-4aa4-9d40-16f536f4e8cb",
        "relationship--be94a9ae-e54a-427e-8caa-36cea954abcb",
        "relationship--bf672181-ef16-4d3a-a587-9ac82ac87b8a",
        "relationship--bfa9ae5f-0e45-4a43-9d37-00c9574a1528",
        "relationship--c5cf4822-a0bf-442a-9943-1937ac45520b",
        "relationship--c5fd969c-7fda-4f3a-9f54-1f1455f14956",
        "relationship--c7823efd-005f-49ad-94cf-ebc44a87abed",
        "relationship--c7c24601-7125-4079-9d48-138594b3f86c",
        "relationship--cc42a6c0-ce7c-442b-8ccc-cb5a9fba3462",
        "relationship--ccb80607-a8bf-4e6b-a3e3-1755cd317552",
        "relationship--ccd6c063-9699-4592-b903-3becc2008b91",
        "relationship--ceadd093-d60f-452e-a145-671d010bba50",
        "relationship--cebd1b11-835d-4d96-b1cf-7836bf50f403",
        "relationship--cf29f1f0-867f-4e08-9442-d10f75ec7702",
        "relationship--cfa19bf2-af5e-4050-a3d9-fbd9684b867e",
        "relationship--d0e52896-097b-4133-9aee-75b74a4bbc7c",
        "relationship--d297b77f-9511-429a-b148-d7b8f0b5b502",
        "relationship--d464c661-d4da-427f-8c16-dfc275735fe9",
        "relationship--d6829fd4-7c9b-495f-9689-d1be1939f99e",
        "relationship--d6d66a6f-dbc8-4d7b-b3fc-634f2765429a",
        "relationship--d77aa71a-e37f-4c8e-a4ad-b33a700afb7a",
        "relationship--d7a244fa-f52c-4e54-9088-6f9ccda8b2b9",
        "relationship--d8b43377-366c-42c6-a4d2-ddcfd1228bbf",
        "relationship--dbbef446-8cc0-43cc-bfae-6fc6d7310e67",
        "relationship--dccba6fb-529c-44c9-9d98-bea2bfc43f43",
        "relationship--dedfdac6-c76b-4baa-99ca-3f0233141d2d",
        "relationship--df69c29c-01c4-4541-988e-8a5765439d56",
        "relationship--e3038b75-63f6-44c2-9645-673bbf0ffa3b",
        "relationship--e3caf4ea-efa0-4919-8bef-1b56425f7ef5",
        "relationship--e51ab951-2e6f-4c7e-bd10-fe0dc0bb4671",
        "relationship--e68684df-28b4-4f06-b553-cacf14866605",
        "relationship--e7b5511a-3528-48d1-9224-6c5ff88b3825",
        "relationship--e8edf0d8-3c24-4082-9177-1bfb6e7d95c6",
        "relationship--e9b4a99d-6ddb-40bb-918a-363ddbdac448",
        "relationship--e9ddb0b6-298e-4061-b194-c9ea5d49c6d0",
        "relationship--ea606b59-74e1-495c-a93d-c04418d86eb6",
        "relationship--ebf39235-749f-400e-aeb9-185df9e43fe1",
        "relationship--ed136275-95b7-4f46-914c-a7f964558278",
        "relationship--ee4e5ea3-3d81-42ab-b259-9970f1f7d736",
        "relationship--efe1cabd-63cf-46d6-8010-93504832bc03",
        "relationship--f2502637-0d4a-4b94-928d-1f140f2d0ba1",
        "relationship--f49cdf8b-a093-4f24-8b22-d0489756cc0d",
        "relationship--f4f3a2bc-d359-400e-8b1e-95d71a20c323",
        "relationship--f5ce003c-c220-4c19-a45f-b2e2a6e924e2",
        "relationship--f82724f9-846b-442e-826c-a38a74a93737",
        "relationship--f863b935-fd1e-4604-be94-a7ae150b8d53",
        "relationship--f9dc35b9-5cf9-4dbf-a1fd-698c95c047c5",
        "relationship--fabd053f-487c-404f-b1b0-b090e442ff83",
        "relationship--fb9cf04b-ad28-472a-9ee3-a2e744e0e122",
        "relationship--fd534cf2-9818-492b-9f11-6e5e7994d77b",
        "relationship--fed23938-8fbc-4b67-8452-f2f413eed291",
        "relationship--ff438715-ffa8-4fa2-a69e-7126dd60bfb3"
    ],
    "graph_nodes": [
        {
            "count": 142,
            "id": 0,
            "texts": [
                "Mis-Type",
                "S-Type",
                "Misdat",
                "RainyDay",
                "TeamTNT",
                "MechaFlounder",
                "attacker",
                "SLOTHFULMEDIA",
                "REvil",
                "OwaAuth",
                "Bundlore",
                "attacker",
                "Cyclops Blink",
                "Gamaredon Group",
                "TinyTurla",
                "Carberp",
                "BRONZE BUTLER",
                "Pony",
                "NightClub",
                "Felismus",
                "APT41",
                "Grandoreiro",
                "Indrik Spider",
                "FIN7",
                "Skidmap",
                "threat actors",
                "APT29",
                "Tarrask",
                "OLDBAIT",
                "Sibot",
                "MuddyWater",
                "PyDCrypt",
                "WIRTE",
                "Patchwork",
                "BLINDINGCAN",
                "HermeticWizard",
                "RDAT",
                "ANDROMEDA",
                "Raindrop",
                "Transparent Tribe",
                "admin@338 actors",
                "Earth Lusca",
                "BackdoorDiplomacy",
                "KGH_SPY",
                "Ferocious Kitten",
                "attacker",
                "PUNCHBUGGY",
                "Octopus",
                "Ryuk",
                "HTTPBrowser",
                "NOKKI",
                "LightNeuron",
                "APT29",
                "APT28",
                "threat actors",
                "Penquin",
                "LookBack",
                "GoldenSpy",
                "Naikon",
                "AppleSeed",
                "Ursnif",
                "Machete",
                "Chimera",
                "ThiefQuest",
                "DRATzarus",
                "Bumblebee",
                "APT32",
                "SUNBURST",
                "Ke3chang",
                "QUADAGENT",
                "Ramsay",
                "APT41",
                "Tropic Trooper",
                "Magic Hound",
                "SUPERNOVA",
                "PlugX",
                "OSX/Shlayer",
                "Starloader",
                "Chaes",
                "PROMETHIUM",
                "Aoqin Dragon",
                "FoggyWeb",
                "NETWIRE",
                "USBStealer",
                "MarkiRAT",
                "threat actors",
                "LuminousMoth",
                "HermeticWiper",
                "Whitefly",
                "Nebulae",
                "Machete",
                "KOCTOPUS",
                "TEMP.Veles",
                "Carbanak",
                "threat actors",
                "Lazarus Group",
                "Doki",
                "SUNSPOT",
                "GoldMax",
                "BADNEWS",
                "SslMM",
                "Darkhotel",
                "APT1",
                "FinFisher",
                "Blue Mockingbird",
                "Sidewinder",
                "Saint Bot",
                "RotaJakiro",
                "ThreatNeedle",
                "Calisto",
                "PowGoop",
                "Daserf",
                "menuPass",
                "Metamorfo",
                "Sowbug",
                "Pysa",
                "APT39",
                "Kimsuky",
                "Green Lambert",
                "Fysbis",
                "Silence",
                "Chinoxy",
                "Fox Kitten",
                "ChChes",
                "Goopy",
                "SideCopy",
                "Bisonal",
                "Ixeshe",
                "BackConfig",
                "Cuba",
                "Mustang Panda",
                "StrongPity",
                "Gelsemium",
                "KONNI",
                "DarkComet",
                "EKANS",
                "threat actors",
                "InvisiMole",
                "ZLib",
                "QUIETEXIT",
                "Sandworm Team",
                "Rocke"
            ],
            "label": "ACTOR"
        },
        {
            "count": 90,
            "id": 1,
            "texts": [
                "itself",
                "which",
                "itself",
                "itself",
                "which",
                "that",
                "[",
                "kworker:0/1",
                "]",
                "legitimate",
                "Volt Typhoon",
                "legitimate",
                "TA2541",
                "App_Web",
                "_",
                "legitimate",
                "legitimate",
                "benign",
                "itself",
                "svchost.exe name",
                "legitimate",
                "group",
                "itself",
                "Microsoft",
                "Kaspersky",
                "Symantec",
                "VMWare",
                "Hewlett-Packard",
                "one",
                "Rabbit",
                "One",
                "benign",
                "benign",
                "itself",
                "that",
                "which",
                "Sieve",
                "Microsoft and Outlook spellings",
                "\"Microsift",
                "beginning",
                "itself",
                "itself",
                "\"adobe",
                "itself",
                "Microsoft",
                "those",
                "legitimate",
                "that",
                "Intel",
                "Adobe Acrobat Reader",
                "legitimate software update packages",
                "legitimate",
                "Windows.Data.TimeZones.zh-PH.pri",
                "Visual Studio file",
                "security vendors",
                "travel and airline industries",
                "which",
                "Microsoft",
                "that",
                "Adobe",
                "one",
                "systemd-daemon",
                "legitimate",
                "legitimate",
                "Intego",
                "HP",
                "file and folder names",
                "Intel",
                "Adobe",
                "perflogs",
                "legitimate",
                "OneDrive",
                "Spotify",
                "WhatsApp",
                "means",
                "legitimate",
                "itself",
                "which",
                "legitimate DLL file name",
                "use",
                "legitimate",
                "FIN13",
                "examples.war",
                "legitimate packages",
                "wsexamples.com",
                "exampl3s.war",
                "wsexample.war",
                "itself",
                "incident response",
                "which"
            ],
            "label": "OTHER"
        },
        {
            "count": 277,
            "id": 2,
            "texts": [
                "file",
                "msdtc.exe",
                "legitimate Microsoft Distributed Transaction Coordinator service binary",
                "legitimate software",
                "Vmtools",
                "scripts",
                "cryptocurrency mining software",
                "file",
                "lsass.exe",
                "PcShare",
                "executables",
                "mediaplayer.exe",
                "service",
                "Elise",
                "svchost.exe",
                "file",
                "DLLs",
                "EXEs",
                ".app file",
                "Flash Player update",
                "process",
                "malware",
                "\"chkntfs.exe",
                "\"syscron.exe",
                "Earthworm and Fast Reverse Proxy tools",
                "malware",
                "malware",
                "EsetUpdate-0117583943.exe",
                "dropper",
                "legitimate Windows files",
                "system functionality",
                "IceApple .NET assemblies",
                "anti-virus software",
                "fake updates",
                "initial infection vectors",
                "Google Chrome",
                "FlashPlayer plugin",
                "Darkside ransomware",
                "sleep.exe",
                "fake rm binary",
                "legitimate Linux binary",
                "Sliver payload",
                "vmware_kb.exe",
                "DLLs",
                "software",
                "winupdate.exe",
                "executable files",
                "date.exe",
                "win.exe",
                "%ALLUSERPROFILE%\\\\Application Data\\Microsoft\\MediaPlayer\\updatewindws.exe",
                "executables",
                "DCSrv",
                "stage dropper Kaspersky Update Agent",
                "payload",
                "Baidu Software Update",
                "second stage payload",
                "startup programs",
                "QuasarRAT binaries",
                "payload",
                "VMware.exe",
                "Remsec loader",
                "legitimate Windows function",
                "Remsec .exe files",
                "Remsec",
                "custom network encryption software",
                "legitimate Windows installer service",
                "command",
                "tools",
                "ren \"%temp%\\upload\" audiodg.exe",
                "command move [file path] c:\\windows\\system32\\spool\\prtprocs\\x64\\spool.dll",
                "Print Spooler service",
                "implants",
                "legitimate software",
                "folders",
                "legitimate Windows tool",
                "install_flash_player.exe",
                "Flash Player installer",
                "Dtrack",
                "legitimate programs",
                "OllyDbg",
                "7-Zip",
                "FileZilla",
                "update.exe",
                "SUGARDUMP",
                "malicious script",
                "StrifeWater",
                "legitimate programs",
                "Java",
                "Telegram Messenger",
                "GetWindowsDirectoryW",
                "installer",
                "RAT",
                "Brute Ratel C4",
                "payload file",
                "OneDrive.update",
                "Updatea\\svServiceUpdate.exe",
                "apparent attempt",
                "compromised service principal",
                "executable",
                "rundll32.exe",
                "Cron binary",
                "C2 proxy tool",
                "GUP.exe",
                "software",
                "initial executables",
                "programs",
                "Google Chrome, Adobe, and VMware executables",
                "payload",
                "variations",
                "detection",
                "payloads",
                "malware",
                "GoogleUpdate.exe",
                "RecordedTV.ms",
                "msadcs1.exe",
                "jucheck.exe",
                "teredo.tmp",
                "update.exe",
                "executable",
                "ShimRatReporter",
                "AlphaZawgyl_font.exe",
                "Bazar loader",
                "communications software",
                "TAINTEDSCRIBE main executable",
                "Narrator",
                "dropper",
                "NetCat binary",
                "kb-10233.exe",
                "Cobalt Strike beacon payload",
                "install_flashplayers.exe",
                "MCMD",
                "VBScripts",
                "services",
                "folders",
                "legitimate activities",
                "malware",
                "SystemDiskClean.ps1",
                "Office365DCOMCheck.ps1",
                "7zip installer",
                "DEADEYE",
                "hunting detections",
                "hidden payloads",
                "dllhost.exe",
                "Fast Reverse Proxy",
                "MicrosoftOutLookUpdater.exe",
                "Plink",
                "Flash Player update",
                "Intel",
                "Adobe Acrobat Reader",
                "legitimate software update packages",
                "hha.dll",
                "unsigned, crafted DLL module",
                "legitimate software installers",
                "payloads",
                "Shark binaries",
                "detection",
                "loader",
                "import functions",
                "legitimate software",
                "USB Disk Security",
                "legitimate Russian program",
                "update.exe",
                "tools",
                "executables",
                "exfiltration malware",
                "ZoomVideoApp.exe",
                "postgressql.exe",
                "payload",
                "legitimate software",
                "StartUserModeBrowserInjection",
                "StopUserModeBrowserInjection",
                "functions",
                "Machete MSI installer",
                "legitimate Adobe Acrobat Reader installer",
                "legitimate software programs",
                "malware",
                "\"svchost.exe",
                "Windows shared service host program",
                "secure directory",
                "legitimate Windows executable",
                "payloads",
                "code",
                "narrator",
                "legitimate files",
                "Linux kernel module",
                "taskhostsvc.exe",
                "scheduled task",
                "systems management software",
                "payloads",
                "executable",
                "malware",
                "Secure Shell (SSH) tool",
                "Acrobat Reader",
                "AcroRD32.exe",
                "malware",
                "apparent attempt",
                "rekeywiz.exe",
                "legitimate Windows executable",
                "legitimate executable",
                "attempt",
                "InnaputRAT variants",
                "SafeApp.exe",
                "NeutralApp.exe",
                "guise",
                "security solution",
                "legitimate programs",
                "Adobe Acrobat Reader Installer",
                "payloads",
                "tools",
                "adobecms.exe",
                "executable",
                "svchost.exe",
                "malware",
                "mfevtps.exe",
                "mfevtpse.exe",
                "Mozilla Firefox",
                "tool",
                "Black Basta dropper",
                "application",
                "malware",
                "trusted software",
                "Poseidon Group tools",
                "self-defense",
                "backdoor",
                "\"WINWORD.exe",
                "eoffice.exe",
                "attempt",
                "dllhost",
                "svhost",
                "configuration files",
                "binaries",
                ".exe file",
                "Winnti",
                "legitimate GoogleUpdate.exe",
                "remote access tool",
                "code",
                "legitimate library",
                "winhelp",
                "Adobe software",
                "AcroRd32.exe",
                "payloads",
                "legitimate DHCP service binary",
                "legitimate 360 Total Security Antivirus and OpenVPN programs",
                "PipeMon modules",
                "PlugX",
                "OneDrive.exe",
                "file",
                "Cobalt Strike payload",
                "disguise",
                "binaries",
                "winprint.dll",
                "chrome_elf.dll",
                "serv.exe",
                "apparent attempt",
                "examples.war",
                "legitimate packages",
                "wsexamples.com",
                "exampl3s.war",
                "wsexample.war",
                "apparent attempt",
                "winupdate.exe",
                "WinDefender.Exe",
                "file names",
                "update.exe",
                "Rising Sun",
                "mssync.exe",
                "droppers",
                "legitimate software",
                "documents",
                "legitimate Realtek Semiconductor, Nvidia, or Synaptics modules",
                "cron",
                "QUIETEXIT samples",
                "detection",
                "binary explorer.exe",
                "shell scripts",
                "mining executables",
                "java"
            ],
            "label": "FUNCTION"
        },
        {
            "count": 193,
            "id": 3,
            "texts": [
                "file",
                "msdtc.exe",
                "name",
                "names",
                "file",
                "lsass.exe",
                "legitimate Windows file",
                "names",
                "svchost.exe",
                "file",
                "filename",
                "legitimate file",
                "file",
                "name",
                "filenames",
                "files",
                "DanBot files",
                "WatchGuard artifacts",
                "legitimate process names",
                "Windows system file names",
                "legitimate looking filenames",
                "compressed copies",
                "names",
                "name",
                "file",
                "users",
                "Adobe Reader icon",
                "file",
                "file names",
                "file names",
                "legitimate Windows files",
                "system functionality",
                "file names",
                "legitimate Adobe Content Management System files",
                "files",
                "browser extensions",
                "files",
                "filename",
                "legitimate names",
                "winupdate.exe",
                "executable files",
                "date.exe",
                "win.exe",
                "directory name",
                "space",
                "file name",
                "letter",
                ".sys extension",
                "Registry key names",
                "filenames",
                "legitimate file names",
                "iconcache.db",
                "name",
                "names",
                "legitimate Windows file and directory names",
                "names",
                "icons",
                "benign file name",
                "DLL name",
                "executable file",
                "replicas",
                "files",
                "filenames",
                "null byte",
                "fourth character",
                "file",
                "navlu.dll",
                "name",
                "payload file",
                "OneDrive.update",
                "legitimate folder",
                "file",
                "filenames",
                "winmail.dat",
                "Exchange and Outfind binary and configuration files",
                "legitimate names",
                "Azure AD certificate",
                "Name",
                "display name",
                "extensions",
                "files",
                "exfiltrated data",
                "Windows system files",
                "setup file",
                "file names",
                "Microsoft and Outlook spellings",
                "\"Microsift",
                "strings",
                "file, folder, and Registry entry names",
                "legitimate system files",
                "folders",
                "copy",
                "name",
                "executable file",
                "specialized Unicode font",
                "shortcuts",
                "PowerShell filenames",
                "file names",
                "KEYPLUG file extensions",
                ".vmp",
                ".upx",
                "SYSUSER",
                "SYSLOG",
                "USERS",
                "fake installer files",
                "Flash directories",
                "legitimate Adobe and PotPlayer files",
                "installer files",
                "fake icons",
                "Windows.Data.TimeZones.zh-PH.pri",
                "Visual Studio file",
                "legitimate Telegram and Chrome files",
                "name",
                "name",
                "TEARDROP files",
                "names",
                "legitimate Window file and directory names",
                "files",
                "name",
                "narrator",
                "legitimate files",
                "file",
                "filename",
                "encrypted log file",
                "filenames",
                "system name",
                "legitimate filenames",
                "\"Office Start",
                ",\" \"MSN Gaming Z0ne",
                "\" \"Yahoo Talk",
                "\"MSN Talk\" shortcut",
                "legitimate process name",
                "file name",
                "name",
                "legitimate file",
                "XMRIG payload name",
                "files",
                "name",
                "filename",
                "selected service name",
                "file names",
                "installation file",
                "unsigned DMG image",
                "legitimate Google update file",
                "HP",
                "file and folder names",
                "Intel",
                "Adobe",
                "perflogs",
                "files",
                "MSI file",
                "example",
                "file name",
                "directory",
                "legitimate McAfee file",
                "legitimate names",
                "patch.dll",
                "ESTCommon.dll",
                "Growl help file",
                "name",
                "legitimate file",
                "configuration files",
                "binaries",
                "filename",
                "Winnti for Windows implant file",
                "name",
                "earlier versions",
                "file names",
                "registry values",
                "benign names",
                "file extension",
                "adobeupdate.dat",
                "PotPlayerDB.dat",
                "names",
                "OneDrive.exe",
                "file",
                "legitimate software installation files",
                "shortcut",
                "\"Anti virus service.lnk",
                "legitimate file",
                "WAR files",
                "winupdate.exe",
                "WinDefender.Exe",
                "file names",
                "legitimate file",
                "legitimate software",
                "documents",
                "locations",
                "names",
                "files",
                "resource version information",
                "name",
                "filename"
            ],
            "label": "DATA"
        },
        {
            "count": 46,
            "id": 4,
            "texts": [
                ".dockerenv",
                ".dockerd",
                "systems",
                "Google Chrome",
                "FlashPlayer plugin",
                "Windows Defender",
                "disk",
                "Net Monitor",
                "Microsoft",
                "Kaspersky",
                "Symantec",
                "VMWare",
                "Hewlett-Packard",
                "Windows print processor",
                "host",
                "Windows Vista",
                "web shell instance",
                "compromised systems",
                "Notepad++",
                "ESTsecurity",
                "Intel",
                "Adobe Acrobat Reader",
                "legitimate software update packages",
                "USB Disk Security",
                "legitimate Russian program",
                "UAC",
                "disk",
                "\"Office Start",
                ",\" \"MSN Gaming Z0ne",
                "\" \"Yahoo Talk",
                "\"MSN Talk\" shortcut",
                "mac",
                "OneDrive",
                "Spotify",
                "WhatsApp",
                "mfevtpse.exe",
                "Mozilla Firefox",
                "tool",
                "USB bootable drivers",
                "anti-virus processes",
                "Norton Antivirus",
                "Windows",
                "target system",
                "disk",
                "word processor",
                "victim machines"
            ],
            "label": "COMPONENT"
        },
        {
            "count": 46,
            "id": 5,
            "texts": [
                "%appdata%\\Microsoft\\Network",
                "%programfiles%\\Microsoft\\Exchange Server\\ClientAccess\\Owa\\Auth\\",
                "%programfiles%\\Microsoft\\Exchange Server\\ClientAccess\\Owa\\bin\\",
                "C:\\windows\\system32\\drivers\\ folder",
                "startup programs folder",
                "C:\\Temp\\TrustedInstaller.exe",
                "legitimate Windows directories",
                "legitimate software",
                "folders",
                "\"Public\" folder",
                "in%windir%and",
                "%temp%",
                "%system%\\System32",
                "legitimate appearing installation folder paths",
                "path",
                "C:\\Users\\Public",
                "%LOCALAPPDATA%\\MicroSoft",
                "legitimate folder",
                "file",
                "folder",
                "%WinDir%\\System32\\PluginManager",
                "legitimate system files",
                "folders",
                "services",
                "folders",
                "legitimate installed software paths",
                "fake installer files",
                "Flash directories",
                "secure directory",
                "legitimate Windows executable",
                "C:\\Windows\\Temp\\vmware-vmdmp.log",
                "corresponding ProgramData subfolder",
                "Start Menu Startup directory",
                "payload creation path",
                "HP",
                "file and folder names",
                "Intel",
                "Adobe",
                "perflogs",
                "file name",
                "directory",
                "CSIDL_APPDATA\\microsoft\\security",
                "%userprofile%\\Adobe\\Driver\\dwg\\",
                "Startup folder",
                "Windows folder",
                "startup"
            ],
            "label": "DIRECTORY"
        },
        {
            "count": 47,
            "id": 6,
            "texts": [
                "owaauth.dll",
                "DLLs",
                "EXEs",
                "w64time.dll",
                "DLLs",
                "software",
                "DLL",
                "legitimate MS Outlook .dll",
                "DLLs",
                "file",
                "navlu.dll",
                "legitimate Symantec DLL",
                "DLLs",
                "ESTCommon.dll",
                "DLL",
                "\"RapportGP.dll",
                "component DLLs",
                "legitimate SolarWinds DLL",
                "hha.dll",
                "unsigned, crafted DLL module",
                "legitimate 32-bit Windows DLL",
                "genuine dll file",
                "legitimate Windows version.dll file",
                "DLL",
                "DLLs",
                "chrome_frame_helper.dll",
                "uxtheme.dll",
                ".dll files",
                "legitimate wercplsupport.dll file",
                "wercplsupporte.dll",
                "DLL",
                "Goopdate.dll",
                "legitimate names",
                "patch.dll",
                "ESTCommon.dll",
                "legitimate ASP.NET ISAPI filter DLL",
                "legitimate goopdate.dll",
                "Duser.dll",
                "msacm32.dll",
                "file names",
                "registry values",
                "winprint.dll",
                "chrome_elf.dll",
                "serv.exe",
                "Registry",
                "key value",
                "mpr.dll"
            ],
            "label": "REGISTRY"
        },
        {
            "count": 18,
            "id": 7,
            "texts": [
                "electric power sector protocols",
                "ntds.dit database",
                "file share server",
                "legitimate programs",
                "Java",
                "Telegram Messenger",
                "Fast Reverse Proxy",
                "MicrosoftOutLookUpdater.exe",
                "FRP",
                "link",
                "\"Office Start",
                ",\" \"MSN Gaming Z0ne",
                "\" \"Yahoo Talk",
                "\"MSN Talk\" shortcut",
                "netsvc",
                "OneDrive",
                "Spotify",
                "WhatsApp"
            ],
            "label": "NETWORK"
        },
        {
            "count": 4,
            "id": 8,
            "texts": [
                "victims",
                "SYSUSER",
                "SYSLOG",
                "USERS"
            ],
            "label": "USER"
        },
        {
            "count": 4,
            "id": 9,
            "texts": [
                "legitimate programs",
                "OllyDbg",
                "7-Zip",
                "FileZilla"
            ],
            "label": "ENCRYPTION"
        }
    ],
    "graph_edges": [
        {
            "id": "0_1",
            "source": 0,
            "dest": 1,
            "count": 28
        },
        {
            "id": "0_2",
            "source": 0,
            "dest": 2,
            "count": 130
        },
        {
            "id": "0_3",
            "source": 0,
            "dest": 3,
            "count": 80
        },
        {
            "id": "1_2",
            "source": 1,
            "dest": 2,
            "count": 28
        },
        {
            "id": "1_3",
            "source": 1,
            "dest": 3,
            "count": 23
        },
        {
            "id": "3_2",
            "source": 3,
            "dest": 2,
            "count": 32
        },
        {
            "id": "0_4",
            "source": 0,
            "dest": 4,
            "count": 9
        },
        {
            "id": "4_2",
            "source": 4,
            "dest": 2,
            "count": 3
        },
        {
            "id": "2_3",
            "source": 2,
            "dest": 3,
            "count": 31
        },
        {
            "id": "2_1",
            "source": 2,
            "dest": 1,
            "count": 27
        },
        {
            "id": "2_5",
            "source": 2,
            "dest": 5,
            "count": 11
        },
        {
            "id": "3_5",
            "source": 3,
            "dest": 5,
            "count": 11
        },
        {
            "id": "0_6",
            "source": 0,
            "dest": 6,
            "count": 27
        },
        {
            "id": "1_5",
            "source": 1,
            "dest": 5,
            "count": 2
        },
        {
            "id": "6_3",
            "source": 6,
            "dest": 3,
            "count": 7
        },
        {
            "id": "3_7",
            "source": 3,
            "dest": 7,
            "count": 3
        },
        {
            "id": "3_4",
            "source": 3,
            "dest": 4,
            "count": 5
        },
        {
            "id": "2_4",
            "source": 2,
            "dest": 4,
            "count": 13
        },
        {
            "id": "3_1",
            "source": 3,
            "dest": 1,
            "count": 5
        },
        {
            "id": "0_5",
            "source": 0,
            "dest": 5,
            "count": 22
        },
        {
            "id": "6_5",
            "source": 6,
            "dest": 5,
            "count": 1
        },
        {
            "id": "1_4",
            "source": 1,
            "dest": 4,
            "count": 4
        },
        {
            "id": "4_3",
            "source": 4,
            "dest": 3,
            "count": 2
        },
        {
            "id": "2_8",
            "source": 2,
            "dest": 8,
            "count": 1
        },
        {
            "id": "3_9",
            "source": 3,
            "dest": 9,
            "count": 1
        },
        {
            "id": "5_4",
            "source": 5,
            "dest": 4,
            "count": 2
        },
        {
            "id": "0_7",
            "source": 0,
            "dest": 7,
            "count": 6
        },
        {
            "id": "2_0",
            "source": 2,
            "dest": 0,
            "count": 3
        },
        {
            "id": "2_6",
            "source": 2,
            "dest": 6,
            "count": 7
        },
        {
            "id": "6_2",
            "source": 6,
            "dest": 2,
            "count": 4
        },
        {
            "id": "3_6",
            "source": 3,
            "dest": 6,
            "count": 5
        },
        {
            "id": "3_0",
            "source": 3,
            "dest": 0,
            "count": 2
        },
        {
            "id": "6_4",
            "source": 6,
            "dest": 4,
            "count": 1
        },
        {
            "id": "3_8",
            "source": 3,
            "dest": 8,
            "count": 1
        },
        {
            "id": "7_2",
            "source": 7,
            "dest": 2,
            "count": 2
        },
        {
            "id": "5_2",
            "source": 5,
            "dest": 2,
            "count": 2
        },
        {
            "id": "2_7",
            "source": 2,
            "dest": 7,
            "count": 2
        },
        {
            "id": "1_6",
            "source": 1,
            "dest": 6,
            "count": 2
        },
        {
            "id": "5_3",
            "source": 5,
            "dest": 3,
            "count": 1
        },
        {
            "id": "5_7",
            "source": 5,
            "dest": 7,
            "count": 1
        },
        {
            "id": "4_1",
            "source": 4,
            "dest": 1,
            "count": 1
        }
    ],
    "verbs": {
        "save": 2,
        "as": 84,
        "be": 6,
        "of": 31,
        "use": 59,
        "mimic": 19,
        "spoof": 3,
        "replace": 2,
        "with": 26,
        "match": 6,
        "name": 28,
        "write": 1,
        "save in": 1,
        "reside": 1,
        "in": 33,
        "by": 2,
        "masquerade": 5,
        "associate with": 6,
        "disguise": 14,
        "rename": 18,
        "to": 45,
        "after": 4,
        "hide": 8,
        "appear": 15,
        "for": 20,
        "give": 2,
        "on": 9,
        "install": 3,
        "choose": 2,
        "include": 1,
        "update": 1,
        "run": 2,
        "create": 6,
        "miss": 2,
        "download": 2,
        "drop": 6,
        "under": 7,
        "instal": 2,
        "add": 1,
        "implement": 1,
        "resemble": 2,
        "register": 1,
        "load": 2,
        "into": 4,
        "from": 9,
        "construct": 1,
        "call": 1,
        "insert": 1,
        "at": 3,
        "contain": 2,
        "change": 4,
        "have": 3,
        "belong to": 2,
        "avoid": 3,
        "prepend": 1,
        "maintain": 1,
        "any": 1,
        "blend": 1,
        "begin with": 1,
        "mask": 3,
        "evade": 1,
        "carry": 1,
        "imitate": 2,
        "bypass": 1,
        "within": 1,
        "impersonate": 3,
        "identify": 1,
        "relate to": 1,
        "execute": 1,
        "copy": 1,
        "onto": 2,
        "upon": 1,
        "during": 1
    }
}