{
    "id": "T1036.006",
    "tech_id": "T1036.006",
    "tech_name": "Space after Filename",
    "best_phrases": [],
    "tactics": [
        "TA0005"
    ],
    "features": [
        "DATA"
    ],
    "locations": [
        "Linux",
        "macOS"
    ],
    "procedures": [
        "relationship--b9688abd-0f6d-4c76-8b73-d9fe7d11f07f"
    ],
    "graph_nodes": [
        {
            "count": 1,
            "id": 0,
            "texts": [
                "Keydnap"
            ],
            "label": "ACTOR"
        },
        {
            "count": 2,
            "id": 1,
            "texts": [
                "false .jpg extension",
                "space"
            ],
            "label": "DATA"
        }
    ],
    "graph_edges": [
        {
            "id": "0_1",
            "source": 0,
            "dest": 1,
            "count": 2
        }
    ],
    "verbs": {
        "after": 2,
        "put": 1
    }
}