{
    "id": "T1049",
    "tech_id": "T1049",
    "tech_name": "System Network Connections Discovery",
    "best_phrases": [],
    "tactics": [
        "TA0007"
    ],
    "features": [
        "FUNCTION",
        "NETWORK",
        "DATA",
        "COMPONENT",
        "USER",
        "ENCRYPTION",
        "DIRECTORY",
        "VULNERABILITY"
    ],
    "locations": [
        "Windows",
        "IaaS",
        "Linux",
        "macOS",
        "Network"
    ],
    "procedures": [
        "relationship--0d1fe44d-a476-4553-b163-1e03890ae7b4",
        "relationship--0f6041e9-c2cb-4a22-951d-13587fe4a547",
        "relationship--0ffa2b36-2a4c-4f40-af47-c56b357f92c8",
        "relationship--11ab80ae-29e7-45a4-8d92-53493e2971c3",
        "relationship--12ea66f1-566a-404f-a948-f76b9047710e",
        "relationship--16bea458-8018-4e53-a377-5970747521ab",
        "relationship--1df5eebc-94f5-44ae-8feb-8d3a89fbfc4e",
        "relationship--209075a3-e836-4894-b931-663bb785e96b",
        "relationship--21ff06b5-022f-40bf-821b-3e08dc9f08a3",
        "relationship--24bce281-7858-4a42-bfd6-601800fb63f7",
        "relationship--26aac288-6032-4925-afbe-506c8ea06300",
        "relationship--27a36f9c-2292-4bf0-8c08-9ccfc1effffe",
        "relationship--28189361-4cd2-4925-a095-d7ebd07ebd57",
        "relationship--28fd47e4-d76e-4cd2-8ad2-745d1d0a5c72",
        "relationship--2a562acd-e85c-42ce-89fc-b10174863980",
        "relationship--2bb829ce-e597-4033-af7c-ef44aaebadb4",
        "relationship--2cc2c5ca-7c7a-4ab7-9cb3-76bdd14324b8",
        "relationship--2e661579-5e24-486f-9c8e-624fb18b0b85",
        "relationship--2f3d9b76-bec9-4cee-9a9b-1c42f373ec86",
        "relationship--3018ef54-d98c-4958-bc31-dc6b45b67a05",
        "relationship--3325e625-d76b-42df-b952-749dabb57517",
        "relationship--344f58f9-fefa-4c50-888c-25b2ef9e7dd2",
        "relationship--3d787947-fdaf-4fcd-938d-19b4672abfac",
        "relationship--438c4a38-3043-4697-8490-d63fcbc63cd8",
        "relationship--4bf260f4-0a10-49d9-b930-e1293f40e693",
        "relationship--4c94f67d-6662-44ea-be75-ded8b2dbfa00",
        "relationship--4d82bac6-ec9d-4f4b-a471-169728a830a4",
        "relationship--5b2c87e3-8eac-48b3-832b-2290b367403d",
        "relationship--61929ceb-3933-46f1-a11b-4d67482b1d59",
        "relationship--643a223a-76fa-4a34-9197-3acbc5aff205",
        "relationship--65a16e8c-47a1-4327-8eed-5cc82339807f",
        "relationship--6cfd90ab-8e17-4b78-9bfb-7792b8f51143",
        "relationship--705fdfa4-6b23-480c-b31a-eadb41533439",
        "relationship--72db9534-3ac3-46df-b8ca-220727d9deb9",
        "relationship--783b7e83-90ee-4628-80a5-c087258290ab",
        "relationship--79c992f3-9df2-4ea0-a63f-690409f5faca",
        "relationship--7c859c07-f840-42da-958f-4c6af48a2498",
        "relationship--7e62327c-aa58-4ce9-8519-c4bedbd57b80",
        "relationship--8336111f-565e-4294-8b18-182c26da2421",
        "relationship--83ad6071-8874-49c9-98cd-0d493a8eeb07",
        "relationship--84ea2b0d-ca0f-425d-86c8-7df1ca514841",
        "relationship--886942af-c1e9-49e9-af7e-98d1899f3000",
        "relationship--88d6a08e-2e96-41de-868f-b41c07d11541",
        "relationship--8b020cdd-4731-4dd5-8407-7f3076ab1d2d",
        "relationship--8edb0383-cae8-43ee-9241-b25e5068cc95",
        "relationship--938a71e3-a9dc-4ad9-b1c4-b15d75967b8d",
        "relationship--95df0f16-1c35-4603-baae-4559113f9a0b",
        "relationship--980e4dca-4d6b-4206-9c51-bff32c72a961",
        "relationship--98c1c7ad-db36-459a-ae63-1b92dcb209a5",
        "relationship--99cfee83-7db8-44c1-8fd8-75bc1c67d17c",
        "relationship--9d201245-16f4-4142-94ff-25136107d0f6",
        "relationship--9fef204f-163a-4c9d-b9b1-8a168074063a",
        "relationship--a29a37fc-86e2-4b93-8fa5-560b0a395fbc",
        "relationship--a544c97e-9bc3-415a-94b5-ec4fc209800a",
        "relationship--a5efdeb3-10db-4e40-b8cd-61dee7d72cc0",
        "relationship--a70bd01d-1d79-44e7-afe4-3a83e5a8d70c",
        "relationship--a92a6707-1c22-42b2-9968-2aead300d2da",
        "relationship--b565458d-7831-4010-9596-4d6fe44fd738",
        "relationship--bb7ce54a-20a5-434e-99f1-ad37cbac0777",
        "relationship--c195f2cb-deff-400e-b89e-8625deaa9817",
        "relationship--c45974f5-90b7-4b5b-8123-9961df8ea26d",
        "relationship--c56990a5-9ef4-47a8-9c2b-4e313b9f363c",
        "relationship--c73f6319-ad09-4fb5-bb2f-18fd73bfdc5d",
        "relationship--c8470c56-2c81-4826-804c-44e53d87333f",
        "relationship--ca5d71c9-2184-4cb2-9a63-2146fba66175",
        "relationship--caa06b6c-b59e-4986-87f5-fdab9d9d3534",
        "relationship--cdcf94e0-b105-49c0-8f62-64f7350a5658",
        "relationship--ce48fd88-9fed-44d6-864f-07d8994c89d2",
        "relationship--db852d3d-7f78-43b9-bd14-3f2d11c22863",
        "relationship--def0dc1a-1c41-44f0-a076-36fb1b98390c",
        "relationship--df7e5314-665b-44a3-8040-f6cb8fd28cbf",
        "relationship--e0cf8a56-e8e1-43b0-9efc-f167d1cf21de",
        "relationship--e6cd4568-3c15-4d1d-ab2c-c799141cf34b",
        "relationship--e73da29b-075c-4c77-a3e4-16953d51582b",
        "relationship--e88e3288-28c9-4ae3-93a7-45d0658eaff8",
        "relationship--eaa06586-e33e-4e4c-91ca-76935c22e012",
        "relationship--eb08d5b1-786c-43c8-9984-5b7b92d90d91",
        "relationship--eb3a838e-f6dd-4e9b-8edf-fc652adde117",
        "relationship--eb808671-1f29-4e76-9433-b50176abf60a",
        "relationship--eb9fb4e7-1b43-41ee-88e1-a3f93a278082",
        "relationship--ed45fb1c-048a-4378-8c15-6f6ea0c72d7a",
        "relationship--ed561ab1-db94-4dbe-873b-d3e6cb488c4d",
        "relationship--f22958eb-be19-4ae3-9899-2d77bd9a4acf",
        "relationship--f39a04e8-f4cf-482f-8d1a-7def044a03a0",
        "relationship--f6b88216-8142-4151-af2b-31257a3c2857",
        "relationship--fcd35640-6e11-4562-a28b-7439ba8ec6f2",
        "relationship--fe8a320f-e5e5-4503-8c3a-5c21b628a61d",
        "relationship--ff87edd7-34b1-47f2-9131-dd6a47854805",
        "relationship--ffcfa61b-2b35-4d06-9298-836fe50f5bed"
    ],
    "graph_nodes": [
        {
            "count": 75,
            "id": 0,
            "texts": [
                "Lucifer",
                "QakBot",
                "Ramsay",
                "Trojan.Karagany",
                "Babuk",
                "APT38",
                "menuPass",
                "Zebrocy",
                "Poseidon Group",
                "Remsec",
                "threat actors",
                "GravityRAT",
                "KONNI",
                "TeamTNT",
                "APT32",
                "Andariel",
                "Mustang Panda",
                "Maze",
                "RATANKBA",
                "Turla",
                "Carbon",
                "Machete",
                "Torisma",
                "Cobalt Strike",
                "APT3",
                "BlackEnergy",
                "Dtrack",
                "Sandworm Team",
                "Epic",
                "Sardonic",
                "Comnie",
                "Egregor",
                "Mafalda",
                "Cuba",
                "NETWIRE",
                "jRAT",
                "OSInfo",
                "Sykipot",
                "PyDCrypt",
                "APT1",
                "Waterbear",
                "PlugX",
                "OilRig",
                "Magic Hound",
                "Chimera",
                "MuddyWater",
                "SLOTHFULMEDIA",
                "admin@338 actors",
                "GALLIUM",
                "CharmPower",
                "SHOTPUT",
                "APT41",
                "Conti",
                "threat actors",
                "Kwampirs",
                "threat actors",
                "KOPILUWAK",
                "HEXANE",
                "Sibot",
                "SpeakUp",
                "BackdoorDiplomacy",
                "Okrum",
                "Earth Lusca",
                "Tropic Trooper",
                "POWRUNER",
                "USBferry",
                "Flagpro",
                "Ke3chang",
                "BADHATCH",
                "RedLeaves",
                "Volgmer",
                "Lazarus Group",
                "Threat Group-3390",
                "Aria-body",
                "Lizar"
            ],
            "label": "ACTOR"
        },
        {
            "count": 39,
            "id": 1,
            "texts": [
                "IP and port numbers",
                "files",
                "network resources",
                "network connection information",
                "information",
                "active TCP connections",
                "local network connections",
                "network statistics",
                "network connection information",
                "network resources",
                "IP address ranges",
                "IPv4 TCP connection table",
                "sessions report",
                "information",
                "information",
                "network and active connection information",
                "user, IP address, and server data",
                "network diagram files",
                "information",
                "information",
                "session logon details",
                "table",
                "information",
                "information",
                "Wi-Fi profile details",
                "TCP connection status",
                "network resources",
                "keyword and phone data files",
                "GUID",
                "status",
                "Windows event log",
                "Event ID",
                "network information",
                "network connection information",
                "information",
                "information",
                "TCP connection state",
                "network connection information",
                "information"
            ],
            "label": "DATA"
        },
        {
            "count": 66,
            "id": 2,
            "texts": [
                "remote connections",
                "network connections",
                "active TCP connections",
                "connected UDP endpoints",
                "TCP and UDP connections",
                "open ports",
                "active connections",
                "open connections",
                "internet connection",
                "open ports",
                "active TCP connections",
                "local network connections",
                "network statistics",
                "rival malware connections",
                "TCP connections",
                "active local network connections",
                "nearby WiFi networks",
                "connected interfaces",
                "remote desktop connections",
                "network connections",
                "network connections",
                "local network connections",
                "network connections",
                "network",
                "network connections",
                "VPN",
                "VPC Peering",
                "DirectConnect",
                "established TCP connections",
                "connections",
                "network connections",
                "active network connections",
                "RPC connections",
                "network connections",
                "TCP endpoints",
                "associated processes",
                "TCP and UDP network connections",
                "network connections",
                "network connections",
                "RDP connections",
                "network connections",
                "Skype connections",
                "open ports",
                "network connections",
                "victim network connections",
                "IP addresses",
                "routine network connections",
                "network connections",
                "active and listening connections",
                "network connections",
                "network connections",
                "Net",
                "Arp",
                "netstat",
                "TCP connections",
                "connections",
                "ports",
                "present LAN connection",
                "network connections",
                "related TCP and UDP ports",
                "RDP connections",
                "active network connections",
                "active network connections",
                "local network connection",
                "network connection",
                "infected server"
            ],
            "label": "NETWORK"
        },
        {
            "count": 37,
            "id": 3,
            "texts": [
                "compromised host",
                "local system",
                "machines",
                "victim network interfaces",
                "addresses",
                "infected system",
                "machine",
                "machine",
                "machine",
                "targeted system",
                "infected machine",
                "system",
                "nearby WiFi networks",
                "connected interfaces",
                "compromised hosts",
                "host",
                "compromised hosts",
                "compromised host",
                "host",
                "connected drives",
                "machine",
                "compromised host",
                "remote machines",
                "target machine",
                "victim machine",
                "machine",
                "compromised host",
                "host",
                "remote systems",
                "compromised machine",
                "compromised system",
                "infected system",
                "compromised host",
                "compromised machine",
                "Remote Desktop sessions",
                "drives",
                "remote host"
            ],
            "label": "COMPONENT"
        },
        {
            "count": 134,
            "id": 4,
            "texts": [
                "netstat",
                "\"WNetOpenEnumW",
                "\"WNetEnumResourceW",
                "port monitoring tool",
                "MAPMAKER",
                "net use",
                "connectivity checks",
                "ShimRatReporter",
                "Windows function",
                "GetExtendedUdpTable",
                "netstat -aon",
                "PoshC2",
                "implementation",
                "netstat",
                "netstat",
                "netstat command",
                "netstat",
                "net session",
                "netstat -anp",
                "libprocesshider",
                "netstat -anpo tcp command",
                "netstat -naop tcp command",
                "netstat -ano",
                "CrackMapExec",
                "active sessions",
                "\", \"WNetCloseEnum",
                ", \"WNetEnumResourceW",
                "\"WNetOpenEnumW",
                "\"WNetAddConnection2W\" functions",
                "netstat -ano",
                "net file",
                "net session",
                "net use",
                "netstat -an",
                "commands",
                "check-in",
                "Turla RPC backdoors",
                "GetTcpTable2 API call",
                "netstat -r and netstat -an commands",
                "netsh wlan show networks mode=bssid and netsh wlan show interfaces commands",
                "WTSEnumerateSessionsW",
                "net session",
                "net use",
                "Commands",
                "Net",
                "tool",
                "netstat",
                "netstat -ano",
                "RDP sessions",
                "net use, net session, and netstat commands",
                "netstat command",
                "netstat -ano command",
                "Pacu",
                "GetExtendedTcpTable function",
                "function",
                "GetIpNetTable",
                "netstat -ano",
                "netsh",
                "net use command",
                "listing",
                "API hooks",
                "GetExtendedTcpTable",
                "module",
                "associated processes",
                "TCP and UDP network connections",
                "netstat command",
                "netstat -an",
                "listing",
                "discovery modules",
                "Duqu",
                "quser.exe",
                "nbtstat",
                "NetBIOS sessions",
                "netstat -ano | findstr EST",
                "PowerShell backdoor",
                "command",
                "LOWBALL malware",
                "netstat -oan",
                "netsh wlan show profiles",
                "netstat",
                "netstat command",
                "network reconnaissance",
                "malware variant",
                "HIGHNOON",
                "active RDP sessions",
                "MESSAGETAP",
                "net session, net use, and netstat commands",
                "advanced reconnaissance",
                "command",
                "network mappings",
                "netstat -nao",
                "net use",
                "Empire",
                "netstat",
                "Net",
                "Arp",
                "netstat",
                "netstat",
                "arp -a command",
                "NetCat",
                "PortQry",
                "NetSess",
                "NetBIOS sessions",
                "PowerShell script",
                "RDPConnectionParser",
                "\"Microsoft-Windows-TerminalServices-RDPClient/Operational",
                "command scripts",
                "netstat -an",
                "nbtstat",
                "netstat",
                "netstat -ano",
                "netstat",
                "local network connection",
                "netstat.exe -f",
                "Pupy",
                "built-in utility command",
                "net session",
                "interactive shell",
                "netstat",
                "PowerView",
                "Remote Desktop sessions",
                "drives",
                "net use",
                "netstat",
                "net commands",
                "network reconnaissance efforts",
                "Sliver",
                "net use",
                "netstat",
                "quser.exe",
                "RDP sessions",
                "TCP and UDP table status listings",
                "plugin",
                "active network sessions"
            ],
            "label": "FUNCTION"
        },
        {
            "count": 1,
            "id": 5,
            "texts": [
                "encryption"
            ],
            "label": "ENCRYPTION"
        },
        {
            "count": 11,
            "id": 6,
            "texts": [
                "victim network interfaces",
                "addresses",
                "Volt Typhoon",
                "VPN",
                "VPC Peering",
                "DirectConnect",
                "netstat -ano >> %temp%\\download",
                "part",
                "group",
                "part",
                "FIN13"
            ],
            "label": "OTHER"
        },
        {
            "count": 7,
            "id": 7,
            "texts": [
                "victim",
                "victim",
                "victim",
                "victim",
                "victim",
                "victim",
                "victim"
            ],
            "label": "USER"
        },
        {
            "count": 1,
            "id": 8,
            "texts": [
                "/etc/ld.so.preload"
            ],
            "label": "DIRECTORY"
        },
        {
            "count": 1,
            "id": 9,
            "texts": [
                "exploitation"
            ],
            "label": "VULNERABILITY"
        }
    ],
    "graph_edges": [
        {
            "id": "0_1",
            "source": 0,
            "dest": 1,
            "count": 26
        },
        {
            "id": "1_2",
            "source": 1,
            "dest": 2,
            "count": 11
        },
        {
            "id": "2_3",
            "source": 2,
            "dest": 3,
            "count": 15
        },
        {
            "id": "0_4",
            "source": 0,
            "dest": 4,
            "count": 71
        },
        {
            "id": "0_2",
            "source": 0,
            "dest": 2,
            "count": 31
        },
        {
            "id": "1_5",
            "source": 1,
            "dest": 5,
            "count": 1
        },
        {
            "id": "4_2",
            "source": 4,
            "dest": 2,
            "count": 13
        },
        {
            "id": "4_3",
            "source": 4,
            "dest": 3,
            "count": 8
        },
        {
            "id": "1_6",
            "source": 1,
            "dest": 6,
            "count": 1
        },
        {
            "id": "1_3",
            "source": 1,
            "dest": 3,
            "count": 5
        },
        {
            "id": "3_7",
            "source": 3,
            "dest": 7,
            "count": 4
        },
        {
            "id": "4_1",
            "source": 4,
            "dest": 1,
            "count": 8
        },
        {
            "id": "0_3",
            "source": 0,
            "dest": 3,
            "count": 11
        },
        {
            "id": "0_8",
            "source": 0,
            "dest": 8,
            "count": 1
        },
        {
            "id": "3_4",
            "source": 3,
            "dest": 4,
            "count": 2
        },
        {
            "id": "1_4",
            "source": 1,
            "dest": 4,
            "count": 3
        },
        {
            "id": "6_4",
            "source": 6,
            "dest": 4,
            "count": 8
        },
        {
            "id": "6_3",
            "source": 6,
            "dest": 3,
            "count": 1
        },
        {
            "id": "6_2",
            "source": 6,
            "dest": 2,
            "count": 1
        },
        {
            "id": "4_6",
            "source": 4,
            "dest": 6,
            "count": 3
        },
        {
            "id": "0_7",
            "source": 0,
            "dest": 7,
            "count": 1
        },
        {
            "id": "4_7",
            "source": 4,
            "dest": 7,
            "count": 3
        },
        {
            "id": "0_6",
            "source": 0,
            "dest": 6,
            "count": 3
        },
        {
            "id": "0_9",
            "source": 0,
            "dest": 9,
            "count": 1
        },
        {
            "id": "6_9",
            "source": 6,
            "dest": 9,
            "count": 1
        },
        {
            "id": "4_9",
            "source": 4,
            "dest": 9,
            "count": 1
        },
        {
            "id": "9_3",
            "source": 9,
            "dest": 3,
            "count": 1
        },
        {
            "id": "2_1",
            "source": 2,
            "dest": 1,
            "count": 1
        }
    ],
    "verbs": {
        "identify": 4,
        "for": 6,
        "from": 10,
        "use": 59,
        "collect": 7,
        "enumerate": 17,
        "in": 2,
        "instal": 2,
        "print": 1,
        "on": 29,
        "conduct": 1,
        "to": 3,
        "detect": 2,
        "gather": 7,
        "contain": 2,
        "of": 13,
        "save": 1,
        "about": 7,
        "obtain": 4,
        "have": 6,
        "find": 2,
        "run": 2,
        "search": 2,
        "modify": 1,
        "display": 4,
        "determine": 1,
        "discover": 9,
        "survey": 1,
        "upon": 1,
        "by": 3,
        "list": 3,
        "monitor": 3,
        "produce": 1,
        "access": 1,
        "configure": 1,
        "relate to": 1,
        "execute": 3,
        "retrieve": 4,
        "recover": 1,
        "capture": 1,
        "get": 2,
        "use with": 1,
        "check": 1,
        "follow": 3,
        "with": 3,
        "as": 4,
        "load": 1,
        "associate with": 1,
        "employ": 1,
        "filter": 3,
        "do": 1,
        "establish": 1
    }
}