{
    "id": "T1041",
    "tech_id": "T1041",
    "tech_name": "Exfiltration Over C2 Channel",
    "best_phrases": [],
    "tactics": [
        "TA0010"
    ],
    "features": [
        "DATA",
        "NETWORK",
        "FUNCTION",
        "COMPONENT",
        "ENCRYPTION",
        "USER",
        "DIRECTORY"
    ],
    "locations": [
        "Linux",
        "macOS",
        "Windows"
    ],
    "procedures": [
        "relationship--03341b9d-6848-4430-a868-b2bc61b357ba",
        "relationship--03f69381-89e2-411a-8302-323c8a1bddfa",
        "relationship--06317104-8397-453e-bef8-aa3269360ffc",
        "relationship--08482fa2-6db3-4c82-8ca0-9d666454f2c6",
        "relationship--0c6329d8-4f00-4b3b-aa82-3bc2e9f14766",
        "relationship--0f483f1d-cd24-4446-8725-8af01fcd089c",
        "relationship--13ef6179-f624-4a3f-8095-a86609e31828",
        "relationship--1678d731-c556-4968-aab1-ae745015308f",
        "relationship--185bd112-5e1f-4059-9e42-b8b80874e8f2",
        "relationship--18e170d7-ff3f-450b-9366-cea23216b60e",
        "relationship--1d11c326-7640-4ddd-b5fe-c8eaf4097c20",
        "relationship--1d17e8d5-7a65-4d67-bfec-0ef7cad974d9",
        "relationship--1fec545d-436a-4b70-8ab8-87d217956b8f",
        "relationship--213ea969-5e60-4128-9794-a09fb5f5eb5e",
        "relationship--21900cf5-72e2-4661-b137-0753710b4f9d",
        "relationship--2211dd80-6ab2-4d3b-90fd-3ae19e75b64f",
        "relationship--246b5a38-8569-4145-af9a-0078f398e1d1",
        "relationship--28d81681-8dcf-45ee-a5e6-378327ce93ce",
        "relationship--29818fd0-e6df-4871-b025-938c77978544",
        "relationship--2ad83456-5794-44d5-bfd1-3c51b2925c01",
        "relationship--2c93a27a-c6f0-46b9-857b-b746e2204670",
        "relationship--30c0f7aa-473d-42c3-81ff-f39c6f21ee52",
        "relationship--314aca1d-01a5-4549-b274-ba1112c3ca51",
        "relationship--344bbf55-0316-49d0-a5ab-c5f79d218908",
        "relationship--354fe9c0-2b9b-43f9-98a0-ae0ee1515d4d",
        "relationship--3565539f-7ebf-4288-8422-5212c774821b",
        "relationship--380743e5-616c-4524-96e6-d545e5b653ea",
        "relationship--382ab873-523f-4455-b3c5-74d81b4fc57b",
        "relationship--399b8688-1fe9-4fa6-a984-7c01f9319a38",
        "relationship--39d1a7ed-2388-4611-9886-915a3604c300",
        "relationship--3abe734c-7fd2-4da6-9b0a-420f9187165c",
        "relationship--3b6f4d0d-352f-4e0f-8a7d-5b843a21295a",
        "relationship--3c662aa7-0ee8-4e42-b0b9-de0dc2f02a57",
        "relationship--3ed5a1c3-e7c8-4fb7-bfcf-401b29f5f47c",
        "relationship--401c021f-60eb-49ae-8019-561c2785b12f",
        "relationship--4113ccd6-1134-4cef-bf5b-aca9a2364c82",
        "relationship--41c5b24c-6e33-43b4-ad7e-ebe7506d33b9",
        "relationship--42de94e7-86f3-41d9-9e01-45fff8be1451",
        "relationship--48106cb0-a9c8-4c68-b90a-8d517078d189",
        "relationship--48d24989-916a-46ba-b5ea-b3db838a3ae0",
        "relationship--49267afd-b71b-4dd0-a68a-128e61f7bdfd",
        "relationship--4971ab34-bfff-4384-b04f-6a7cd004ae2f",
        "relationship--49f2c182-bd69-4874-9102-b5fd1acac59c",
        "relationship--4b2de33f-c8cf-48dc-aa6d-524460bb3e24",
        "relationship--4c5f4c95-2eca-4f8d-8e7e-16f0bb323b07",
        "relationship--4e18e63e-acb5-48fc-8935-eb4416929745",
        "relationship--4f32ce54-46cf-4141-9700-9978056951db",
        "relationship--4ffcf69a-c7ef-46dc-add7-9093e454a67e",
        "relationship--5201448e-f009-4c24-abb5-9382383dc42d",
        "relationship--520f5440-740f-4efe-850e-ea4db340aef1",
        "relationship--52fb33e7-e53c-4d1f-b052-d3e373a64672",
        "relationship--5409a62e-d298-4026-8829-550306e8e4a6",
        "relationship--5434447a-d954-4106-9657-ee62a4acf27b",
        "relationship--546fc347-7844-4721-8ec4-dbf45e8ca1e7",
        "relationship--551c4e98-3dfb-472b-8fa8-6a8961dfd418",
        "relationship--55af3bd0-d523-4394-99c6-182114c5cdc2",
        "relationship--566913fd-3f30-4d33-b275-4a8c8f31a1c3",
        "relationship--64b3a1a6-42c3-4874-a081-e620577f5cfd",
        "relationship--655005cc-a289-4878-8dc0-64f0c7d167c4",
        "relationship--684ee30a-a6c6-45c0-a592-1d77eaad6bb8",
        "relationship--68edf451-bda3-4159-9715-dbcfda8eb8e2",
        "relationship--699d04f6-bace-4bf8-af2a-c80c62fcdd23",
        "relationship--69e152de-4cf5-416b-a52b-c6a067f1789e",
        "relationship--6ccbfb65-9be0-4b7c-947a-fb686e64985a",
        "relationship--6dc0069c-5e6a-474f-946d-cc1cd13bc486",
        "relationship--6ddbec2b-2a42-476f-919d-da3e4b06a1e2",
        "relationship--6f950d42-13f2-48e0-9ecf-3c48d7562460",
        "relationship--7101e112-c694-498f-be15-c0790f5d8547",
        "relationship--743a0baf-8d6d-4e4a-a72b-0413a5d49594",
        "relationship--76b77ff0-54db-40bd-910b-2776c714075d",
        "relationship--7953c8bf-2e44-45e9-90f5-4db5da4ad8c2",
        "relationship--7ac3aabb-ed01-4e7f-a247-e043261a1c3b",
        "relationship--7b28dace-9c62-4226-9878-dee480f541d4",
        "relationship--7cafb7b2-5227-4340-b531-7bd134645d30",
        "relationship--7ccf3e90-8099-4445-b39f-956d2807189b",
        "relationship--7cf62137-2a28-4a11-b64d-8b9409656bc9",
        "relationship--7cfc1c10-b3d5-4e9e-907e-7379c3771161",
        "relationship--7f7bf7a4-4f3a-48a6-bc19-4a139ba165a0",
        "relationship--7fb33043-4b78-407d-a452-d242349d6c0d",
        "relationship--8167df91-ca5b-4a65-b94e-a40e6d54ad40",
        "relationship--84694171-7b5a-457d-ac1f-304bf0d71d4c",
        "relationship--853e7b95-9edb-4260-b08d-3dd3b922cb73",
        "relationship--87039f89-ab04-4851-be9b-403a599a8c8e",
        "relationship--8a0f5351-66d4-410d-9427-ff58420fc173",
        "relationship--8ae91ec7-32ed-46a2-9bc2-1c7b856c3cc7",
        "relationship--8b02b838-22f8-469b-97f1-7185b06d286a",
        "relationship--8b953ac7-23b8-4ddc-90a3-7c9d17fc4f54",
        "relationship--8fbcd4e8-d2b5-408c-8b3a-1e990833705b",
        "relationship--91f79ff4-3850-4e37-807a-fe303b312e23",
        "relationship--9267fe42-6290-4342-8024-38d703db4376",
        "relationship--98402b9f-d9c6-4200-8f05-80c4b46da2bf",
        "relationship--987786d7-5f2f-4fdd-b5cb-fddadc9982c8",
        "relationship--9afc4866-c607-4af6-bd71-eef0ab16c7b6",
        "relationship--9b77175f-5bf4-4f4e-a064-55d88babf1fe",
        "relationship--9ccf0f5a-e1c1-4be1-b823-cf087a07c670",
        "relationship--9e26a79d-1982-46b8-b077-0bb6ca30cd3b",
        "relationship--9ed1920b-595b-40ae-954c-1b4769eac07e",
        "relationship--9ee16333-0c70-4d8a-8fc7-ab81e4fe389a",
        "relationship--9f5398d3-f9fe-4abc-bf10-1112f106b3d5",
        "relationship--a12ce761-4e08-4fcd-b00a-7b5eb082fda4",
        "relationship--a1c31042-ca50-4bcc-bd05-20eb48c655ef",
        "relationship--a5931b14-3087-4fc5-8167-498fc1af23f1",
        "relationship--a778d83c-5452-49ff-87dd-dbd3ef0d380f",
        "relationship--aac7b4ce-93ee-4feb-83da-3b2600ad75b0",
        "relationship--ac3b6751-e615-44f6-a086-0c236742d8fd",
        "relationship--acc40539-13a0-4577-a862-e348962bf0fc",
        "relationship--acd25956-0e08-4643-a121-33f20eb4b24c",
        "relationship--ae2aeca3-098f-42f2-a35e-e0d206ba84f7",
        "relationship--ae81a84a-e7a6-4f9d-b412-3f91b012f052",
        "relationship--afc6e4e4-2bcc-47b7-bc0d-2866d4e1dcda",
        "relationship--b148a44c-b4f9-4e19-b6b0-730b83445451",
        "relationship--b16afb1a-b6ee-4cfb-9fb1-966478828480",
        "relationship--b3aa93e7-534f-4bd7-8df7-ed9dfa8ccccc",
        "relationship--b5f8197f-d703-461a-ba51-6e7749dd8367",
        "relationship--bb72c8e4-4d1b-47c6-ad2d-a345826b5645",
        "relationship--c1bf0daf-42e0-426a-ba8a-ba892f688963",
        "relationship--c51d9123-7f7e-41e6-8cf7-7c7dc4170ca0",
        "relationship--c621754d-39c0-4ed4-96d2-6f47e8263aea",
        "relationship--c6761f22-a8ed-4a9a-8d58-e8eee38ead88",
        "relationship--c6f2fa29-30fd-45c1-8adf-ed621771bd5d",
        "relationship--c7f04f79-4bda-4abf-8f74-4faad8a09f19",
        "relationship--c902576b-935e-4c1c-ae81-5d878e0ebaa0",
        "relationship--c92d9edc-e2a9-44e4-95ef-81632eaf14f9",
        "relationship--ca4d01b7-6e5b-4e4f-8b0a-2d1eaccefa01",
        "relationship--cb297293-d9bb-484a-a9fb-b7b09477d38f",
        "relationship--cbc251b7-5541-408f-b11d-c57d600fc8cf",
        "relationship--cd46796f-4a71-468a-b19f-87a13894d254",
        "relationship--cdde3e80-af48-40eb-b001-2dea47e68ad8",
        "relationship--cfff835f-4c2b-4c90-b316-3807796269fc",
        "relationship--d361058d-a11b-470d-bed8-44bfd8e50393",
        "relationship--d61aad08-1ad3-4cba-a8e6-a8106089a635",
        "relationship--d7ce8b92-ada4-4e8f-b073-5a497de7156a",
        "relationship--d8abe157-f6cd-4959-b9d5-e0c87d16bcfe",
        "relationship--db296410-83e6-4716-af90-ae4b7e7f3171",
        "relationship--dbb1d0eb-c7ee-4794-80d4-66e6281cbc63",
        "relationship--dd06ea48-6dde-4753-8f2b-c2fb56bea4f4",
        "relationship--dfb4c7e9-e1af-4716-b658-9cfbadd706dc",
        "relationship--e1592867-e02f-4c1f-a9f2-1c60e25a1301",
        "relationship--e6ce13c0-7a23-4974-bacc-187eedd9c6da",
        "relationship--e9e70d42-7810-4175-aea5-509a6541f4dd",
        "relationship--ed543016-8c64-42dd-89e1-7c6a49791d80",
        "relationship--efcc09fb-4c15-4a58-9bc5-b92747eae842",
        "relationship--f187aa90-df6c-485c-bc01-dec83aca9625",
        "relationship--f4dc0552-707f-453b-96c9-5e757a408e53",
        "relationship--f72dda85-719d-4e6f-bac8-2589934ae6dd",
        "relationship--f78542d4-3e7b-4a73-a47e-1fc0a15fbe24",
        "relationship--fbf22973-f91d-440a-9559-65bc2d8e3739"
    ],
    "graph_nodes": [
        {
            "count": 137,
            "id": 0,
            "texts": [
                "MechaFlounder",
                "LightNeuron",
                "SysUpdate",
                "Spark",
                "Bankshot",
                "GoldMax",
                "Valak",
                "Leviathan",
                "PoetRAT",
                "AppleSeed",
                "Lazarus Group",
                "SideTwist",
                "Higaisa",
                "BLUELIGHT",
                "Kimsuky",
                "Attor",
                "BADHATCH",
                "Caterpillar WebShell",
                "Emotet",
                "HOPLIGHT",
                "Shark",
                "SLOTHFULMEDIA",
                "OutSteel",
                "BoxCaon",
                "EVILNUM",
                "Bandook",
                "HotCroissant",
                "StrifeWater",
                "Chrommme",
                "SMOKEDHAM",
                "DnsSystem",
                "CreepySnail",
                "metaMain",
                "DustySky",
                "Flagpro",
                "Machete",
                "ADVSTORESHELL",
                "SVCReady",
                "Bumblebee",
                "AppleJeus",
                "NightClub",
                "WarzoneRAT",
                "Torisma",
                "Mis-Type",
                "KONNI",
                "SUGARDUMP",
                "Grandoreiro",
                "Metamorfo",
                "Squirrelwaffle",
                "LuminousMoth",
                "Sandworm Team",
                "Chimera",
                "FoggyWeb",
                "Carberp",
                "STARWHALE",
                "Misdat",
                "Woody RAT",
                "StrongPity",
                "HAWKBALL",
                "NETEAGLE",
                "GALLIUM",
                "XCSSET",
                "TrickBot",
                "QakBot",
                "Ursnif",
                "CharmPower",
                "Octopus",
                "Lazarus Group",
                "S-Type",
                "Ke3chang",
                "APT39",
                "REvil",
                "MobileOrder",
                "CallMe",
                "Psylo",
                "Amadey",
                "GoldenSpy",
                "Zebrocy",
                "Remexi",
                "Doki",
                "Kevin",
                "IceApple",
                "TajMahal",
                "Mafalda",
                "AuTo Stealer",
                "APT3",
                "APT41",
                "threat actors",
                "FunnyDream",
                "APT32",
                "Stuxnet",
                "Crimson",
                "SharpDisco",
                "Lokibot",
                "ROKRAT",
                "ThiefQuest",
                "Cyclops Blink",
                "BLINDINGCAN",
                "MarkiRAT",
                "MacMa",
                "PowerShower",
                "Adversaries",
                "Industroyer",
                "SombRAT",
                "Mongall",
                "FlawedAmmyy",
                "SDBbot",
                "ZLib",
                "ZIRCONIUM",
                "Drovorub",
                "KOPILUWAK",
                "threat actors",
                "Pteranodon",
                "Kessel",
                "Confucius",
                "Bisonal",
                "Rising Sun",
                "njRAT",
                "KGH_SPY",
                "Wizard Spider",
                "Proxysvc",
                "Tomiris",
                "Penquin",
                "threat actors",
                "adversary",
                "RDAT",
                "LitePower",
                "Goopy",
                "MuddyWater",
                "attacker",
                "Ebury",
                "Dyre",
                "RotaJakiro",
                "GrimAgent",
                "PingPull",
                "Crutch",
                "OopsIE"
            ],
            "label": "ACTOR"
        },
        {
            "count": 146,
            "id": 1,
            "texts": [
                "hostname",
                "account name",
                "files",
                "data",
                "generated reports",
                "files",
                "system information",
                "files",
                "data",
                "files",
                "files",
                "data",
                "files",
                "data",
                "collected data",
                "data",
                "data",
                "JSON format",
                "host information",
                "victim data",
                "stolen credentials",
                "files",
                "data",
                "victim data",
                "stolen data",
                "system information",
                "data",
                "sensitive information",
                "data",
                "files",
                "data",
                "files",
                "documents",
                "system information",
                "files",
                "data",
                "data",
                "data",
                "screenshots files",
                "files",
                "recorded audio",
                "keylogger data",
                "information",
                "data",
                "stolen information",
                "gathered information",
                "data",
                "gathered data",
                "stolen files",
                "data",
                "files",
                "data",
                "information",
                "stolen victim data",
                "host and malware information",
                "data",
                "victim data",
                "host environment information",
                "data",
                "data",
                "files",
                "network system data",
                "files",
                "data",
                "data",
                "data",
                "stolen files",
                "results",
                "user information",
                "data",
                "compromised victim information",
                "information",
                "r1.log file",
                "stolen information",
                "stolen files",
                "SMB shares",
                "contact",
                "stolen data",
                "files",
                "targeted file extensions",
                "pieces",
                "contents",
                "file path",
                "information",
                "file",
                "exfiltrated files",
                "user and system information",
                "stored data",
                "data",
                ".txt, .pdf, .xls or .doc files",
                "past two days",
                "files",
                "information",
                "hardware profiles",
                "previously-received commands",
                "information",
                "files",
                "data",
                "files",
                "data",
                "files",
                "files",
                "files",
                "data",
                "data",
                "file",
                "system information",
                "network information",
                "debugger logs",
                "screenshot files",
                "information",
                "stolen files",
                "exfiltrated data",
                "data",
                "stolen information",
                "information",
                "network enumeration information",
                "domain credentials",
                "files",
                "information",
                "files",
                "files",
                "hardcoded set",
                ".rar",
                ".pdf",
                "extensions",
                ".docx",
                ".doc",
                "files",
                "information",
                "data",
                "data",
                "files",
                "screenshots",
                "data",
                "data",
                "exfiltrated data",
                "data",
                "SSH credentials",
                "information",
                "device",
                "data",
                "data",
                "stolen victim data",
                "data",
                "files"
            ],
            "label": "DATA"
        },
        {
            "count": 120,
            "id": 2,
            "texts": [
                "C2",
                "URL",
                "email C2 channel",
                "C2 channel",
                "C2",
                "DNS or HTTP C2 channel",
                "C2",
                "C2 channel",
                "C2 channel",
                "C2",
                "C2",
                "channel",
                "C2",
                "C2",
                "C2",
                "SMTP",
                "DNS",
                "C2",
                "C2",
                "C2s",
                "C2",
                "HTTP",
                "C2",
                "Cobalt Strike C2 beacons",
                "compromised AD FS server",
                "HTTP",
                "established C2s",
                "C2s",
                "C2",
                "C2 channels",
                "C2 channel",
                "C2",
                "C2 channel",
                "C2 channel",
                "C2",
                "hardcoded C2",
                "C2 nodes",
                "HTTP POSTs",
                "SMTP/S and POP3/S C2 channels",
                "email",
                "hardcoded C2 URL",
                "C2 channel",
                "C2s",
                "C2 communications",
                "C2s",
                "protocol",
                "C2",
                "C2 communications",
                "C2s",
                "port",
                "external C2 domain",
                "designated C2",
                "C2 channel",
                "C2",
                "DNS C2 channel",
                "HTTP response",
                "C2",
                "C2",
                "TCP",
                "HTTP",
                "C2s",
                "C2 channel",
                "C2 channels",
                "C2s",
                "C2",
                "opened channel",
                "C2",
                "HTTP",
                "opened channel",
                "C2",
                "external C2",
                "C2",
                "C2",
                "C2",
                "unencrypted HTTP",
                "C2",
                "Network packets",
                "C2",
                "C2",
                "C2",
                "C2 channel",
                "C2",
                "POST-request",
                "C2",
                "C2",
                "C2s",
                "Dropbox API C2",
                "C2",
                "C2 infrastructure",
                "C2",
                "C2",
                "C2",
                "C2",
                "C2",
                "URL",
                "C2 channel",
                "C2",
                "HTTP",
                "C2",
                "C2 channels",
                "control server channel",
                "custom protocol",
                "C2s",
                "C2",
                "C2",
                "C2",
                "established Exchange Web Services API C2 channel",
                "hardcoded C2",
                "C2 channel",
                "Microsoft Outlook C2 channel",
                "C2 infrastructure",
                "C2 channel",
                "C2",
                "TCP",
                "C2",
                "established C2 channels",
                "C2 channel",
                "C2 channel",
                "primary C2 channel",
                "C2"
            ],
            "label": "NETWORK"
        },
        {
            "count": 6,
            "id": 3,
            "texts": [
                "user",
                "victim",
                "target",
                "victim",
                "victim",
                "victim"
            ],
            "label": "USER"
        },
        {
            "count": 40,
            "id": 4,
            "texts": [
                "ShimRatReporter",
                "HTTP POST requests",
                "HTTP and HTTPS POST requests",
                "HTTP POST requests",
                "malware",
                "HTRAN",
                "Web shells",
                "Empire",
                "Pupy",
                "Cannon exfiltrates",
                "HTTP POST requests",
                "BITSAdmin",
                "Ngrok",
                "Multi File Exfiltrator module",
                "tool",
                "Cloudflare services",
                "commands",
                "backdoor",
                "Astaroth exfiltrates",
                "plugin",
                "HTTP POST requests",
                "PowerShell document stealer module",
                "BACKSPACE",
                "hardware profiles",
                "previously-received commands",
                "SILENTTRINITY",
                "POST requests",
                "XServer backdoor",
                "Imminent Monitor",
                "HTTP POST request",
                "Sliver",
                "download command",
                "PcShare",
                "command code",
                "do_upload",
                "Empire",
                "Gamaredon Group file stealer",
                "Stealth Falcon malware",
                "custom DNS queries",
                "Dropbox HTTP API"
            ],
            "label": "FUNCTION"
        },
        {
            "count": 27,
            "id": 5,
            "texts": [
                "compromised host",
                "compromised host",
                "infected host",
                "machine",
                "compromised host",
                "infected host",
                "infected machine",
                "system",
                "compromised host",
                "machine",
                "compromised host",
                "victim host",
                "compromised host",
                "compromised host",
                "compromised host",
                "infected host",
                "infected system",
                "infected machine",
                "infected machine",
                "host",
                "compromised host",
                "infected system",
                "compromised host",
                "device",
                "data",
                "compromise host",
                "machine"
            ],
            "label": "COMPONENT"
        },
        {
            "count": 6,
            "id": 6,
            "texts": [
                "that",
                "HTTP POST",
                "which",
                "that",
                "that",
                "which"
            ],
            "label": "OTHER"
        },
        {
            "count": 7,
            "id": 7,
            "texts": [
                "compressed and encrypted RAR files",
                "base64 encoded string",
                ".rar",
                ".pdf",
                "extensions",
                ".docx",
                ".doc"
            ],
            "label": "ENCRYPTION"
        },
        {
            "count": 4,
            "id": 8,
            "texts": [
                "/Users/ folder",
                "contents",
                "file path",
                "supplied path"
            ],
            "label": "DIRECTORY"
        }
    ],
    "graph_edges": [
        {
            "id": "0_1",
            "source": 0,
            "dest": 1,
            "count": 84
        },
        {
            "id": "0_2",
            "source": 0,
            "dest": 2,
            "count": 72
        },
        {
            "id": "1_3",
            "source": 1,
            "dest": 3,
            "count": 3
        },
        {
            "id": "1_2",
            "source": 1,
            "dest": 2,
            "count": 87
        },
        {
            "id": "4_1",
            "source": 4,
            "dest": 1,
            "count": 20
        },
        {
            "id": "1_4",
            "source": 1,
            "dest": 4,
            "count": 9
        },
        {
            "id": "0_5",
            "source": 0,
            "dest": 5,
            "count": 8
        },
        {
            "id": "1_5",
            "source": 1,
            "dest": 5,
            "count": 23
        },
        {
            "id": "0_4",
            "source": 0,
            "dest": 4,
            "count": 22
        },
        {
            "id": "5_3",
            "source": 5,
            "dest": 3,
            "count": 3
        },
        {
            "id": "1_0",
            "source": 1,
            "dest": 0,
            "count": 1
        },
        {
            "id": "4_2",
            "source": 4,
            "dest": 2,
            "count": 12
        },
        {
            "id": "6_2",
            "source": 6,
            "dest": 2,
            "count": 4
        },
        {
            "id": "2_1",
            "source": 2,
            "dest": 1,
            "count": 3
        },
        {
            "id": "0_6",
            "source": 0,
            "dest": 6,
            "count": 1
        },
        {
            "id": "1_6",
            "source": 1,
            "dest": 6,
            "count": 1
        },
        {
            "id": "0_7",
            "source": 0,
            "dest": 7,
            "count": 1
        },
        {
            "id": "4_0",
            "source": 4,
            "dest": 0,
            "count": 2
        },
        {
            "id": "1_8",
            "source": 1,
            "dest": 8,
            "count": 3
        },
        {
            "id": "1_7",
            "source": 1,
            "dest": 7,
            "count": 2
        },
        {
            "id": "8_1",
            "source": 8,
            "dest": 1,
            "count": 1
        },
        {
            "id": "0_8",
            "source": 0,
            "dest": 8,
            "count": 1
        },
        {
            "id": "8_2",
            "source": 8,
            "dest": 2,
            "count": 1
        },
        {
            "id": "6_1",
            "source": 6,
            "dest": 1,
            "count": 1
        },
        {
            "id": "4_5",
            "source": 4,
            "dest": 5,
            "count": 2
        },
        {
            "id": "5_2",
            "source": 5,
            "dest": 2,
            "count": 3
        },
        {
            "id": "4_3",
            "source": 4,
            "dest": 3,
            "count": 1
        },
        {
            "id": "2_0",
            "source": 2,
            "dest": 0,
            "count": 1
        }
    ],
    "verbs": {
        "send": 26,
        "to": 91,
        "of": 11,
        "within": 1,
        "over": 44,
        "exfiltrate": 47,
        "by": 39,
        "upload": 15,
        "from": 32,
        "download": 1,
        "use for": 1,
        "in": 6,
        "use": 23,
        "read": 1,
        "for": 3,
        "steal from": 1,
        "gather from": 4,
        "gather": 3,
        "about": 2,
        "collect": 4,
        "transfer": 3,
        "as": 3,
        "establish": 1,
        "have": 1,
        "execute": 3,
        "with": 5,
        "load": 1,
        "use in": 1,
        "initiate": 1,
        "send back": 1,
        "contain": 2,
        "during": 1,
        "direct": 1,
        "collect from": 1,
        "add": 1,
        "receive": 2,
        "match": 1,
        "stage on": 1,
        "relate to": 1
    }
}