{
    "id": "T1047",
    "tech_id": "T1047",
    "tech_name": "Windows Management Instrumentation",
    "best_phrases": [],
    "tactics": [
        "TA0002"
    ],
    "features": [
        "FUNCTION",
        "DATA",
        "COMPONENT",
        "NETWORK",
        "USER",
        "REGISTRY"
    ],
    "locations": [
        "Windows"
    ],
    "procedures": [
        "relationship--01000868-19de-44dd-bea5-ad30dae460ad",
        "relationship--0182aa0a-a8b9-4a6e-9932-88f34f8ceee3",
        "relationship--0220b491-9c13-4bc4-a3e2-e3ad0e8c9733",
        "relationship--04203d88-5fe1-4e63-be65-51a17705716b",
        "relationship--088f896a-59a4-4bce-aacf-3a1f0d6c4237",
        "relationship--0a764574-6288-4f66-b4af-b485424b32d2",
        "relationship--0c0b4142-96e7-440b-a01f-f2bda05649b1",
        "relationship--0fc08710-fefb-4109-821e-1130c14914f3",
        "relationship--1157b635-1cd6-4f65-9be6-09a9f7ac1664",
        "relationship--11f31998-c76f-4433-8e9c-c0ef0b7574d5",
        "relationship--12e24dfb-3b4c-4244-90c9-2f9675dc6eaa",
        "relationship--15e5da78-6475-426e-acd0-09f8a59ca0bb",
        "relationship--16e1d79d-1eb9-4ce7-a21e-115ce2a414f1",
        "relationship--18e8e653-d924-4fed-a33f-7893cf8a683b",
        "relationship--1937b1c7-004f-4d22-bbf2-ab0de1ba8e1a",
        "relationship--1969fef1-3e75-4228-b034-b6436f207c01",
        "relationship--1b6f869f-951c-4323-816f-dbedbe3aac0a",
        "relationship--1bce55fa-b34e-4522-9422-85bf3fdda889",
        "relationship--1c715763-19ea-475d-9d5c-8d4434b4095f",
        "relationship--1c935a6d-dd69-4be3-bfed-56c01d0f9413",
        "relationship--1fa97951-8eba-4771-bc42-8084967f0c65",
        "relationship--23d208f5-cadc-4f80-94c4-5644eaa8b7c7",
        "relationship--2440db47-5c7d-4f60-89e8-d5a6f19f0d0d",
        "relationship--265686ee-6e90-439f-9966-e40b8472bd06",
        "relationship--29552a61-61fe-4265-9468-e53318bd388c",
        "relationship--2d2ebfcb-0b2c-4c69-877e-2ca633c95a17",
        "relationship--35419603-7bc2-40f6-8e5d-4e7a8f13ebb7",
        "relationship--38f54e6f-502c-4af5-9867-fa9fb8381662",
        "relationship--3a30af61-b9b4-488e-aebc-dee4dfce52b6",
        "relationship--402e9430-9d3a-4694-89ca-923dab3fba26",
        "relationship--40b2270c-1549-44dc-87b2-d263941eb951",
        "relationship--411ea36c-e237-4503-82f2-6e9d87a01380",
        "relationship--42cc506f-e9c2-43f1-a68f-3c6973cca2dc",
        "relationship--51548d6c-0aa9-4813-8493-3d9bbcd0617a",
        "relationship--533a2f2c-6cc9-48fa-b029-17cc827e12d7",
        "relationship--5422e9a8-4fbe-40c0-8348-53faa9a7d2d3",
        "relationship--597ca258-3af4-4e51-abf9-b192e98939fd",
        "relationship--5d5077b6-4490-4762-8b8f-ba4e0655ec67",
        "relationship--5ddcecdb-9e54-4e8e-b67b-64d24ec3264a",
        "relationship--64a17aba-5182-4666-bd37-dafa9d835fe8",
        "relationship--6988baa7-1b48-4203-8020-7bb3fb38098d",
        "relationship--6a58662b-4eb1-4172-b387-13e9b574368a",
        "relationship--6ad5d5c8-b53e-417c-a574-3818269d1e85",
        "relationship--6ade9df2-d75a-40a6-91aa-f3150e07ac6a",
        "relationship--6ed1086d-3197-403e-86e4-16e4dee07faa",
        "relationship--7196c18e-b80f-41ec-ae37-a88e99435f56",
        "relationship--737af098-bd8c-4449-b93d-adaaaa55abea",
        "relationship--76eae7b3-2e02-41c6-8b31-b81c8d124006",
        "relationship--77ea5d03-715b-4247-8484-6c1cf2bc7984",
        "relationship--7dcf8536-cf47-4979-a3a2-cda656431edc",
        "relationship--80c90e89-2519-40cb-8757-06471e47d0fb",
        "relationship--84221e86-8ed7-42d4-878f-951cc6eaf65c",
        "relationship--85216e27-5d58-4d89-8b04-3ef50ed14f95",
        "relationship--8561e826-0aa8-4711-ab0b-fffb0b03ff13",
        "relationship--85ee8dfa-7f36-406a-a87c-97633530bdda",
        "relationship--891f701a-b0d3-408a-8e2c-e9d9e727930e",
        "relationship--89fad9cc-d20b-43c4-a98d-105ff6642f2c",
        "relationship--8a61202f-ec67-4ec2-8640-c148147731e0",
        "relationship--8a9e5785-f1cb-4127-9045-07e7bba11e80",
        "relationship--8e883c7a-3f13-42f6-8cf5-ce373586487e",
        "relationship--8f0ca79a-3768-46a2-b2c1-8aa638c6a8d2",
        "relationship--92b7c137-0317-44fa-b1b7-8a7f3ceb6da6",
        "relationship--93086acc-65f7-4e41-b765-04bae1bc12fd",
        "relationship--94b4648a-4108-468c-be51-cca365fd97ac",
        "relationship--969d588f-7357-4349-b158-2bf78704c1b4",
        "relationship--9e80392b-1b7c-4e82-9fbf-73d8ddb6b876",
        "relationship--9ef2a5a7-3be8-426a-8411-ca78e35cef3a",
        "relationship--a04db303-7ae6-4ecd-a397-f3e964bd6e3c",
        "relationship--a0f0d977-ccb9-4634-9b0a-f6887be60b4c",
        "relationship--a295ad0d-28fe-4707-a699-7e49b4e8d9f3",
        "relationship--aa60abd5-cc76-48b0-b39f-510317b18434",
        "relationship--ab4d5c44-b402-4b17-8c23-719e74076dce",
        "relationship--ab51525b-93c6-4ea8-bd83-b9547f1317bb",
        "relationship--ab5f4ee8-c7fc-4be4-bb39-0536d7d7eba3",
        "relationship--afd3118f-bde5-4c02-8e82-045edec0dfdc",
        "relationship--b26c15f9-0679-402b-bcf5-bdae40921f93",
        "relationship--b4810e29-e543-4816-a6a2-d9c0b96eed07",
        "relationship--b55a3ac1-bb12-4507-a323-221b893df51b",
        "relationship--b792772b-381c-4ad3-896b-52f7873d88fa",
        "relationship--b835f71a-b961-4d69-a7eb-6bf682f433de",
        "relationship--b8ead9c4-0403-4b23-b33f-8ac1c57f8e82",
        "relationship--bd0cff5e-762e-4ba0-ab42-9bfe84e8db4f",
        "relationship--c380f574-0f88-4481-84c2-f429bd47c84d",
        "relationship--c53a4d1a-7d41-451e-a4f8-4f69ad27ab7d",
        "relationship--c8e9b49a-4509-407b-9d49-1c1d6f4cb794",
        "relationship--cc506d7d-c2c4-4a56-b8d6-bfca131bfcca",
        "relationship--d295beee-439c-44f9-9908-4cb194331de9",
        "relationship--d47ea1ea-ea4c-46e0-b761-9b6c24888be6",
        "relationship--d4c4e420-4e1a-420d-9d6a-08fe6d322217",
        "relationship--d9c20d20-cd4a-45cf-81a2-e9a8f6c9e78c",
        "relationship--da68887e-3811-4537-90b1-21d42a90e960",
        "relationship--db1a20ca-55a0-42db-b0e5-d600478baddd",
        "relationship--dcd99f6a-c554-4b04-a962-dc3a5f89cdf9",
        "relationship--dcda00f6-f5c1-412f-acb1-a431235fc6cc",
        "relationship--dd050277-bfac-41ba-a40f-7970f2d36189",
        "relationship--e3cd7b09-c244-4b5e-9a99-f1431489ed49",
        "relationship--e40a416e-ca15-4c15-b469-20549b81e6bd",
        "relationship--e50b989c-9ad6-44c6-8eb7-b44af742cc40",
        "relationship--e5462f64-0583-4228-bc85-c3650a4dcfbb",
        "relationship--e75c948b-7ce8-4872-a3c4-4a2b01828418",
        "relationship--e8e4b87c-3d30-4627-8060-5b5116d057fc",
        "relationship--e91ec241-b329-4488-ac65-442992f84fb5",
        "relationship--ed656cf9-64ea-411b-82b8-5260c2694cfd",
        "relationship--ee38932c-ab04-4ac5-9ca3-d14cc98f5476",
        "relationship--ef41cf60-c60d-4c1f-aa2c-ee9cc73641f4",
        "relationship--ef8154b8-b6d3-493f-9bf5-1d5c147108bc",
        "relationship--f1eaa7b9-4320-4549-aaa5-f992aad3ae1e",
        "relationship--f395cb28-5bc0-487e-b679-155ac785b7d9",
        "relationship--f95453f6-4b23-4ec4-bd76-7f44bca126b4",
        "relationship--fb9a793b-0ed7-4152-8802-e1861ad32ad2",
        "relationship--fd763f17-409d-428b-825c-f731b0ad88cc",
        "relationship--fe4c0535-7491-4345-a524-11f8434e3678"
    ],
    "graph_nodes": [
        {
            "count": 92,
            "id": 0,
            "texts": [
                "Sardonic",
                "Meteor",
                "RogueRobin",
                "menuPass",
                "SUNBURST",
                "threat actors",
                "FunnyDream",
                "jRAT",
                "Emotet",
                "Gamaredon Group",
                "FIVEHANDS",
                "APT32",
                "Mosquito",
                "FIN6",
                "Mustang Panda",
                "MuddyWater",
                "EvilBunny",
                "Agent Tesla",
                "Bumblebee",
                "Wizard Spider",
                "DarkWatchman",
                "Leviathan",
                "SharpStage",
                "threat actors",
                "OilRig",
                "Action RAT",
                "Stuxnet",
                "POWRUNER",
                "FlawedAmmyy",
                "FIN7",
                "GALLIUM",
                "ProLock",
                "POWERSTATS",
                "Blue Mockingbird",
                "OopsIE",
                "Naikon",
                "Lazarus Group",
                "Sibot",
                "WannaCry",
                "EKANS",
                "RATANKBA",
                "MoleNet",
                "BlackCat",
                "NotPetya",
                "HALFBAKED",
                "DarkTortilla",
                "Sandworm Team",
                "StoneDrill",
                "Remexi",
                "Earth Lusca",
                "Indrik Spider",
                "Snip3",
                "FELIXROOT",
                "Olympic Destroyer",
                "HermeticWizard",
                "HELLOKITTY",
                "DEATHRANSOM",
                "IcedID",
                "REvil",
                "threat actors",
                "Astaroth",
                "SVCReady",
                "APT29",
                "Black Basta",
                "Lazarus Group",
                "Avaddon",
                "Octopus",
                "HOPLIGHT",
                "PyDCrypt",
                "Maze",
                "Windshift",
                "BADHATCH",
                "APT29",
                "Cobalt Strike",
                "QakBot",
                "Micropsia",
                "Bazar",
                "Chimera",
                "Netwalker",
                "threat actors",
                "KOMPROGO",
                "Valak",
                "EVILNUM",
                "Magic Hound",
                "SysUpdate",
                "CharmPower",
                "Kazuar",
                "APT41",
                "threat actors",
                "Lucifer",
                "FIN8",
                "GravityRAT"
            ],
            "label": "ACTOR"
        },
        {
            "count": 210,
            "id": 1,
            "texts": [
                "WMI",
                "PowerShell commands",
                "wmic.exe",
                "effort",
                "WMI queries",
                "sample",
                "pentesting script wmiexec.vbs",
                "WMI",
                "WMI query",
                "Select * From Win32_SystemDriver",
                "driver listing",
                "wmic",
                "rundll32",
                "Cobalt Strike",
                "BlackEnergy 2 plug-in",
                "WMI",
                "WMI",
                "Windows command shell",
                "WMIC",
                "anti-virus products",
                "WMI",
                "powershell.exe",
                "WMI",
                "scripts",
                "WMI",
                "variant",
                "Zebrocy",
                "WMI queries",
                "WMI",
                "tools",
                "Outlook process",
                "installer",
                "WMI",
                "PowerShell scripts",
                "WMI",
                "malware",
                "command",
                "WMI",
                "wmi queries",
                "WMI",
                "PoshC2",
                "modules",
                "WMI",
                "tasks",
                "WMI",
                "processes",
                "code injection",
                "WMI and LDAP queries",
                "batch scripts",
                "ransomware",
                "WMI",
                "commands",
                "command",
                "WMI",
                "WMI",
                "Invoke-WmiCommand CodeExecution module",
                "PowerSploit",
                "WMI",
                "PowerShell payload",
                "WMI",
                "WMI",
                "WMI",
                "malware",
                "WMI",
                "tools",
                "command",
                "WMIC",
                "WMIC",
                "scripts",
                "WMI queries",
                "wmic.exe",
                "SILENTTRINITY",
                "WMI",
                "WMI",
                "discovery techniques",
                "WMIC.exe",
                "Brute Ratel C4",
                "WMI",
                "Koadic",
                "WMI",
                "commands",
                "WMIC",
                "payloads",
                "WMI",
                "Win32_Process class",
                "DustySky dropper",
                "Windows Management Instrumentation",
                "wmic",
                "Windows Mangement Instrumentation (WMI) calls",
                "operations",
                "WMI",
                "process monitoring",
                "WMI commands",
                "wmic.exe",
                "wmic",
                "WMI queries",
                "WMIexec module",
                "remote code",
                "Impacket",
                "VBScript",
                "WMI queries",
                "WMI command-line (WMIC) utility",
                "tasks",
                "received commands",
                "wmic.exe",
                "WMI commands",
                "VBA script",
                "WMI",
                "Empire",
                "WMI",
                "payload",
                "CrackMapExec",
                "remote commands",
                "Windows Management Instrumentation",
                "wmiexec module",
                "Impacket",
                "commands",
                "WMI",
                "WMIC",
                "commands",
                "WMI",
                "WMI",
                "WMI",
                "security products",
                "C:\\windows\\system32\\cmd.exe /c start C:\\windows\\system32\\\\regsvr32.exe /s /iC:\\windows\\<filename>.dll",
                "WMI",
                "process",
                "WMI",
                "Stealth Falcon malware",
                "Windows Management Instrumentation",
                "WMI",
                "WMI",
                "binaries",
                "WMI",
                "processes",
                "WMI queries",
                "WMIC",
                "payloads",
                "WMI queries",
                "presence",
                "Impacket",
                "Windows Management Instrumentation",
                "WMI",
                "WMI",
                "backdoors",
                "WMI",
                "WMIC",
                "remote XSL script",
                "wmic.exe",
                "wmic.exe",
                "WMI",
                "WMI",
                "scripts",
                "WMIC",
                "WMI",
                "WMI",
                "WMI",
                "WMI",
                "processes",
                "PowerShell scripts",
                "Threat Group-3390 tool",
                "WMI",
                "binary",
                "Ursnif droppers",
                "WMI classes",
                "PowerShell commands",
                "WMI",
                "WMI",
                "payload",
                "WMI queries",
                "firewall products",
                "anti-virus software",
                "WMI",
                "WMI query",
                "installed antivirus engine",
                "WMIC",
                "remote commands",
                "WMI",
                "wmiexec.vbs",
                "remote commands",
                "WMI",
                "commands",
                "WMI queries",
                "wmic process call create",
                "scheduled task",
                "plugins",
                "Windows Management Instrumentation (WMI) tool",
                "tool",
                "cmd /c wmic computersystem get domain",
                "WMI",
                "wmic",
                "WMI querying",
                "processes",
                "WMI",
                "ways",
                "execution",
                "command",
                "commands",
                "WMIEXEC",
                "WMIC",
                "WMI Provider Host",
                "wmiprvse.exe",
                "encoded PowerShell scripts",
                "DownloadString method",
                "WMI",
                "malicious spearphishing payloads",
                "WMI",
                "malware",
                "cmd.exe",
                "WMI requests"
            ],
            "label": "FUNCTION"
        },
        {
            "count": 34,
            "id": 2,
            "texts": [
                "compromised machine",
                "sandbox",
                "remote machine",
                "target host",
                "remote machine",
                "machine",
                "target machine",
                "remote machines",
                "system",
                "AV products",
                "infected host",
                "anti-virus",
                "targeted systems",
                "assets",
                "targeted hosts",
                "compromised hosts",
                "operating system",
                "system",
                "remote host",
                "remote computers",
                "targeted systems",
                "remote machine",
                "virtual machine environment",
                "virtual machine",
                "machine",
                "target machines",
                "compromised machine",
                "remote host",
                "machine",
                "infected machines",
                "system",
                "remote host",
                "local",
                "remote machines"
            ],
            "label": "COMPONENT"
        },
        {
            "count": 19,
            "id": 3,
            "texts": [
                "part",
                "which",
                "Volt Typhoon",
                "itself",
                "itself",
                "TA2541",
                "Scattered Spider",
                "organization",
                "Deep Panda group",
                "FIN13",
                "ways",
                "execution",
                "remote host",
                "local",
                "part",
                "clock speed",
                "Name",
                "Manufacturer",
                "Processor ID"
            ],
            "label": "OTHER"
        },
        {
            "count": 53,
            "id": 4,
            "texts": [
                "shadow copies",
                "modified version",
                "victim host details",
                "firewall details",
                "information",
                "files",
                "information",
                "information",
                "antivirus display names",
                "information",
                "system information",
                "remote share",
                "explorer.exe token",
                "output",
                "information",
                "data",
                "environment variables",
                "information",
                "network connections",
                "configurations",
                "information",
                "shadow copies",
                "shadow copies",
                "system information",
                "WMI class Win32_ComputerSystem",
                "information",
                "volume shadow copies",
                "system information",
                "configuration file",
                "operating system version",
                "credentials",
                "future time",
                "files",
                "shadow copies",
                "local discovery information",
                "Managed Object Format (MOF) files",
                "WMI repository",
                "shadow volumes",
                "information",
                "system information",
                "information",
                "information",
                "Shadow Volumes",
                "information",
                "information",
                "administrative settings",
                "information",
                "CPU information",
                "Win32_Processor entry",
                "clock speed",
                "Name",
                "Manufacturer",
                "Processor ID"
            ],
            "label": "DATA"
        },
        {
            "count": 4,
            "id": 5,
            "texts": [
                "victim",
                "victim",
                "victim",
                "victim"
            ],
            "label": "USER"
        },
        {
            "count": 9,
            "id": 6,
            "texts": [
                "network",
                "network connections",
                "configurations",
                "compromised networks",
                "network",
                "network",
                "network",
                "network domain",
                "network"
            ],
            "label": "NETWORK"
        },
        {
            "count": 2,
            "id": 7,
            "texts": [
                "DLL",
                "Windows Registry"
            ],
            "label": "REGISTRY"
        }
    ],
    "graph_edges": [
        {
            "id": "0_1",
            "source": 0,
            "dest": 1,
            "count": 133
        },
        {
            "id": "1_2",
            "source": 1,
            "dest": 2,
            "count": 18
        },
        {
            "id": "0_3",
            "source": 0,
            "dest": 3,
            "count": 4
        },
        {
            "id": "1_3",
            "source": 1,
            "dest": 3,
            "count": 2
        },
        {
            "id": "3_1",
            "source": 3,
            "dest": 1,
            "count": 11
        },
        {
            "id": "1_4",
            "source": 1,
            "dest": 4,
            "count": 11
        },
        {
            "id": "0_4",
            "source": 0,
            "dest": 4,
            "count": 35
        },
        {
            "id": "4_1",
            "source": 4,
            "dest": 1,
            "count": 7
        },
        {
            "id": "3_2",
            "source": 3,
            "dest": 2,
            "count": 2
        },
        {
            "id": "2_5",
            "source": 2,
            "dest": 5,
            "count": 3
        },
        {
            "id": "4_2",
            "source": 4,
            "dest": 2,
            "count": 8
        },
        {
            "id": "1_0",
            "source": 1,
            "dest": 0,
            "count": 2
        },
        {
            "id": "0_6",
            "source": 0,
            "dest": 6,
            "count": 4
        },
        {
            "id": "0_2",
            "source": 0,
            "dest": 2,
            "count": 6
        },
        {
            "id": "4_5",
            "source": 4,
            "dest": 5,
            "count": 1
        },
        {
            "id": "0_7",
            "source": 0,
            "dest": 7,
            "count": 2
        },
        {
            "id": "4_6",
            "source": 4,
            "dest": 6,
            "count": 2
        },
        {
            "id": "3_6",
            "source": 3,
            "dest": 6,
            "count": 2
        },
        {
            "id": "2_1",
            "source": 2,
            "dest": 1,
            "count": 1
        },
        {
            "id": "2_6",
            "source": 2,
            "dest": 6,
            "count": 1
        },
        {
            "id": "6_3",
            "source": 6,
            "dest": 3,
            "count": 1
        },
        {
            "id": "4_3",
            "source": 4,
            "dest": 3,
            "count": 3
        }
    ],
    "verbs": {
        "use": 102,
        "execute": 35,
        "on": 15,
        "as": 3,
        "of": 14,
        "delete": 8,
        "in": 9,
        "log": 2,
        "into": 1,
        "retrieve": 3,
        "load": 1,
        "onto": 1,
        "gather": 12,
        "open": 1,
        "identify": 1,
        "obtain": 2,
        "instal on": 3,
        "discover": 5,
        "deploy": 2,
        "about": 5,
        "search": 1,
        "by": 10,
        "from": 4,
        "have": 1,
        "spawn": 1,
        "for": 6,
        "with": 3,
        "collect": 4,
        "enumerate": 2,
        "install": 1,
        "instal": 1,
        "across": 3,
        "set": 1,
        "perform": 3,
        "extract": 1,
        "utilize": 4,
        "propagate": 2,
        "run": 6,
        "deliver": 2,
        "to": 3,
        "query": 3,
        "create": 2,
        "kill": 1,
        "list in": 1,
        "determine": 1,
        "detect": 1,
        "steal": 1,
        "at": 1,
        "over": 1,
        "recompile": 1,
        "connect": 1,
        "launch": 2,
        "modify": 1
    }
}