{
    "id": "T1048.003",
    "tech_id": "T1048.003",
    "tech_name": "Exfiltration Over Unencrypted Non-C2 Protocol",
    "best_phrases": [],
    "tactics": [
        "TA0010"
    ],
    "features": [
        "NETWORK",
        "DATA",
        "FUNCTION",
        "DIRECTORY",
        "USER",
        "COMPONENT"
    ],
    "locations": [
        "Linux",
        "macOS",
        "Windows",
        "Network"
    ],
    "procedures": [
        "relationship--0a8ee649-e907-4a73-8513-3019b2d771a0",
        "relationship--177950ec-8f25-4243-8d9d-a15e24ff7c98",
        "relationship--1ce50a6a-5f0b-40ca-9a71-41369ae3fdcd",
        "relationship--22d01548-0512-4acb-a386-51ec7a822329",
        "relationship--24a9d604-0e19-4458-953b-7985b862bfaa",
        "relationship--27c397ca-aaa1-4cf5-b663-bde9b82050a6",
        "relationship--28a113cd-efdc-49cf-b6d2-c967e11de751",
        "relationship--37d0c8b8-0b5e-4da5-bd35-5265b8f9d390",
        "relationship--3d4dabc2-3bee-409a-a05d-e107677cfdc7",
        "relationship--4612c0bd-f6f7-4c71-92dd-9f26ff1c3eef",
        "relationship--46fa464b-20e0-4c77-9b75-580f9f236c43",
        "relationship--499b83f9-ba2a-4de3-a143-ed85677a453d",
        "relationship--5fe0a46c-7a06-4aea-9768-d611d3f3116d",
        "relationship--60c1b489-f1fc-4568-aba0-54e932715abc",
        "relationship--613ba18d-d23b-443a-9e1a-c2d564132fe2",
        "relationship--6c10da0b-4dfd-4389-b3e3-3599a2fab859",
        "relationship--70495f42-0a81-485c-8f30-c75af61f1c6a",
        "relationship--8f104e2e-4816-4551-b4a6-9f0ed1e01218",
        "relationship--95415ffd-265d-448f-bb39-73c7721d5c42",
        "relationship--96667f6c-e625-4696-92b5-d65d142b3f43",
        "relationship--a501c3c3-66f7-4128-bf47-b6bf816d5411",
        "relationship--ac3ee298-bef0-4a52-9050-3dcef1701408",
        "relationship--b9349020-d0b1-4d48-94f1-74a4f3c79185",
        "relationship--c291bd7d-bf11-4be0-8d31-77055bb7675a",
        "relationship--d811dad0-a813-4293-81fc-55e8ea6a54be",
        "relationship--ed2c177c-18fc-4bfd-9169-48af1557a542",
        "relationship--fba63e06-710f-4f04-b446-be8509ea0a5e"
    ],
    "graph_nodes": [
        {
            "count": 19,
            "id": 0,
            "texts": [
                "Lazarus Group malware SierraBravo-Two",
                "curl --upload-file command",
                "Brave Prince variants",
                "HTTP post command",
                "Daum email service",
                "later variants",
                "script",
                "CosmicDuke exfiltrates",
                "backdoor",
                "routines",
                "DNS lookups",
                "BITSAdmin",
                "BITS Jobs",
                "curl command",
                "DNS",
                "TCP",
                "HTTP POST request",
                "macOS built-in utility",
                "Rclone"
            ],
            "label": "FUNCTION"
        },
        {
            "count": 41,
            "id": 1,
            "texts": [
                "email message",
                "SMTP",
                "FTP",
                "email",
                "DNS tunnel",
                "HTTP",
                "FTP server",
                "FTP",
                "web server",
                "FTP",
                "WebDAV",
                "FTP",
                "C2s",
                "FTP",
                "WinSCP",
                "DNS packets",
                "FTP",
                "SMTP",
                "FTP",
                "HTTP",
                "ftp",
                "subdomains",
                "attacker-controlled domain",
                "FTP",
                "primary C2 channel",
                "DNS",
                "HTTP",
                "C2",
                "FTP",
                "FTP",
                "C2 channel",
                "ftp",
                "HTTP POSTs",
                "remote servers",
                "DNS",
                "TCP",
                "HTTP POST request",
                "FTP",
                "FTP",
                "HTTP",
                "WebDAV"
            ],
            "label": "NETWORK"
        },
        {
            "count": 31,
            "id": 2,
            "texts": [
                "information",
                "data",
                "data",
                "data",
                "files",
                "data",
                "reconnaissance data",
                "information",
                "data",
                "victim data",
                "credentials",
                "files",
                "data",
                "data",
                "subdomain field",
                "data",
                "HTTP POST headers",
                "victim information",
                "victim data",
                "data",
                "data",
                "files",
                "logs",
                "files",
                "data",
                "stolen payment card data",
                "information",
                "credentials",
                "files",
                "files",
                "data"
            ],
            "label": "DATA"
        },
        {
            "count": 1,
            "id": 3,
            "texts": [
                "infected victims"
            ],
            "label": "USER"
        },
        {
            "count": 21,
            "id": 4,
            "texts": [
                "FIN8",
                "Remsec",
                "CookieMiner",
                "ccf32",
                "KONNI",
                "CharmPower",
                "Thrip",
                "APT32",
                "CORALDECK",
                "Wizard Spider",
                "Agent Tesla",
                "PoetRAT",
                "APT41",
                "OilRig",
                "Carbon",
                "Dok",
                "APT33",
                "FIN6",
                "Kessel",
                "WindTail",
                "Cherry Picker"
            ],
            "label": "ACTOR"
        },
        {
            "count": 2,
            "id": 5,
            "texts": [
                "Korea",
                "targeted organization"
            ],
            "label": "OTHER"
        },
        {
            "count": 1,
            "id": 6,
            "texts": [
                "compromised host"
            ],
            "label": "COMPONENT"
        },
        {
            "count": 2,
            "id": 7,
            "texts": [
                "/tmp folder",
                "/usr/bin/curl"
            ],
            "label": "DIRECTORY"
        }
    ],
    "graph_edges": [
        {
            "id": "0_1",
            "source": 0,
            "dest": 1,
            "count": 6
        },
        {
            "id": "1_2",
            "source": 1,
            "dest": 2,
            "count": 2
        },
        {
            "id": "2_3",
            "source": 2,
            "dest": 3,
            "count": 1
        },
        {
            "id": "4_1",
            "source": 4,
            "dest": 1,
            "count": 17
        },
        {
            "id": "4_2",
            "source": 4,
            "dest": 2,
            "count": 21
        },
        {
            "id": "2_1",
            "source": 2,
            "dest": 1,
            "count": 17
        },
        {
            "id": "4_0",
            "source": 4,
            "dest": 0,
            "count": 6
        },
        {
            "id": "0_2",
            "source": 0,
            "dest": 2,
            "count": 6
        },
        {
            "id": "0_5",
            "source": 0,
            "dest": 5,
            "count": 1
        },
        {
            "id": "2_0",
            "source": 2,
            "dest": 0,
            "count": 4
        },
        {
            "id": "2_5",
            "source": 2,
            "dest": 5,
            "count": 1
        },
        {
            "id": "0_4",
            "source": 0,
            "dest": 4,
            "count": 1
        },
        {
            "id": "2_6",
            "source": 2,
            "dest": 6,
            "count": 1
        },
        {
            "id": "2_7",
            "source": 2,
            "dest": 7,
            "count": 1
        },
        {
            "id": "4_7",
            "source": 4,
            "dest": 7,
            "count": 1
        }
    ],
    "verbs": {
        "generate": 1,
        "by": 14,
        "contain": 1,
        "about": 1,
        "use": 15,
        "exfiltrate": 18,
        "over": 12,
        "upload": 2,
        "to": 7,
        "of": 3,
        "post": 1,
        "send": 3,
        "with": 2,
        "hardcode in": 1,
        "collect": 1,
        "from": 4,
        "in": 3,
        "have": 1,
        "as": 1,
        "create": 1,
        "store in": 1
    }
}