{
    "id": "T1046",
    "tech_id": "T1046",
    "tech_name": "Network Service Discovery",
    "best_phrases": [],
    "tactics": [
        "TA0007"
    ],
    "features": [
        "FUNCTION",
        "NETWORK",
        "COMPONENT",
        "VULNERABILITY",
        "DATA",
        "USER",
        "DIRECTORY"
    ],
    "locations": [
        "Windows",
        "IaaS",
        "Linux",
        "macOS",
        "Containers",
        "Network"
    ],
    "procedures": [
        "relationship--01a1c2f4-ccb3-4238-9c9c-d6ca3a098ed9",
        "relationship--02caaeff-7429-444f-bac2-498fe3a73cfd",
        "relationship--069bd80b-9f39-46c6-a9dc-b61e42a2f91e",
        "relationship--0bc4d3d8-8018-4e0a-a365-ebef543e1222",
        "relationship--0d889b2d-eda4-45dc-99bf-c530b7d4b05f",
        "relationship--129d828d-a84b-43dc-afc1-f46d8a25de0a",
        "relationship--13d8aec7-3e49-41f8-b57c-475cdc0d9632",
        "relationship--1d1cc2e5-ef43-4b36-9077-3b173e03d254",
        "relationship--2589342a-8f88-4458-bc34-cec6b073763e",
        "relationship--2a37062f-9174-47b3-8c1f-2e32db19db1e",
        "relationship--2c9fad15-9b3f-45fe-854a-c87113d4695c",
        "relationship--3778dc3a-14b2-43e9-8e37-d1c3c731b390",
        "relationship--393a3ec4-9970-44ab-ae63-1e9c6bed0310",
        "relationship--3faf013a-e1c4-494a-b2a1-6e9abef908b9",
        "relationship--4258ffdf-ecdb-465d-af16-bda97062ab7f",
        "relationship--455ad18f-00a1-4ac4-a77b-abb26a68996e",
        "relationship--467f79d6-edf7-4e6a-a0d7-8196cd406ce1",
        "relationship--47e4d006-2685-4628-a46b-f6d9066f3585",
        "relationship--4c1c2160-0b1d-4bb9-be29-e0c6e0570a2d",
        "relationship--5929ef3e-3945-4ede-b3cd-94f47850a6bd",
        "relationship--592a2355-077e-4692-a28a-da998ed5f937",
        "relationship--5d55b1c4-cdf4-4314-881e-ba0c853b1b60",
        "relationship--5d8e9a49-f534-4cb6-9e3e-aebacb3c1dd0",
        "relationship--5dd2c2dd-dcc3-44f5-9c9a-3055cda6c5fa",
        "relationship--61de6721-267c-4224-8000-b3329f3057cf",
        "relationship--63994c7c-6544-4e29-9c94-ac2237166774",
        "relationship--679707b5-84d8-473d-9d28-e92a7d16763a",
        "relationship--6eaf57d7-1e0c-437a-b5e6-4b4dc6f00ae1",
        "relationship--704355c5-4743-4fe1-bd64-b7012fe7c1d2",
        "relationship--72f5ca9f-6b0e-4051-b2ae-da1b59e6ed2b",
        "relationship--73ce71e3-938e-4f5e-b588-32426e874577",
        "relationship--73d4dcf0-5c97-4b60-af21-b68182237e15",
        "relationship--82c8372e-9b69-4720-a351-d6f0bda110d5",
        "relationship--87ebb077-671c-42b2-ad27-07f54b5920be",
        "relationship--883558d8-c445-45cf-a5cd-841fdf49f311",
        "relationship--9409dcff-0ddf-43f6-b7c0-937fd9216ee0",
        "relationship--98e08749-5e7b-40ed-8a66-cd33f9c8c6ba",
        "relationship--9b360cf4-4600-4ea8-a28c-99d91e0d1734",
        "relationship--9ee893d7-f87e-4d2e-a440-4ba9cb3a3561",
        "relationship--a0bb2dec-515f-4334-97c1-63fa6c9b4340",
        "relationship--a423dc5c-c506-4cc5-b65c-0c9269d18fb6",
        "relationship--a8aec030-1331-46d8-afa3-d08be70f55c0",
        "relationship--b1c49faa-0b6f-4a0e-85da-5ab8ddeab2ce",
        "relationship--b84414c0-18e9-4483-83db-555bd2880740",
        "relationship--c4693c3d-7ec1-4e6d-9788-b3aa39d97e10",
        "relationship--c92f6bab-4dfc-443d-903c-35318b80a396",
        "relationship--cac01499-50ef-4cbf-a223-6879c139173a",
        "relationship--db283fff-4b13-4c79-85f0-5cdb6b76e964",
        "relationship--db85ce33-98cf-4fec-93bd-402909cbe4bc",
        "relationship--dd0c5079-1bd3-45fa-b8e7-aabf0a5513b7",
        "relationship--ddede021-d8bc-4303-9915-5b2dd0ebd4cd",
        "relationship--e45bff55-f8b0-406b-ba7d-03af2e7be8c8",
        "relationship--e6b68811-113e-4f86-8096-9f506e34dda1",
        "relationship--eacb7614-6cc9-4eb9-92fc-bba53ac4f59a",
        "relationship--edcd7a59-f8e0-41e5-b0f5-8d348fa13a10",
        "relationship--f46bb223-1276-4266-b653-d6b8c2943adf",
        "relationship--fefae8e3-2549-4743-9713-7dfa40c52ae4"
    ],
    "graph_nodes": [
        {
            "count": 89,
            "id": 0,
            "texts": [
                "Pupy",
                "built-in module",
                "port scanning",
                "CrackMapExec",
                "BLUETORCH",
                "custom port scanner",
                "network scanning",
                "nmap",
                "pscan",
                "SNScan tool",
                "tcping.exe",
                "network scanning module",
                "Hunter tool",
                "network service",
                "custom port scanner",
                "Empire",
                "port scans",
                "nmap",
                "reconnaissance efforts",
                "port scanning",
                "active services",
                "tool",
                "GOLDIRONY",
                "custom tool",
                "SoftPerfect Network Scanner",
                "network scanning",
                "nmap",
                "port scans",
                "masscan",
                "pr",
                "tool",
                "LadonGo scanner",
                "KPortScan",
                "SMB, RDP, and LDAP scanning",
                "scanning",
                "NBTscan",
                "network scanning",
                "open ports",
                "services",
                "OS finger-printing",
                "vulnerabilities",
                "Peirates",
                "port scan",
                "port scans",
                "Koadic",
                "server component",
                "authentication portals",
                "open-source tool",
                "SoftPerfect Network Scanner",
                "network scanning",
                "get -b <start ip> -e <end ip> -p command",
                "network scanning",
                "custom Python tool",
                "Get.exe",
                "Windows executable",
                "SILENTTRINITY",
                "malware variant",
                "WIDETONE",
                "port scans",
                "port scanning",
                "port scans",
                "Brute Ratel C4",
                "port scanning",
                "open ports",
                "listening services",
                "tools",
                "reconnaissance",
                "masscan",
                "malware",
                "zmap",
                "zgrab",
                "vulnerable services",
                "nbtscan",
                "SMBTouch",
                "vulnerability scanner",
                "Conficker scans",
                "HDoor scans",
                "capability",
                "tools",
                "broad scanning",
                "PoshC2",
                "port scans",
                "plugin",
                "port scanning",
                "ARP scanning",
                "module",
                "port scanner",
                "network reconnaissance",
                "Advanced Port Scanner tool"
            ],
            "label": "FUNCTION"
        },
        {
            "count": 44,
            "id": 1,
            "texts": [
                "APT39",
                "threat actors",
                "BlackTech",
                "menuPass",
                "Backdoor.Oldrea",
                "Threat Group-3390 actors",
                "Industroyer",
                "Ramsay",
                "DarkVishnya",
                "OilRig",
                "Lazarus Group",
                "Leafminer",
                "Royal",
                "SpeakUp",
                "BlackEnergy",
                "Hildegard",
                "Tropic Trooper",
                "Naikon",
                "Magic Hound",
                "Rocke",
                "APT32",
                "BADHATCH",
                "ZxShell",
                "threat actors",
                "Cobalt Group",
                "Chimera",
                "APT41",
                "Xbash",
                "Cobalt Strike",
                "Attacker",
                "XTunnel",
                "P.A.S. Webshell",
                "HermeticWizard",
                "FIN6",
                "TeamTNT",
                "threat actors",
                "BackdoorDiplomacy",
                "MURKYTOP",
                "Fox Kitten",
                "InvisiMole",
                "Remsec",
                "Lucifer",
                "Caterpillar WebShell",
                "Pysa"
            ],
            "label": "ACTOR"
        },
        {
            "count": 23,
            "id": 2,
            "texts": [
                "target environments",
                "systems",
                "infected host",
                "systems",
                "router VM",
                "systems",
                "victim system",
                "network interfaces",
                "targeted systems",
                "host",
                "kubelets",
                "target systems",
                "computer",
                "compromised machine",
                "infected host",
                "hosts",
                "targeted systems",
                "machines",
                "hosts",
                "open ports",
                "vulnerable instances",
                "infected host",
                "system"
            ],
            "label": "COMPONENT"
        },
        {
            "count": 3,
            "id": 3,
            "texts": [
                "potential targets",
                "victim",
                "victim"
            ],
            "label": "USER"
        },
        {
            "count": 55,
            "id": 4,
            "texts": [
                "victim networks",
                "ICS-related ports",
                "network",
                "internal MS-SQL servers",
                "compromised network",
                "ports",
                "enterprise network",
                "network services",
                "ports",
                "servers",
                "internal Kubernetes network",
                "open ports",
                "target networks",
                "exposed TCP port",
                "SSH and Redis servers",
                "open ports",
                "IP networks",
                "network",
                "open ports",
                "services",
                "OS finger-printing",
                "vulnerabilities",
                "given IP address",
                "open ports",
                "TCP connection",
                "open TCP ports",
                "target network",
                "IP ranges",
                "HTTP",
                "open ports",
                "subnets",
                "TCP and UDP ports",
                "internal network",
                "ports",
                "networks",
                "network",
                "open ports",
                "listening services",
                "ports",
                "compromised network",
                "internal network",
                "Structured Query Language (SQL) servers",
                "NetBIOS",
                "Kubernetes clusters",
                "open Docker API ports",
                "open ports",
                "open ports",
                "open ports",
                "connected network",
                "open ports",
                "network",
                "open ports",
                "vulnerable instances",
                "RDP and SMB protocols",
                "open ports"
            ],
            "label": "NETWORK"
        },
        {
            "count": 4,
            "id": 5,
            "texts": [
                "port status",
                "interest",
                "list",
                "NETBIOS nameservers"
            ],
            "label": "DATA"
        },
        {
            "count": 9,
            "id": 6,
            "texts": [
                "FIN13",
                "restricted segment",
                "availability",
                "pr",
                "tool",
                "targeted ESXi appliances",
                "Chopper",
                "5900",
                "40"
            ],
            "label": "OTHER"
        },
        {
            "count": 5,
            "id": 7,
            "texts": [
                "vulnerabilities",
                "open ports",
                "services",
                "OS finger-printing",
                "vulnerabilities"
            ],
            "label": "VULNERABILITY"
        },
        {
            "count": 1,
            "id": 8,
            "texts": [
                "Active Directory"
            ],
            "label": "DIRECTORY"
        }
    ],
    "graph_edges": [
        {
            "id": "1_0",
            "source": 1,
            "dest": 0,
            "count": 47
        },
        {
            "id": "1_2",
            "source": 1,
            "dest": 2,
            "count": 8
        },
        {
            "id": "1_3",
            "source": 1,
            "dest": 3,
            "count": 1
        },
        {
            "id": "3_4",
            "source": 3,
            "dest": 4,
            "count": 1
        },
        {
            "id": "1_5",
            "source": 1,
            "dest": 5,
            "count": 3
        },
        {
            "id": "5_2",
            "source": 5,
            "dest": 2,
            "count": 1
        },
        {
            "id": "2_5",
            "source": 2,
            "dest": 5,
            "count": 1
        },
        {
            "id": "1_4",
            "source": 1,
            "dest": 4,
            "count": 23
        },
        {
            "id": "0_2",
            "source": 0,
            "dest": 2,
            "count": 10
        },
        {
            "id": "6_0",
            "source": 6,
            "dest": 0,
            "count": 2
        },
        {
            "id": "6_4",
            "source": 6,
            "dest": 4,
            "count": 4
        },
        {
            "id": "5_0",
            "source": 5,
            "dest": 0,
            "count": 1
        },
        {
            "id": "4_2",
            "source": 4,
            "dest": 2,
            "count": 7
        },
        {
            "id": "2_6",
            "source": 2,
            "dest": 6,
            "count": 3
        },
        {
            "id": "1_7",
            "source": 1,
            "dest": 7,
            "count": 2
        },
        {
            "id": "7_2",
            "source": 7,
            "dest": 2,
            "count": 1
        },
        {
            "id": "1_6",
            "source": 1,
            "dest": 6,
            "count": 2
        },
        {
            "id": "2_4",
            "source": 2,
            "dest": 4,
            "count": 4
        },
        {
            "id": "4_6",
            "source": 4,
            "dest": 6,
            "count": 1
        },
        {
            "id": "0_4",
            "source": 0,
            "dest": 4,
            "count": 10
        },
        {
            "id": "0_6",
            "source": 0,
            "dest": 6,
            "count": 1
        },
        {
            "id": "4_3",
            "source": 4,
            "dest": 3,
            "count": 2
        },
        {
            "id": "4_0",
            "source": 4,
            "dest": 0,
            "count": 1
        },
        {
            "id": "0_8",
            "source": 0,
            "dest": 8,
            "count": 1
        }
    ],
    "verbs": {
        "have": 4,
        "for": 25,
        "use": 25,
        "employ": 1,
        "scan": 12,
        "find": 3,
        "on": 18,
        "probe": 1,
        "of": 9,
        "identify": 3,
        "discover": 1,
        "map": 2,
        "perform": 9,
        "from": 6,
        "utilize": 2,
        "in": 4,
        "obtain": 1,
        "conduct": 7,
        "within": 1,
        "search": 4,
        "initiate": 1,
        "against": 5,
        "establish": 1,
        "launch": 1,
        "spider": 1,
        "pack into": 1,
        "suckfly": 1,
        "with": 3,
        "scan for": 1
    }
}