{
    "id": "T1055.001",
    "tech_id": "T1055.001",
    "tech_name": "Dynamic-link Library Injection",
    "best_phrases": [],
    "tactics": [
        "TA0005",
        "TA0004"
    ],
    "features": [
        "FUNCTION",
        "REGISTRY",
        "COMPONENT",
        "DATA",
        "NETWORK",
        "USER"
    ],
    "locations": [
        "Windows"
    ],
    "procedures": [
        "relationship--063ed9e5-4acd-47b4-a169-0ca40ef95025",
        "relationship--092ea2a0-c8f5-409f-b391-119f3446e63c",
        "relationship--106aae81-fab1-42b3-97b0-4f0c1d67c896",
        "relationship--11247a95-272b-4ae2-8dae-2cd049328734",
        "relationship--15f40e8e-7ddd-47f8-a11d-fbebc2c4d3fa",
        "relationship--1a7d1db3-9383-4171-8938-382e9b0375c6",
        "relationship--1a978832-f04d-4853-8094-58fc99e30ed1",
        "relationship--1e075dae-a0df-4ab9-a297-fda2248bc254",
        "relationship--21674a10-7168-420e-b916-2979a3ee3b5e",
        "relationship--22a75bbf-5490-40cb-bdb7-a0eda5e95d21",
        "relationship--249897d9-131f-4cf8-93d7-cb20006a511d",
        "relationship--27ccf817-33de-4d85-85e5-851f82e835e4",
        "relationship--2e418dd3-d6dc-4d02-a555-2b3a13936dc3",
        "relationship--39647c47-c73d-4da7-9b1a-8c67f20c1890",
        "relationship--3a0c38e8-c174-4c86-a229-fcb4965ce311",
        "relationship--3bcce871-6b9d-4eaf-9364-80dea3cb7ef9",
        "relationship--410ec59e-9e11-4acc-98d6-4d7c63f09c8d",
        "relationship--44a97cbb-ce03-43ee-959e-c582e64372a2",
        "relationship--44fab50d-4fb6-4a8a-ab7a-84dcb70443f5",
        "relationship--47415cec-25f8-4425-9125-157e1637a687",
        "relationship--4a0cbe7f-e88c-4ef6-8bf7-9f6e17e8de04",
        "relationship--4bcd21d2-7583-4b82-8d33-2b153eeb6fdb",
        "relationship--4d0ea359-36b3-46f8-818a-5aaff3de574a",
        "relationship--4d5f07bd-985d-4dee-8f1b-9143fb158438",
        "relationship--508879cf-53b7-4578-9a5f-9ed20dfb09ef",
        "relationship--5893fbd3-f3c0-4332-b2e3-e6a07142ef9d",
        "relationship--5a0db1e3-cd18-4f00-936b-4b8ede1e0498",
        "relationship--5e840479-61c1-44f5-8cb8-0e61ffe12b89",
        "relationship--65eff720-b419-4e73-8f6c-c3dd07b78484",
        "relationship--6e906ef1-2984-4d8e-ba9f-5f40f30f996e",
        "relationship--71c146b5-9afa-41fa-9339-2a6287e7d309",
        "relationship--7307a870-2d74-4e46-9ba0-8fb83d598cfb",
        "relationship--74afa3c9-bfa3-48a3-85bf-b28e5ecd00b7",
        "relationship--7995952f-370f-4514-a0c1-ce160b4c90c1",
        "relationship--7b2329e5-eacf-4626-bc3c-43331bc09aef",
        "relationship--7c3b845e-56ca-4580-b060-a3fa42b86a86",
        "relationship--7d020981-51b3-4ff6-825f-7cd192c934e1",
        "relationship--7fd4fe68-0f2a-485c-9b10-6847428ef5da",
        "relationship--a275b407-099a-4f2c-954c-528cf61349f8",
        "relationship--a442fcac-55d7-49ff-8ecf-ca61885c27e2",
        "relationship--a737a968-1fec-4e9b-b0dd-d4318f07a691",
        "relationship--b97e696f-6386-4b15-8f24-81d0abe51830",
        "relationship--b9b2ddad-acb6-4e97-966c-ff18fd36cea3",
        "relationship--c055d228-a0e6-4b76-961a-1eebe99679f5",
        "relationship--c31643e8-86a3-49e4-bd69-572d7e64c7c0",
        "relationship--c4e3450c-c657-43c3-b825-031b12a33611",
        "relationship--c7d6694e-cfbf-4883-9f4c-8fb3f187e6ae",
        "relationship--cc2dd0db-3679-4b14-b9a1-4aff659e2c4a",
        "relationship--cd79adbd-3d52-4f26-aea4-cbbbc3d6aa66",
        "relationship--d10e82b8-7f30-4845-af05-44ac3287bf70",
        "relationship--d5ede6b1-984f-4e43-8d55-92d1efc5e8b6",
        "relationship--d5f2b0fc-c865-419d-aacd-8004ecba00df",
        "relationship--d7aa491f-a801-4611-ad07-5096e12c5c5f",
        "relationship--df5bee66-b840-405e-b9d5-2e0ced2e6808",
        "relationship--e834920f-bc30-458e-b56e-80947d3a7c6e",
        "relationship--ed113911-e21a-4b1b-a082-42313d5aa887",
        "relationship--f1091b2c-ea09-402b-9717-8b7526fb5c13",
        "relationship--f1459bdf-06ae-435a-8506-1e8e444a410b",
        "relationship--f72d9605-eea6-4ed4-8502-231d4c21431f",
        "relationship--f9d9b5aa-f4d6-46fc-8831-21ca405ab8e5",
        "relationship--fa7b6b1c-de8b-4e6b-ae62-785bc6ce3c51"
    ],
    "graph_nodes": [
        {
            "count": 51,
            "id": 0,
            "texts": [
                "Heyoka Backdoor",
                "Mongall",
                "Saint Bot",
                "Emissary",
                "Remsec",
                "DarkTortilla",
                "BlackEnergy",
                "Turla",
                "PS1",
                "Cobalt Strike",
                "SDBbot",
                "Metamorfo",
                "ComRAT",
                "Socksbot",
                "Lizar",
                "Maze",
                "Matryoshka",
                "Aria-body",
                "FinFisher",
                "PipeMon",
                "Dyre",
                "BackdoorDiplomacy",
                "Gelsemium",
                "Get2",
                "Taidoor",
                "RATANKBA",
                "BADHATCH",
                "MegaCortex",
                "Stuxnet",
                "threat actors",
                "Leviathan",
                "Duqu",
                "PoisonIvy",
                "Derusbi",
                "ZxShell",
                "Putter Panda",
                "HIDEDRV",
                "Carbon",
                "Tropic Trooper",
                "TajMahal",
                "Conti",
                "Ramsay",
                "Uroburos",
                "Carberp",
                "SombRAT",
                "Sykipot",
                "Emotet",
                "TA505",
                "Elise",
                "Wizard Spider",
                "ShadowPad"
            ],
            "label": "ACTOR"
        },
        {
            "count": 38,
            "id": 1,
            "texts": [
                "DLL",
                "DLL file",
                "RunPe6",
                ".NET-based DLL",
                "DLL",
                "reflective DLL",
                "DLL file",
                "DLLs",
                "DLL",
                "DLL",
                "orchestrator DLL",
                "DLL",
                "DLLs",
                "DLL",
                "DLLs",
                "DLLs",
                "DLL",
                "injecthelper.dll",
                "entire DLL",
                "DLL",
                "D8B3.dll",
                "DLL",
                "DLL",
                "DLL",
                "DLL",
                "DLL",
                "IronNetInjector",
                "DLL",
                "IronNetInjector DLL",
                "DLLs",
                "encrypted DLL",
                "DLL",
                "DLL",
                "Netwalker DLL",
                "DLL",
                "DLL files",
                "DLLs",
                "DLL"
            ],
            "label": "REGISTRY"
        },
        {
            "count": 124,
            "id": 2,
            "texts": [
                "rundll32.exe",
                "DLL component",
                "EhStorAurhn.exe",
                "spawned Internet Explorer process",
                "DLL injection",
                "process injection",
                "DLL component",
                "svchost.exe",
                "Metasploit",
                "reflective DLL injection",
                "payload",
                "Koadic",
                "process injection",
                "RARSTONE",
                "hidden Internet Explorer process",
                "reflective injection",
                "created rundll32.exe process",
                "Windows Media Player process",
                "wmplayer.exe",
                "explorer.exe",
                "communications module",
                "browser process",
                "suspended svchost process",
                "Bumblebee loader",
                "Dij command",
                "ability",
                "processes",
                "PowerKatz plugin",
                "reflective DLL loading",
                "PowerShell process",
                "FunnyDream FilepakMonitor component",
                "Bka.exe process",
                "VirtualAllocEx, WriteProcessMemory and CreateRemoteThread APIs",
                "DLL component",
                "malware",
                "target process",
                "reflective DLL injection",
                "library",
                "RAT",
                "Pupy",
                "process",
                "reflective DLL injection",
                "PowerSploit",
                "CodeExecution modules",
                "code",
                "DLL, shellcode",
                "process",
                "process",
                "dllhost.exe",
                "rundll32.exe",
                "processes",
                "modules",
                "processes",
                "reflective DLL loading",
                "processes",
                "modules",
                "legitimate software",
                "processes",
                "DLL loading",
                "reflective DLL injection",
                "explorer.exe",
                "created rundll32.exe process",
                ", newly created, or preselected trusted process",
                "Winlogon process",
                "reflective DLL loading",
                "techniques",
                "shell",
                "Kazuar",
                "processes",
                "payload",
                "explorer.exe process",
                "processes",
                "detection",
                "processes",
                "target process",
                "security software",
                "process",
                "secure shell (SSH) process",
                "shared SVCHOST process",
                "executable",
                "process",
                "msinm.exe",
                "Outlook Express",
                "Internet Explorer",
                "Outlook",
                "Firefox",
                "iexplore.exe",
                "firefox.exe",
                "outlook.exe",
                "explorer.exe process",
                "Downdelph",
                "command",
                "code",
                "process",
                "Lazarus Group malware sample",
                "reflective DLL injection",
                "DLL backdoor",
                "svchost.exe",
                "dllhost.exe",
                "IronNetInjector",
                "DLL",
                "IronNetInjector DLL",
                "processes",
                "explorer.exe",
                "processes",
                "plugins",
                "ImprovedReflectiveDLLInjection",
                "components",
                "DLL injection",
                "modules",
                "embedded files",
                "bootkit",
                "processes",
                "loadfromstorage",
                "loadfrommem",
                "loadfromfile",
                "firefox.exe",
                "iexplore.exe",
                "outlook.exe",
                "Explorer.exe",
                "legitimate running process",
                "winword.exe",
                "iexplore.exe",
                "svchost.exe"
            ],
            "label": "FUNCTION"
        },
        {
            "count": 19,
            "id": 3,
            "texts": [
                "privileges",
                "memory",
                "memory space",
                "memory",
                "memory",
                "address space",
                "given pid",
                "memory",
                "backdoor access",
                "memory",
                "modules",
                "embedded files",
                "address space",
                "memory",
                "storage",
                "disk",
                "memory",
                "memory",
                "read, write, and execute permissions"
            ],
            "label": "DATA"
        },
        {
            "count": 11,
            "id": 4,
            "texts": [
                "suspicious",
                "that",
                "that",
                "itself",
                "that",
                "that",
                "itself",
                "selection",
                "that",
                "itself",
                "itself"
            ],
            "label": "OTHER"
        },
        {
            "count": 4,
            "id": 5,
            "texts": [
                "C2",
                "C2 connections",
                "network connections",
                "network"
            ],
            "label": "NETWORK"
        },
        {
            "count": 21,
            "id": 6,
            "texts": [
                "system",
                "default browser",
                "compromised host",
                "Windows environment",
                "disk",
                "system",
                "security suite",
                "infected host",
                "process",
                "msinm.exe",
                "Outlook Express",
                "Internet Explorer",
                "Outlook",
                "Firefox",
                "iexplore.exe",
                "firefox.exe",
                "outlook.exe",
                "memory",
                "storage",
                "disk",
                "instances"
            ],
            "label": "COMPONENT"
        },
        {
            "count": 3,
            "id": 7,
            "texts": [
                "victim",
                "victim",
                "victims"
            ],
            "label": "USER"
        }
    ],
    "graph_edges": [
        {
            "id": "0_1",
            "source": 0,
            "dest": 1,
            "count": 26
        },
        {
            "id": "0_2",
            "source": 0,
            "dest": 2,
            "count": 59
        },
        {
            "id": "1_2",
            "source": 1,
            "dest": 2,
            "count": 27
        },
        {
            "id": "0_3",
            "source": 0,
            "dest": 3,
            "count": 7
        },
        {
            "id": "2_3",
            "source": 2,
            "dest": 3,
            "count": 4
        },
        {
            "id": "1_3",
            "source": 1,
            "dest": 3,
            "count": 9
        },
        {
            "id": "2_1",
            "source": 2,
            "dest": 1,
            "count": 7
        },
        {
            "id": "2_4",
            "source": 2,
            "dest": 4,
            "count": 2
        },
        {
            "id": "2_5",
            "source": 2,
            "dest": 5,
            "count": 3
        },
        {
            "id": "4_3",
            "source": 4,
            "dest": 3,
            "count": 3
        },
        {
            "id": "1_5",
            "source": 1,
            "dest": 5,
            "count": 1
        },
        {
            "id": "3_2",
            "source": 3,
            "dest": 2,
            "count": 5
        },
        {
            "id": "3_6",
            "source": 3,
            "dest": 6,
            "count": 1
        },
        {
            "id": "0_6",
            "source": 0,
            "dest": 6,
            "count": 3
        },
        {
            "id": "2_6",
            "source": 2,
            "dest": 6,
            "count": 4
        },
        {
            "id": "6_7",
            "source": 6,
            "dest": 7,
            "count": 1
        },
        {
            "id": "5_4",
            "source": 5,
            "dest": 4,
            "count": 1
        },
        {
            "id": "4_2",
            "source": 4,
            "dest": 2,
            "count": 7
        },
        {
            "id": "0_4",
            "source": 0,
            "dest": 4,
            "count": 5
        },
        {
            "id": "3_7",
            "source": 3,
            "dest": 7,
            "count": 1
        },
        {
            "id": "1_6",
            "source": 1,
            "dest": 6,
            "count": 3
        },
        {
            "id": "4_6",
            "source": 4,
            "dest": 6,
            "count": 2
        },
        {
            "id": "2_7",
            "source": 2,
            "dest": 7,
            "count": 1
        },
        {
            "id": "6_5",
            "source": 6,
            "dest": 5,
            "count": 1
        },
        {
            "id": "2_0",
            "source": 2,
            "dest": 0,
            "count": 1
        },
        {
            "id": "6_2",
            "source": 6,
            "dest": 2,
            "count": 1
        }
    ],
    "verbs": {
        "inject": 39,
        "into": 78,
        "perform": 6,
        "use": 12,
        "for": 4,
        "escalate": 1,
        "decrypt": 1,
        "download": 1,
        "from": 3,
        "in": 3,
        "of": 9,
        "onto": 3,
        "by": 2,
        "load": 8,
        "appear": 1,
        "initiate": 1,
        "create": 1,
        "support": 1,
        "give": 1,
        "execute": 6,
        "contain": 1,
        "drop": 2,
        "utilize": 1,
        "write": 1,
        "provide": 1,
        "to": 4,
        "run": 1,
        "save": 1,
        "evade": 1,
        "influence": 1,
        "on": 2,
        "drop onto": 1,
        "access": 1,
        "have": 1,
        "deploy": 1,
        "with": 2
    }
}