{
    "id": "T1059.001",
    "tech_id": "T1059.001",
    "tech_name": "PowerShell",
    "best_phrases": [
        "powershell empire",
        "powershell implants",
        "powershell.exe",
        "powershell scripts",
        "powershell one-liners",
        "powershell-based tools",
        "powershell command",
        "obfuscated powershell",
        "obfuscated powershell scripts",
        "publicly-available powershell-based tool",
        "encoded powershell scripts",
        "powershell loader",
        "powershell.exe -windowstyle hidden -exec bypass -file \"%appdata%\\onedrive.ps1\"",
        "powershell loaders",
        "powershell remoting",
        "powershell",
        "encoded powershell command",
        "powershell loops",
        "powershell commands",
        "PowerShell",
        "custom powershell script",
        "powershell script",
        "powershell components",
        "powershell reverse tcp shells",
        "dsinternals powershell module",
        "metasploit powershell module",
        "powershell backdoor"
    ],
    "tactics": [
        "TA0002"
    ],
    "features": [
        "FUNCTION",
        "DATA",
        "COMPONENT",
        "NETWORK",
        "USER",
        "REGISTRY",
        "VULNERABILITY",
        "DIRECTORY"
    ],
    "locations": [
        "Windows"
    ],
    "procedures": [
        "relationship--0068ee65-0945-4f69-ba81-163ffbc05e53",
        "relationship--04175eba-3f58-42ce-897b-1d483c4c12e0",
        "relationship--06de29d8-365b-4072-a4bb-9d436763ea1e",
        "relationship--07ef8045-6a01-4764-a351-a8a2ee2170f7",
        "relationship--095d2af9-dca4-4a7a-b22e-e37923e7c43c",
        "relationship--0b77fa58-6fd7-4002-955e-e3e1705d54c2",
        "relationship--0f50a4e4-6ceb-4ead-88ed-147592e0b398",
        "relationship--110690db-fd9b-425a-9269-ec082f0af3f9",
        "relationship--11475791-a127-476d-acaa-905e2397be5f",
        "relationship--1219cbd2-26b8-4a2e-bbf1-477afc396203",
        "relationship--1628f41f-4941-40d7-a11c-1f345925ab6e",
        "relationship--16e90509-5ea2-48ff-8e09-686dcfddbb3b",
        "relationship--1aaecef9-d21a-420c-a6c0-53cca7a5e5d8",
        "relationship--1d8fedc7-e139-4806-9904-3cc2bf8b9334",
        "relationship--23bd8751-1083-4c0b-8ec1-b5f637c5fbc7",
        "relationship--277532f0-8f01-4b9d-b59a-3c993f5e528d",
        "relationship--2cd5235f-1f0b-4f58-a931-d3b940b62cbf",
        "relationship--2f68f61d-07e1-4181-a26c-93433f9f0db7",
        "relationship--31728aa8-de3d-4edd-8c39-3d9d3091341a",
        "relationship--328636ab-7265-4212-96d4-4ebf2e6a65db",
        "relationship--32be4e3c-fa7f-4ec5-abee-2ed631d0494a",
        "relationship--33bba084-3681-4955-861d-2ff6fe02ad9b",
        "relationship--375253bd-1832-4177-a1b1-92b42a6a599b",
        "relationship--392ae34f-3fb7-444b-a5cc-3a1ddcaa96a6",
        "relationship--398a5e5a-b624-4992-b26c-2abb37c9c2db",
        "relationship--3a26d78f-e0cb-4a58-8d84-6d867b32f279",
        "relationship--3b02e08d-f6fe-4d7b-907d-e8c6534f9a98",
        "relationship--3ed930d6-ab79-4642-8320-2ed59d899b6d",
        "relationship--3f2f8ae7-0690-4987-a00c-6b234b938fef",
        "relationship--431f7f45-8955-48d3-948a-891ed2a59c3f",
        "relationship--43ec2047-44fb-49a5-b24a-9edcb5378e5c",
        "relationship--47747638-0f8d-4735-b16d-b52861dec73f",
        "relationship--4856de0a-2635-4081-97a8-3f15593c2aa5",
        "relationship--487f677f-4525-4a02-ac95-2a83e4a4bf7b",
        "relationship--4c13f346-bdd9-4759-b1a8-1f3a38c6055b",
        "relationship--4dea60e2-5339-4aed-b9a8-5ebf6af2f431",
        "relationship--4f3efbf7-46f8-4e93-97cd-c5a497457e0f",
        "relationship--4fcdf0b6-23c7-406c-95ba-b335b05642e5",
        "relationship--4fde23ab-b8db-4275-ac37-37e608cb00b0",
        "relationship--500c36bc-9f08-404c-9aa6-38680c529ced",
        "relationship--5238d74f-8d6c-420f-a521-f68937934842",
        "relationship--570da7ec-2d72-4e1b-9f30-f0e1a10085bf",
        "relationship--58c28a92-b3ed-41de-841d-8b8d1ad142be",
        "relationship--5a54aabe-e485-4a01-b284-cb080b11582b",
        "relationship--5b2457a6-a2b8-4809-a2a0-68d1c74bbb9b",
        "relationship--5b62e906-a48a-4897-82cf-49a947782780",
        "relationship--5b69fc3c-1bf7-4092-be94-755790ccf41f",
        "relationship--5cb2c8db-bd76-4a39-be55-6de6864cb129",
        "relationship--5db4c540-d95b-4a38-9d05-c21d7c85c9b1",
        "relationship--5df525ae-d983-4fde-ac10-b07a820d9046",
        "relationship--5eabbcb7-3672-4518-9e2e-2a5a8e3120fa",
        "relationship--5f00edf9-fcfc-4514-8d06-bc69f91f9260",
        "relationship--6337cf38-4b52-4e3d-a63e-670e077ec52f",
        "relationship--635e93f3-ba76-43c5-961e-8464d4c257c3",
        "relationship--68019421-95db-4416-879d-bb68c063dd78",
        "relationship--6809f70c-63a2-415d-8c64-66784fd80caf",
        "relationship--69422dae-3bc2-41a9-bfc8-6ef431f807c6",
        "relationship--6e2b1acc-87b5-4947-a933-b376d48b126a",
        "relationship--6e6828ca-7567-4302-8ed7-fa5821dc5bbc",
        "relationship--6f6803c2-ab49-4c74-b0fe-262276e85d3e",
        "relationship--6fdc3210-9754-4157-b386-8fcd680e732c",
        "relationship--7005793f-b8da-49c5-8985-9d4476c3faaf",
        "relationship--70d1a246-4ff2-452d-babf-ed47bccbf1c4",
        "relationship--71ae6f80-3d5c-4d61-8995-5844f9f592ed",
        "relationship--7396dd25-432c-4285-8149-1237b1273a53",
        "relationship--73baa214-fbe6-477e-9beb-d1a08a6d117f",
        "relationship--7425e191-ec5c-40ec-ab5f-fb99d6064422",
        "relationship--749b0a26-fbf8-4858-a545-5faca77adead",
        "relationship--76c260cd-7cc8-4333-a253-e19b953c8291",
        "relationship--7b458295-8e67-4f1f-acde-3316ae2e061e",
        "relationship--7f78df2e-e6e9-43f1-815b-58e4a10fc594",
        "relationship--80bd9e02-dee9-48e9-9a75-a64ac58eefad",
        "relationship--8432770c-a920-43dc-855c-216320a70a88",
        "relationship--851b7548-1ba4-402d-ae31-8336fa3ae47d",
        "relationship--8698cc92-79ad-46c4-9cb8-30ef87a8d760",
        "relationship--872a8c48-765c-446e-a321-9a80116f8599",
        "relationship--87911fd7-8058-4d6f-99d0-68021a94357e",
        "relationship--8835056d-c12a-4036-9028-7b8d867f2d79",
        "relationship--89424d69-a426-4f76-9e7f-7b2dabe459be",
        "relationship--8982affe-fe2b-40c8-8b0c-e539687f4124",
        "relationship--8a8068fb-7cf9-4ab6-92a7-e8b3ecdf578d",
        "relationship--8b368877-93b8-4ea9-84ef-84232412982f",
        "relationship--8d5d9206-a213-465d-b384-6152eb2796a0",
        "relationship--8dbcee86-c9db-4ae3-ba16-29056a8a1593",
        "relationship--8e324a04-e543-4eed-bf21-cdf446d8f8f6",
        "relationship--8fba0fad-b83d-4252-b7ef-c4d1b3529cba",
        "relationship--911c0e63-10bc-4fbd-b7b7-0a9e318bb4f1",
        "relationship--9284080a-98cb-46d7-80b3-775a89d5bdfa",
        "relationship--93c02dec-e63e-4437-809c-dc99e82d177d",
        "relationship--949cf89d-6d65-4459-83e7-dc826ae9c894",
        "relationship--97ea3b82-58ba-4a3e-8e6d-367755f83fa6",
        "relationship--998ad8ac-9929-4360-92c8-63efb1a81d78",
        "relationship--9d239ea5-b191-4e30-9d0c-fd5ee69e621d",
        "relationship--9e0a0a20-e78f-491b-b828-934525bf160b",
        "relationship--9ee8a8fb-798e-4fa0-9ae0-ab96e75c9f4e",
        "relationship--a08b1776-efe3-4304-9dba-dc977fc934cd",
        "relationship--a1625ff1-af65-4dbb-b192-3c462fae1acf",
        "relationship--a3eca9d0-bc4b-48a8-801d-9aaa757bfe72",
        "relationship--a55c163c-3eb8-47a2-8ad1-3a667b4ac129",
        "relationship--a5888362-00f3-4c9e-98ee-048aee5169e1",
        "relationship--a62885f2-38a3-4030-b28d-bff5b3d692df",
        "relationship--a692f6c3-9082-4336-b52a-2a40556ee03d",
        "relationship--a7fb30f9-eb52-4706-958a-4cabe0e68e12",
        "relationship--a8a65990-8385-440b-8733-940a69b05f4e",
        "relationship--a8fb34b2-3de0-4ffa-a793-9f4cefa02ff9",
        "relationship--ac048ca9-efc6-46fd-90fe-b9d2a641f037",
        "relationship--ad825dd4-a26c-4468-8c11-91124ef9042d",
        "relationship--ada9885f-276a-4f97-859d-1bb9f73b58c1",
        "relationship--addc6473-9aa0-4c46-9e6a-2a58c47da0fe",
        "relationship--afafd676-1b44-44ae-ad9a-930c0df348bc",
        "relationship--b1c4fbea-d3d4-4e9a-ab46-8683f2bde40b",
        "relationship--b21c213b-9a73-4784-b123-a339d401b66e",
        "relationship--b2562bd3-5f78-4bcb-a37b-cae2b415c629",
        "relationship--b36ef70d-6691-4f3b-a1ca-08d4aadaac7e",
        "relationship--b4c7e12f-6921-4007-ab15-595969bf9eca",
        "relationship--b8f7512e-b0fe-4d27-ba63-bb99443d1b8c",
        "relationship--ba1b953d-08ce-4b4b-924e-92556cdf1d90",
        "relationship--bacf9dbb-7f22-4c72-8880-c6fc9fcf01ad",
        "relationship--bdac1391-310e-4511-b272-b80924166723",
        "relationship--bec1b07a-6a67-469e-8b87-246e950d86b2",
        "relationship--bfdffca9-6418-486d-833f-84f3920fcb71",
        "relationship--bff00753-95ef-4a13-96fa-963365520573",
        "relationship--c001d2e1-0aa6-40ce-871e-5966199587cd",
        "relationship--c08f55ca-366b-4554-879b-1b19042f9be8",
        "relationship--c14a954c-5d6d-4f29-8542-934e0fa5e9d3",
        "relationship--c2379d5f-4d8d-4eaa-b966-bf31b227f5e3",
        "relationship--c2745621-0b03-4b9d-b2f7-4e3b80487f87",
        "relationship--c6adf690-07ad-4dbd-964b-0217ea2ce0fd",
        "relationship--c8bc8331-513b-40e1-a82b-67107d2babd4",
        "relationship--ca484dbf-aa28-4d7e-90bb-b60723ff70b1",
        "relationship--cafdf392-1a61-422f-80ca-4d0d088bd44a",
        "relationship--cbb5c722-bc07-4f35-a8cd-d6e1acc839d5",
        "relationship--cd001a55-ed41-4109-9090-41bebed9113a",
        "relationship--cd69ba48-b716-4278-b1a0-2efd3bd2d4de",
        "relationship--ce8eb6bf-11cc-4d9f-a81a-57bd1422efb1",
        "relationship--d36e83a0-5370-4d78-862d-4dbe8921709d",
        "relationship--d37fac03-0b94-4794-b51a-e7db3d64294b",
        "relationship--d42a4f15-98c5-43df-9e25-7455a764070d",
        "relationship--d434a3c1-8960-4d47-80fc-e3002c507d94",
        "relationship--d4bf0c1a-d5cf-4d49-b0eb-4d347722ab63",
        "relationship--d6e43621-ca4a-475f-b81c-037a0878728b",
        "relationship--d850b604-f451-4f58-aa8e-6fb2e2a307d0",
        "relationship--d8ead39e-aa9f-44a7-ac5d-1a9b3bb46431",
        "relationship--d9cd7a48-0728-4e56-9c74-45baf45cf0ff",
        "relationship--da3fc762-2ac5-4ab7-8c77-6df2f06b5680",
        "relationship--deec4c70-b8b5-420b-bdc7-88badae84456",
        "relationship--df7d9316-0cf4-4f20-9169-f4952478cc60",
        "relationship--e104cf3c-a802-4e06-8abc-6293cea9492f",
        "relationship--e2c05732-0721-4836-aa07-52f4c379b361",
        "relationship--e2ce90d2-7470-4f2d-a86c-f429b934ab35",
        "relationship--e2e33068-b08e-45fd-89e0-0cf79868f902",
        "relationship--e3831a8a-1713-49d3-a464-14437d213c3e",
        "relationship--e3909a5f-ebfb-48e1-b0fc-5737217a994b",
        "relationship--e47397b7-b3c7-4919-ac5e-1f3266ef97e3",
        "relationship--e58abef6-2089-4f55-b5ee-9fc24378b52f",
        "relationship--e7a0b7a4-b49b-46b9-9bfa-5db0a87dd09e",
        "relationship--e7df8e8c-dfc4-48f2-bbd3-46b2572d60ca",
        "relationship--e8a77e9f-594d-429a-9eb0-51502af84c14",
        "relationship--ecc9a971-349b-428d-a376-74f11b5b7086",
        "relationship--ed91791b-8e5a-4e0c-b77c-6fad78be7378",
        "relationship--eddcfbbf-9e82-4029-87fe-bf0f6bea0ba9",
        "relationship--ee73acc3-a506-41a2-b7b9-e5aa9b68342b",
        "relationship--ee9a7f72-eac2-4ca4-b82a-5c5a50618d0d",
        "relationship--efb8b96b-7f50-4152-b18c-bbec7de28cbb",
        "relationship--f24cbdeb-cf7b-43d9-87b0-9ab10ba74b60",
        "relationship--f4315d71-e2aa-4039-acfa-c7737b1e8c86",
        "relationship--f57dc789-e35e-4336-8935-9e1b7eca0324",
        "relationship--f5fcb813-4522-4846-8176-b630847269d9",
        "relationship--f6d0705a-e4a5-4aae-a8a3-b1c2b7287469",
        "relationship--f6f5d688-5f78-492f-aed9-12f299b4f6f5",
        "relationship--f739246f-dd47-44bf-ae15-74fd7a053c7a",
        "relationship--fc9d110c-be6f-4976-90f9-1efde4a668e5",
        "relationship--fe3cefac-f51b-4bac-b6e1-c4bba1f090a8"
    ],
    "graph_nodes": [
        {
            "count": 149,
            "id": 0,
            "texts": [
                "WIRTE",
                "Sandworm Team",
                "Blue Mockingbird",
                "BADHATCH",
                "AppleSeed",
                "Zeus Panda",
                "CharmPower",
                "Squirrelwaffle",
                "CreepyDrive",
                "APT39",
                "Dragonfly",
                "Saint Bot",
                "Ferocious",
                "Leviathan",
                "MuddyWater",
                "Ember Bear",
                "Lazarus Group",
                "Earth Lusca",
                "FIN10",
                "BRONZE BUTLER",
                "CreepySnail",
                "Bumblebee",
                "PowGoop",
                "LazyScripter",
                "DownPaper",
                "FlawedAmmyy",
                "Mustang Panda",
                "Threat Group-3390",
                "QUADAGENT",
                "APT38",
                "Magic Hound",
                "Confucius",
                "QakBot",
                "KeyBoy",
                "JCry",
                "Tonto Team",
                "Inception",
                "Silence",
                "APT19",
                "APT28",
                "APT41",
                "REvil",
                "WellMess",
                "Bazar",
                "SMOKEDHAM",
                "CopyKittens",
                "Woody RAT",
                "Thrip",
                "WhisperGate",
                "PowerStallion",
                "TrickBot",
                "HAMMERTOSS",
                "PyDCrypt",
                "Snip3",
                "PowerPunch",
                "MoleNet",
                "Lazarus Group",
                "DarkWatchman",
                "PowerShower",
                "FIN7",
                "Hancitor",
                "LitePower",
                "Sardonic",
                "Mafalda",
                "threat actors",
                "TeamTNT",
                "Lokibot",
                "OilRig",
                "POWERTON",
                "Mosquito",
                "Socksbot",
                "SHARPSTATS",
                "Cuba",
                "PS1",
                "Pysa",
                "SharpStage",
                "APT32",
                "Chimera",
                "PUNCHBUGGY",
                "HALFBAKED",
                "Lizar",
                "Kimsuky",
                "FatDuke",
                "njRAT",
                "OSX_OCEANLOTUS.D",
                "Deep Panda",
                "Indrik Spider",
                "Cobalt Group",
                "Cobalt Strike",
                "Wizard Spider",
                "KONNI",
                "threat actors",
                "Emotet",
                "APT29",
                "WarzoneRAT",
                "RegDuke",
                "GALLIUM",
                "Meteor",
                "POWERSOURCE",
                "ServHelper",
                "Xbash",
                "POSHSPY",
                "POWERSTATS",
                "Black Basta",
                "StrongPity",
                "APT29",
                "FIN6",
                "Netwalker",
                "HEXANE",
                "HAFNIUM",
                "Sidewinder",
                "TEMP.Veles",
                "Pillowmint",
                "Prestige",
                "Gallmaker",
                "Denis",
                "Turla",
                "Revenge RAT",
                "Molerats",
                "Bandook",
                "POWRUNER",
                "APT3",
                "ComRAT",
                "DarkVishnya",
                "PowerLess",
                "TA459",
                "Gamaredon Group",
                "threat actors",
                "KOCTOPUS",
                "threat actors",
                "TA505",
                "FIN8",
                "APT33",
                "KGH_SPY",
                "Patchwork",
                "DarkHydrus",
                "GOLD SOUTHFIELD",
                "menuPass",
                "Valak",
                "AutoIt backdoor",
                "RogueRobin",
                "SeaDuke",
                "Fox Kitten",
                "Egregor",
                "GRIFFON",
                "Aquatic Panda",
                "BONDUPDATER",
                "SQLRat",
                "JSS Loader"
            ],
            "label": "ACTOR"
        },
        {
            "count": 291,
            "id": 1,
            "texts": [
                "PowerShell",
                "script",
                "PowerShell scripts",
                "credential harvesting tool",
                "PowerShell reverse TCP shells",
                "interactive commands",
                "powershell.exe",
                "commands",
                "Empire",
                "PowerShell",
                "ability",
                "client-side agent tasks",
                "PowerShell remoting",
                "Invoke-PSRemoting module",
                "PowerShell",
                "payload",
                "PowerShell",
                "Powershell",
                "PowerShell scripts",
                "cmdlets",
                "Invoke-Expression",
                "Invoke-WebRequest",
                "Invoke-WebRequst",
                "commands",
                "command",
                "code",
                "operational tasks",
                "PowerShell",
                "command",
                "PowerShell",
                "PowerShell commands",
                "commands",
                "files",
                "payloads",
                "PowerShell commands",
                "payloads",
                "PowerShell commands",
                "PowerShell scripts",
                "PowerShell",
                "PowerShell",
                "plugins",
                "PowerShell scripts",
                "Powershell commands",
                "PowerShell scripts",
                "PowerShell script",
                "PowerShell Empire",
                "PowerShell commands",
                "scripts",
                "Pupy",
                "module",
                "PowerShell scripts",
                "PowerShell",
                "commands",
                "payloads",
                "reconnaissance",
                "PowerShell",
                "actions",
                "PowerShell loops",
                "commands",
                "PowerShell",
                "payloads",
                "PowerShell commands",
                "Gorgon Group malware",
                "PowerShell commands",
                "payload",
                "PowerShell",
                "PowerShell script",
                "PowerShell commands",
                "PowerShell commands",
                "PowerShell",
                "keylogger",
                "backdoor",
                "PowerShell",
                "PowerShell script",
                "shellcode",
                "payload",
                "PowerShell",
                "PowerShell script",
                "commands",
                "PowerShell commands",
                "PowerShell",
                "Base64-encoded commands",
                "stager",
                "PowerShell commands",
                "batch scripts",
                "PowerShell scripts",
                "use",
                "command",
                "macro",
                "PowerShell command",
                "PowerShell script",
                "NETWIRE binary",
                "PowerShell",
                "custom PowerShell script",
                "PowerShell scripts",
                "PowerShell Scripts",
                "obfuscated PowerShell scripts",
                "Helminth",
                "PowerShell script",
                "PowerShell loader",
                "Powershell scripts",
                "ransomware",
                "arbitrary commands",
                "PowerShell",
                "PowerShell-based tools",
                "PowerShell one-liners",
                "shellcode loaders",
                "command",
                "PowerShell scripts",
                "payloads",
                "Active Directory features",
                "DSInternals PowerShell module",
                "Koadic",
                "PowerShell",
                "PowerShell",
                "PowerShell commands",
                "PowerShell scripts",
                "PowerShell",
                "Windows processes",
                "PowerShell scripts",
                "programs",
                "PowerShell Empire",
                "command",
                "powershell.exe",
                "scripts",
                "payload",
                "PowerShell",
                "macros",
                "PowerShell scripts",
                "malware",
                "commands",
                "PowerShell",
                "malware",
                "encoded PowerShell scripts",
                "command",
                "Powershell",
                "payload",
                "Mimikatz",
                "resources",
                "encoded PowerShell scripts",
                "SeaDuke",
                "CozyCar installations",
                "PowerShell",
                "commands",
                "PowerShell scripts",
                "PowerShell",
                "command",
                "PowerShell commands",
                "SILENTTRINITY",
                "PowerShell",
                "commands",
                "PowerShell backdoor",
                "PowerShell script",
                "scripts",
                "PowerShell",
                "PE DLL",
                "PE executable",
                "Ursnif droppers",
                "PowerShell",
                "full executable payload",
                "malware",
                "PowerShell",
                "commands",
                "payload",
                "ConnectWise",
                "PowerShell commands",
                "PowerShell",
                "execution",
                "obfuscation",
                "PowerShell scripts",
                "PowerShell",
                "PowerShell",
                "tasks",
                "commands",
                "PowerShell",
                "Metasploit PowerShell module",
                "local listener",
                "shellcode",
                "PowerShell",
                "detection",
                "PowerShell-based tools",
                "scripts",
                "Exchange Power Shell module",
                "Set-OabVirtualDirectoryPowerShell",
                "PowerShell",
                "malware loaders",
                "BloodHound",
                "PowerShell",
                "publicly-available PowerShell-based tool",
                "WMImplant",
                "PowerShell",
                "PowerShell script",
                "PowerShell",
                "PowerShell",
                "payloads",
                "command",
                "PowerShell",
                "custom executable",
                "code",
                "PowerShell",
                "commands/scripts",
                "PowerShell scripts",
                "malware",
                "PSInject",
                "Empire",
                "PowerShell command",
                "PowerShell implants",
                "PowerShell loaders",
                "PowerShell",
                "PowerShell",
                "payloads",
                "PowerShell",
                "PowerShell scripts",
                "PowerShell",
                "Donut",
                "PowerShell",
                "shellcode loaders",
                "PowerShell",
                "powershell.exe",
                "PowerShell",
                "command",
                "obfuscated PowerShell scripts",
                "staging",
                "PowerShell",
                "PowerShell commands",
                "obfuscated PowerShell",
                "encoded payload",
                "PowerShell",
                "reconnaissance scripts",
                "malware",
                "malicious spearphishing payloads",
                "PowerShell",
                "PowerShell",
                "scripts",
                "PowerShell commands",
                "PowerSploit",
                "payloads",
                "reverse shell",
                "malware",
                "CrackMapExec",
                "PowerShell commands",
                "WMI",
                "PowerShell",
                "scripts",
                "command",
                "PowerShell scripts",
                "Clambling dropper",
                "PowerShell",
                "malware",
                "PowerSploit",
                "shellcode",
                "PowerShell",
                "PowerShell",
                "modules",
                "Information Gathering Tool",
                "PowerShell components",
                "functions",
                "WMI",
                "commands",
                "Stealth Falcon malware",
                "PowerShell commands",
                "PowerShell script",
                "typical shellcode loader",
                "command prompt",
                "PowerShell script",
                "powershell.exe -WindowStyle Hidden -exec bypass -File \"%appdata%\\OneDrive.ps1\"",
                "module",
                "Mimikatz",
                "PowerShell",
                "PowerShell",
                "PowerSploit modules",
                "PowerShell scripts",
                "variant",
                "RATANKBA",
                "traditional PE form",
                "PowerShell script",
                "encoded PowerShell command",
                "service",
                "Cobalt Strike",
                "PowerShell",
                "AADInternals",
                "PowerShell",
                "Meterpreter downloader TinyMet",
                "scripts",
                "Base64 encoded commands",
                "PowerShell",
                "PowerShell",
                "PowerShell",
                "Meterpreter session",
                "PowerShell",
                "PowerShell scripts"
            ],
            "label": "FUNCTION"
        },
        {
            "count": 24,
            "id": 2,
            "texts": [
                "defenses",
                "compromised host",
                "environments",
                "machine",
                "environment",
                "compromised machine",
                "systems",
                "disk",
                "remote host",
                "disk",
                "machines",
                "compromised machines",
                "victim machines",
                "infected host",
                "target machines",
                "remote machines",
                "target environment",
                "target machines",
                "victim systems",
                "system",
                "compromised systems",
                "machine",
                "machine",
                "compromised hosts"
            ],
            "label": "COMPONENT"
        },
        {
            "count": 50,
            "id": 3,
            "texts": [
                "memory",
                "privilege",
                "commands",
                "files",
                "payloads",
                "malware families",
                "volume shadow copies",
                "files",
                "WoodyPowerSession",
                "documents",
                "data",
                "DNS data",
                "decoy document",
                "file contents",
                "version",
                "files",
                "memory",
                "data",
                "64-bit version",
                "Mimikatz",
                "resources",
                "files",
                "credentials",
                "information",
                "download cradles",
                "files",
                "files",
                "Windows Defender exclusions list",
                "configuration settings",
                "data",
                "access",
                "memory",
                "information",
                "data",
                "mailbox data",
                "Active Directory information",
                "version",
                "Reflection.Assembly",
                "memory",
                "memory",
                "shellcode outputs",
                "files",
                "credential",
                "files",
                "system information",
                "string",
                "Ticket",
                "credential data",
                "traditional PE form",
                "PowerShell script"
            ],
            "label": "DATA"
        },
        {
            "count": 14,
            "id": 4,
            "texts": [
                "network connection",
                "C2",
                "compromised networks",
                "OneDrive C2",
                "C2s",
                "compromised network",
                "victim network",
                "C2 communications",
                "network adapters",
                "network",
                "networks",
                "shim database",
                "C2",
                "C2"
            ],
            "label": "NETWORK"
        },
        {
            "count": 25,
            "id": 5,
            "texts": [
                "majority",
                "MoustachedBouncer",
                "use",
                "FIN13",
                "that",
                "PowerShell scripts",
                "use",
                "use",
                "Volt Typhoon",
                "TA2541",
                "one",
                "merchant",
                "group",
                "cases",
                "itself",
                "part",
                "itself",
                "that",
                "Group",
                "IGT",
                "that",
                "Excel",
                "Pass",
                "There",
                "Nomadic Octopus"
            ],
            "label": "OTHER"
        },
        {
            "count": 7,
            "id": 6,
            "texts": [
                "victims",
                "victim",
                "compromised victims",
                "victim",
                "user",
                "victim",
                "victim"
            ],
            "label": "USER"
        },
        {
            "count": 3,
            "id": 7,
            "texts": [
                ".NET DLL",
                "PE DLL",
                "PE executable"
            ],
            "label": "REGISTRY"
        },
        {
            "count": 1,
            "id": 8,
            "texts": [
                "exploitation"
            ],
            "label": "VULNERABILITY"
        },
        {
            "count": 1,
            "id": 9,
            "texts": [
                "%appdata%\\OneDrive.bat"
            ],
            "label": "DIRECTORY"
        }
    ],
    "graph_edges": [
        {
            "id": "0_1",
            "source": 0,
            "dest": 1,
            "count": 180
        },
        {
            "id": "0_2",
            "source": 0,
            "dest": 2,
            "count": 12
        },
        {
            "id": "1_3",
            "source": 1,
            "dest": 3,
            "count": 11
        },
        {
            "id": "0_4",
            "source": 0,
            "dest": 4,
            "count": 6
        },
        {
            "id": "1_4",
            "source": 1,
            "dest": 4,
            "count": 6
        },
        {
            "id": "1_2",
            "source": 1,
            "dest": 2,
            "count": 12
        },
        {
            "id": "1_5",
            "source": 1,
            "dest": 5,
            "count": 9
        },
        {
            "id": "5_1",
            "source": 5,
            "dest": 1,
            "count": 19
        },
        {
            "id": "0_3",
            "source": 0,
            "dest": 3,
            "count": 29
        },
        {
            "id": "3_2",
            "source": 3,
            "dest": 2,
            "count": 6
        },
        {
            "id": "2_6",
            "source": 2,
            "dest": 6,
            "count": 6
        },
        {
            "id": "0_5",
            "source": 0,
            "dest": 5,
            "count": 6
        },
        {
            "id": "5_7",
            "source": 5,
            "dest": 7,
            "count": 1
        },
        {
            "id": "5_3",
            "source": 5,
            "dest": 3,
            "count": 5
        },
        {
            "id": "3_4",
            "source": 3,
            "dest": 4,
            "count": 5
        },
        {
            "id": "1_0",
            "source": 1,
            "dest": 0,
            "count": 3
        },
        {
            "id": "3_1",
            "source": 3,
            "dest": 1,
            "count": 6
        },
        {
            "id": "4_2",
            "source": 4,
            "dest": 2,
            "count": 1
        },
        {
            "id": "0_7",
            "source": 0,
            "dest": 7,
            "count": 1
        },
        {
            "id": "4_5",
            "source": 4,
            "dest": 5,
            "count": 1
        },
        {
            "id": "0_8",
            "source": 0,
            "dest": 8,
            "count": 1
        },
        {
            "id": "1_8",
            "source": 1,
            "dest": 8,
            "count": 1
        },
        {
            "id": "6_2",
            "source": 6,
            "dest": 2,
            "count": 1
        },
        {
            "id": "0_9",
            "source": 0,
            "dest": 9,
            "count": 1
        },
        {
            "id": "1_9",
            "source": 1,
            "dest": 9,
            "count": 1
        },
        {
            "id": "3_9",
            "source": 3,
            "dest": 9,
            "count": 1
        }
    ],
    "verbs": {
        "use": 104,
        "execute": 67,
        "run": 8,
        "evade": 1,
        "in": 17,
        "issue": 1,
        "over": 2,
        "utilize": 3,
        "on": 21,
        "for": 6,
        "contain": 1,
        "of": 20,
        "conduct": 1,
        "with": 8,
        "escalate": 1,
        "perform": 4,
        "deploy": 2,
        "delete": 1,
        "download": 16,
        "receive from": 1,
        "have": 2,
        "traverse": 1,
        "carry": 1,
        "support": 1,
        "check": 1,
        "open": 2,
        "upload": 1,
        "to": 9,
        "obtain": 1,
        "from": 9,
        "explore": 1,
        "be": 3,
        "write in": 2,
        "launch": 2,
        "retrieve": 2,
        "as": 4,
        "decode": 2,
        "onto": 1,
        "make": 1,
        "inject": 2,
        "write": 1,
        "install": 2,
        "upload to": 1,
        "dump": 1,
        "store on": 1,
        "disable": 1,
        "get": 1,
        "invoke": 1,
        "add": 1,
        "create": 5,
        "identify": 1,
        "exfiltrate": 1,
        "gain": 1,
        "set": 1,
        "avoid": 1,
        "discover": 1,
        "collect": 1,
        "export": 1,
        "pull": 1,
        "by": 5,
        "load": 2,
        "into": 2,
        "after": 1,
        "load into": 1,
        "generate": 1,
        "extract": 1,
        "access": 2,
        "include": 2,
        "gather": 1,
        "save": 2,
        "pass": 1
    }
}