{
    "id": "T1059.006",
    "tech_id": "T1059.006",
    "tech_name": "Python",
    "best_phrases": [
        "python scripts",
        "Python",
        "python-based backdoor",
        "python script",
        "python-based payloads",
        "python-based payload",
        "python-based malware",
        "custom python scripts",
        "python-based post-exploitation tools",
        "python variant",
        "python-based remote access tools",
        "python",
        "python-based implants",
        "macos python implant",
        "compiled python scripts",
        "python-based tools"
    ],
    "tactics": [
        "TA0002"
    ],
    "features": [
        "FUNCTION",
        "DATA",
        "COMPONENT",
        "USER"
    ],
    "locations": [
        "Linux",
        "Windows",
        "macOS"
    ],
    "procedures": [
        "relationship--02f18eff-faf1-421b-a0e9-e9852833bb04",
        "relationship--088cbe38-25e2-42a0-b65e-252bb1865d18",
        "relationship--0b4ebc81-20fe-45f1-a93f-e6ca03c89114",
        "relationship--0d4145da-e755-465f-a6fe-057ce43c627d",
        "relationship--138fb337-c378-43a3-bacb-54f40696fb6b",
        "relationship--15b1bc2a-4cd1-4b82-90b0-2aa6e69637c7",
        "relationship--2209a958-9359-4866-80e9-80d0cc660868",
        "relationship--27f561f4-2631-4d82-b384-4e7a208ba484",
        "relationship--2dc7b1ac-48d5-48cc-9298-3e11b4658cb6",
        "relationship--3b689978-c74b-48e6-8d5e-73b3a6a6ea9d",
        "relationship--3cd8146a-8d50-4a36-8d8c-3c80e7b63105",
        "relationship--49d115fb-7a5a-4a6a-959d-0d76ab8394fb",
        "relationship--521c66b9-fe52-4c2b-bc32-8ed3d98c7a71",
        "relationship--532feb00-b2ba-4cf6-81e8-57750d30b039",
        "relationship--57966b1d-4770-49fb-afb6-b02699bb8154",
        "relationship--677878af-62d4-4407-bbe6-551b7906a366",
        "relationship--6e6f9a76-23b6-4474-abc1-3d477284c220",
        "relationship--6f94bd08-b5cb-4e6e-ae10-f858a2e55e28",
        "relationship--87400414-05c2-42a7-9db5-fbbac101146d",
        "relationship--876a57e9-4a60-4863-a1b7-c1dad9903971",
        "relationship--95dce028-9046-4bcf-a949-2a0bc40d5038",
        "relationship--971d6207-8f0f-4771-8f7e-a6aa9aadda1c",
        "relationship--9d4d3bb6-58b7-4c16-a405-d576e8e96c07",
        "relationship--a7d7b40a-aae7-4fbc-a1c9-f6c7b756c4dd",
        "relationship--afea3455-9565-4e5d-b431-e845ec1722d2",
        "relationship--b5373794-5133-41b2-9050-228ebac75c92",
        "relationship--b85862ff-5bde-4f6e-8483-901bab69a3a2",
        "relationship--befbbf7a-6480-4825-b7f6-1561dc6d4189",
        "relationship--c1806927-2279-4597-ada9-e0c06b65b7eb",
        "relationship--c906ddd0-e3fb-42ad-84cb-84ca093ddbb2",
        "relationship--cab79b3a-4ea7-455a-9373-e8ac0d8e612f",
        "relationship--cb58db80-48e9-4138-9ce4-bd726a3d1745",
        "relationship--d32fb833-c8ad-4d04-b998-3d62a6916966",
        "relationship--d9ed5493-1610-4f65-bd2e-527b97bde8bf",
        "relationship--e2a29101-0b7e-4dab-adec-602712c09893",
        "relationship--e2dd48c1-c960-4f6f-ad99-5b2aa7463e68",
        "relationship--f35c994e-80a6-414a-ab81-1a2eb5fd0829",
        "relationship--f8372a2e-6db4-4353-9635-b1fcac9f90ed"
    ],
    "graph_nodes": [
        {
            "count": 81,
            "id": 0,
            "texts": [
                "IronNetInjector",
                ".NET injector",
                "IronPython scripts",
                "payloads",
                "Python-based backdoor",
                "PyInstaller",
                "python scripts",
                "Python scripts",
                "Python scripts",
                "payloads",
                "Python-based remote access tools",
                "Python",
                "Python",
                "Donut",
                "Python-based tools",
                "command",
                "functions",
                "Python",
                "Python-based implants",
                "Python scripts",
                "ransomware",
                "Python scripts",
                "Python-based malware",
                "coinminer",
                "compiled Python scripts",
                "main backdoor",
                "Python",
                "Remcos",
                "Python scripts",
                "Python scripts",
                "port scanning",
                "reverse shells",
                "Python scripts",
                "commands",
                "SILENTTRINITY",
                "Python",
                "Python scripts",
                "developed tools",
                "Python",
                "backdoors",
                "Python",
                "py2exe",
                "python-based payload",
                "Python",
                "Unix shell",
                "IronPython scripts",
                "payloads",
                "IronNetInjector toolchain",
                "malware variants",
                "Python",
                "Python script",
                "Pupy",
                "add on feature",
                "payloads",
                "sandbox detection",
                "custom Python scripts",
                "scriptlets",
                "Python",
                "DGA",
                "command line utility",
                "network scanner",
                "python",
                "commands",
                "Python-based payloads",
                "Python",
                "Python scripts",
                "Python script",
                "Python-based post-exploitation tools",
                "Python",
                "python scripts",
                "Python variant",
                "Empire agent",
                "Python",
                "scripting",
                "commands",
                "operations",
                "Python scripts",
                "scripting",
                "Python",
                "MailFetcher.py code",
                "macOS Python implant"
            ],
            "label": "FUNCTION"
        },
        {
            "count": 32,
            "id": 1,
            "texts": [
                "DropBook",
                "PUNCHBUGGY",
                "SpeakUp",
                "Bundlore",
                "APT37",
                "BRONZE BUTLER",
                "Tonto Team",
                "PyDCrypt",
                "ZIRCONIUM",
                "Pysa",
                "Chaes",
                "KeyBoy",
                "Rocke",
                "Machete",
                "Earth Lusca",
                "MuddyWater",
                "actors",
                "MechaFlounder",
                "Turian",
                "Turla",
                "APT29",
                "CoinTicker",
                "Ebury",
                "APT39",
                "Bandook",
                "Machete",
                "PoetRAT",
                "Cobalt Strike",
                "CookieMiner",
                "Keydnap",
                "Dragonfly",
                "Kimsuky"
            ],
            "label": "ACTOR"
        },
        {
            "count": 7,
            "id": 2,
            "texts": [
                "use",
                "that",
                "Sieve",
                "part",
                "second stage",
                "you",
                "group"
            ],
            "label": "OTHER"
        },
        {
            "count": 5,
            "id": 3,
            "texts": [
                "shellcode outputs",
                "files",
                "types",
                "data",
                "email data"
            ],
            "label": "DATA"
        },
        {
            "count": 3,
            "id": 4,
            "texts": [
                "compromised hosts",
                "system",
                "system"
            ],
            "label": "COMPONENT"
        },
        {
            "count": 2,
            "id": 5,
            "texts": [
                "victim",
                "user"
            ],
            "label": "USER"
        }
    ],
    "graph_edges": [
        {
            "id": "1_0",
            "source": 1,
            "dest": 0,
            "count": 42
        },
        {
            "id": "1_2",
            "source": 1,
            "dest": 2,
            "count": 3
        },
        {
            "id": "2_0",
            "source": 2,
            "dest": 0,
            "count": 8
        },
        {
            "id": "3_0",
            "source": 3,
            "dest": 0,
            "count": 2
        },
        {
            "id": "0_3",
            "source": 0,
            "dest": 3,
            "count": 2
        },
        {
            "id": "1_4",
            "source": 1,
            "dest": 4,
            "count": 3
        },
        {
            "id": "1_3",
            "source": 1,
            "dest": 3,
            "count": 3
        },
        {
            "id": "0_4",
            "source": 0,
            "dest": 4,
            "count": 2
        },
        {
            "id": "4_5",
            "source": 4,
            "dest": 5,
            "count": 2
        },
        {
            "id": "0_1",
            "source": 0,
            "dest": 1,
            "count": 2
        },
        {
            "id": "0_2",
            "source": 0,
            "dest": 2,
            "count": 2
        }
    ],
    "verbs": {
        "use": 27,
        "load": 1,
        "by": 2,
        "be": 1,
        "compile with": 1,
        "execute": 7,
        "make": 1,
        "of": 8,
        "basedon": 1,
        "generate": 1,
        "along": 1,
        "in": 6,
        "interact": 1,
        "deploy": 1,
        "instal": 2,
        "spread": 1,
        "on": 5,
        "for": 4,
        "build": 1,
        "with": 4,
        "write": 1,
        "spawn": 1,
        "as": 2,
        "drop": 1,
        "develop": 1,
        "write in": 2,
        "download": 1,
        "create": 3,
        "implement": 1,
        "support": 1,
        "perform": 1,
        "observe": 1,
        "gather": 1,
        "collect": 1
    }
}