{
    "id": "T1056.004",
    "tech_id": "T1056.004",
    "tech_name": "Credential API Hooking",
    "best_phrases": [],
    "tactics": [
        "TA0009",
        "TA0006"
    ],
    "features": [
        "FUNCTION",
        "DATA",
        "COMPONENT",
        "NETWORK",
        "USER"
    ],
    "locations": [
        "Windows"
    ],
    "procedures": [
        "relationship--01e4bf9a-3d9c-4381-aa9c-cca73376c771",
        "relationship--22de39b7-5d1c-4d44-b63c-36cf14a9c90d",
        "relationship--3b4f48d3-eb5d-4d7e-9f0b-86f68951207d",
        "relationship--3c7ad637-8d4e-4baa-9cd9-7655d29e1e28",
        "relationship--405f7aa3-2ce8-455f-9718-c2525658c595",
        "relationship--4ebc7501-9471-4f37-92e1-8711073bd062",
        "relationship--4f550078-32b1-4abb-aa90-0e9fb7cc45f9",
        "relationship--71a3a771-3674-4b44-8742-bed627f178b3",
        "relationship--7d349715-69e8-4e3c-bb98-8dc8d3051ca2",
        "relationship--ce44b002-2ef5-4740-a39e-1e58c2817955",
        "relationship--e712d24e-0fdc-4ce3-96bf-939b7d4a9cd3"
    ],
    "graph_nodes": [
        {
            "count": 10,
            "id": 0,
            "texts": [
                "Zeus Panda",
                "Carberp",
                "FinFisher",
                "Ursnif",
                "ZxShell",
                "PLATINUM",
                "Zebrocy",
                "RDFSNIFFER",
                "TrickBot",
                "NOKKI"
            ],
            "label": "ACTOR"
        },
        {
            "count": 23,
            "id": 1,
            "texts": [
                "processes",
                "IAT hooked functions",
                "Windows API functions",
                "processes",
                "CreateWindowEx",
                "APIs",
                "API functions",
                "system threads",
                "credential access",
                "information gathering",
                "application-defined Windows hook",
                "hook",
                "RecordToFile file stealing method",
                "Win32 API functions",
                "Empire",
                "modules",
                "netripper",
                "API hooking",
                "tasks",
                "CredEnumerateA API",
                "Windows call",
                "SetWindowsHookEx",
                "GUI process"
            ],
            "label": "FUNCTION"
        },
        {
            "count": 8,
            "id": 2,
            "texts": [
                "credentials",
                "IAT pointers",
                "wide variety",
                "credential",
                "credential access",
                "information gathering",
                "elements",
                "RDP credentials"
            ],
            "label": "DATA"
        },
        {
            "count": 1,
            "id": 3,
            "texts": [
                "information theft"
            ],
            "label": "OTHER"
        },
        {
            "count": 1,
            "id": 4,
            "texts": [
                "traffic"
            ],
            "label": "NETWORK"
        },
        {
            "count": 5,
            "id": 5,
            "texts": [
                "browsers",
                "Windows hook interfaces",
                "network drive",
                "remote system management user-interface",
                "machine"
            ],
            "label": "COMPONENT"
        },
        {
            "count": 1,
            "id": 6,
            "texts": [
                "victim"
            ],
            "label": "USER"
        }
    ],
    "graph_edges": [
        {
            "id": "0_1",
            "source": 0,
            "dest": 1,
            "count": 12
        },
        {
            "id": "0_2",
            "source": 0,
            "dest": 2,
            "count": 5
        },
        {
            "id": "2_1",
            "source": 2,
            "dest": 1,
            "count": 1
        },
        {
            "id": "1_2",
            "source": 1,
            "dest": 2,
            "count": 1
        },
        {
            "id": "2_3",
            "source": 2,
            "dest": 3,
            "count": 1
        },
        {
            "id": "2_4",
            "source": 2,
            "dest": 4,
            "count": 1
        },
        {
            "id": "4_5",
            "source": 4,
            "dest": 5,
            "count": 1
        },
        {
            "id": "0_5",
            "source": 0,
            "dest": 5,
            "count": 1
        },
        {
            "id": "5_1",
            "source": 5,
            "dest": 1,
            "count": 3
        },
        {
            "id": "5_2",
            "source": 5,
            "dest": 2,
            "count": 1
        },
        {
            "id": "2_5",
            "source": 2,
            "dest": 5,
            "count": 1
        },
        {
            "id": "1_5",
            "source": 1,
            "dest": 5,
            "count": 1
        },
        {
            "id": "5_6",
            "source": 5,
            "dest": 6,
            "count": 1
        }
    ],
    "verbs": {
        "hook": 6,
        "use": 6,
        "steal": 1,
        "modify": 1,
        "to": 1,
        "perform": 1,
        "of": 3,
        "monitor": 1,
        "from": 1,
        "spawn": 1,
        "access": 1,
        "for": 1,
        "install": 1,
        "call": 1,
        "hijack": 1,
        "contain": 1,
        "carry": 1,
        "capture": 2,
        "into": 1,
        "run on": 1
    }
}