{
    "id": "T1059.002",
    "tech_id": "T1059.002",
    "tech_name": "AppleScript",
    "best_phrases": [
        "AppleScript",
        "applescript"
    ],
    "tactics": [
        "TA0002"
    ],
    "features": [
        "FUNCTION",
        "DATA",
        "COMPONENT"
    ],
    "locations": [
        "macOS"
    ],
    "procedures": [
        "relationship--79958f80-16ca-4287-b691-9c748d6baf66",
        "relationship--96af7164-6259-42cd-9007-e882be986dfa",
        "relationship--cb53d2b5-6606-4597-b5e9-d9c114e2607e",
        "relationship--f713c899-8064-4cb2-8068-d5534d1e3d36"
    ],
    "graph_nodes": [
        {
            "count": 4,
            "id": 0,
            "texts": [
                "Dok",
                "ThiefQuest",
                "Bundlore",
                "macOS.OSAMiner"
            ],
            "label": "ACTOR"
        },
        {
            "count": 10,
            "id": 1,
            "texts": [
                "AppleScript",
                "LaunchDaemon",
                "Launch Agent",
                "osascript -e command",
                "AppleScript",
                "AppleScript",
                "JavaScript",
                "do shell script command",
                "osascript",
                "Launch Agent .plist file"
            ],
            "label": "FUNCTION"
        },
        {
            "count": 1,
            "id": 2,
            "texts": [
                "login item"
            ],
            "label": "DATA"
        },
        {
            "count": 1,
            "id": 3,
            "texts": [
                "browser"
            ],
            "label": "COMPONENT"
        },
        {
            "count": 1,
            "id": 4,
            "texts": [
                "itself"
            ],
            "label": "OTHER"
        }
    ],
    "graph_edges": [
        {
            "id": "0_1",
            "source": 0,
            "dest": 1,
            "count": 7
        },
        {
            "id": "0_2",
            "source": 0,
            "dest": 2,
            "count": 1
        },
        {
            "id": "1_3",
            "source": 1,
            "dest": 3,
            "count": 1
        },
        {
            "id": "0_4",
            "source": 0,
            "dest": 4,
            "count": 1
        },
        {
            "id": "4_1",
            "source": 4,
            "dest": 1,
            "count": 1
        }
    ],
    "verbs": {
        "use": 6,
        "create": 1,
        "of": 1,
        "inject": 1,
        "into": 1,
        "call": 1,
        "in": 1,
        "by": 1
    }
}