{
    "id": "T1068",
    "tech_id": "T1068",
    "tech_name": "Exploitation for Privilege Escalation",
    "best_phrases": [
        "CVE-2010-4398",
        "CVE-2016-7255",
        "CVE-2014-6324",
        "CVE-2016-4117",
        "CVE-2017-0005",
        "CVE-2010-3338",
        "CVE-2016-9192",
        "CVE-2015-2387",
        "CVE-2021-36934",
        "CVE-2014-4076",
        "CVE-2015-1701",
        "CVE-2015-2291",
        "CVE-2017-15303",
        "CVE-2019-0803",
        "CVE-2019-0859",
        "CVE-2019-5736",
        "CVE-2008-1084",
        "CVE-2016-0051",
        "CVE-2016-0167 local vulnerability",
        "CVE-2007-5633 vulnerability",
        "CVE-2021-1732",
        "CVE-2016-0099",
        "CVE-2017-0263",
        "CVE-2010-2743",
        "CVE-2011-2005",
        "CVE-2010-0232",
        "CVE-2017-0213"
    ],
    "tactics": [
        "TA0004"
    ],
    "features": [
        "VULNERABILITY",
        "DATA",
        "FUNCTION",
        "COMPONENT",
        "NETWORK"
    ],
    "locations": [
        "Linux",
        "macOS",
        "Windows",
        "Containers"
    ],
    "procedures": [
        "relationship--0942dc11-0fcd-480a-ae4d-d571ba96331b",
        "relationship--131fde9c-7a83-4603-9c1e-c41f815fb14c",
        "relationship--248b1bfc-5f9a-4f2c-ad6c-556045d9e83b",
        "relationship--2d4edddf-2870-49cb-a7ee-026b8c09fe2e",
        "relationship--3185e611-cec6-4910-aa64-efd8fafe1072",
        "relationship--3d4737ca-bd18-4628-b453-9aed3f555c13",
        "relationship--412a57f3-ce06-4790-8e3a-cb8c34b9e0f1",
        "relationship--4507ba2b-e23c-4acf-a6a3-5ed9dae8d590",
        "relationship--45626c7f-c401-427b-9589-c91a4b2a4f7f",
        "relationship--5bd3526a-1ae2-4b09-8be7-0eef6ae33155",
        "relationship--5c60473c-6195-4aa1-ae10-394bb5f24cf1",
        "relationship--5fdf6cb3-8046-4c32-aca6-75cda70b7614",
        "relationship--63f0007e-833e-4d6a-b79e-873525979f40",
        "relationship--64fe312b-e489-4698-9924-aeb22c056e2b",
        "relationship--6e5eec36-c9d9-490c-a6ba-3b13971ffce8",
        "relationship--728302b6-f61c-40f1-9a78-926d785a3692",
        "relationship--74e737cf-67fb-4f80-ac4e-0ddff90b6f8e",
        "relationship--76681016-c8a2-4dcf-bac5-4a58749f326d",
        "relationship--81399eeb-a9f0-4e55-baed-2be3829962fe",
        "relationship--976202db-cdfa-4c4e-bc09-9b3cad90e6fb",
        "relationship--9b7b3fc7-0151-4848-9b66-774eaf72561f",
        "relationship--a360e9a6-541f-4026-9d50-70aa288e49ec",
        "relationship--ae5fcb43-0f85-4c96-9b4b-65fe6a19e4fb",
        "relationship--b26307f7-2d5a-4139-8333-e2c7a583f939",
        "relationship--b9ed53b8-71a5-44a3-90d1-2fb600991674",
        "relationship--bfe6736d-9bda-4f6e-87f9-8e6f3364a915",
        "relationship--cce31baa-5862-4df5-806f-15aaa7410fa5",
        "relationship--cf752570-48f5-40b6-b448-b4bc009ae5df",
        "relationship--d8d1b814-2a28-402f-ab3b-f64c6d9974ce",
        "relationship--d910654b-9ebe-439e-b6f9-a8234bad7961",
        "relationship--dbccbeab-26c9-476e-b529-c193f9796cbc",
        "relationship--e0033e57-8839-42b9-8515-46e9c7dca966",
        "relationship--f72d9afb-4eb1-4030-9d91-938f80c4bf6e",
        "relationship--f7e5f676-46e1-4241-b0bb-fb32d891896a"
    ],
    "graph_nodes": [
        {
            "count": 30,
            "id": 0,
            "texts": [
                "Threat Group-3390",
                "Remsec",
                "APT29",
                "Turla",
                "PLATINUM",
                "Cobalt Strike",
                "FIN8",
                "Cobalt Group",
                "Pandora",
                "Carberp",
                "CosmicDuke",
                "InvisiMole",
                "APT41",
                "FIN6",
                "Whitefly",
                "BITTER",
                "JHUHUGIT",
                "Stuxnet",
                "LAPSUS$",
                "Siloscape",
                "XCSSET",
                "Zox",
                "APT28",
                "ZIRCONIUM",
                "Tonto Team",
                "ProLock",
                "Wingbird",
                "APT32",
                "APT33",
                "Hildegard"
            ],
            "label": "ACTOR"
        },
        {
            "count": 52,
            "id": 1,
            "texts": [
                "CVE-2014-6324",
                "CVE-2017-0213",
                "CVE-2016-0099",
                "CVE-2016-9192",
                "local privilege escalation exploits",
                "CVE-2021-36934",
                "vulnerabilities",
                "zero-day vulnerability",
                "vulnerabilities",
                "MS14-058",
                "MS16-135",
                "vulnerabilities",
                "MS16-032",
                "CVE-2016-0167 local vulnerability",
                "CVE-2017-15303",
                ".NET Runtime Optimization vulnerability",
                "Windows vulnerabilities",
                "CVE-2010-2743",
                "CVE-2010-3338",
                "CVE-2010-4398",
                "CVE-2008-1084",
                "privilege escalation vulnerabilities",
                "CVE-2010-0232",
                "CVE-2010-4398",
                "CVE-2007-5633 vulnerability",
                "CVE-2021-1732",
                "Windows vulnerabilities",
                "CVE-2011-2005",
                "CVE-2010-4398",
                "Windows privilege escalation vulnerability",
                "CVE-2016-0051",
                "CVE-2021-1732",
                "CVE-2015-1701",
                "CVE-2015-2387",
                "undisclosed Task Scheduler vulnerability",
                "MS10-073",
                "unpatched vulnerabilities",
                "vulnerability",
                "exploitation",
                "CVE-2015-2291",
                "CVE-2015-1701",
                "CVE-2014-4076",
                "CVE-2015-2387",
                "CVE-2017-0263",
                "CVE-2017-0005",
                "CVE-2019-0803",
                "MS16-032",
                "CVE-2019-0859",
                "CVE-2016-4117",
                "CVE-2016-7255",
                "CVE-2017-0213",
                "CVE-2019-5736"
            ],
            "label": "VULNERABILITY"
        },
        {
            "count": 27,
            "id": 2,
            "texts": [
                "privileges",
                "kernel mode privileges",
                "privileges",
                "kernel mode privileges",
                "privileges",
                "levels",
                "rights",
                "privileges",
                "kernel mode privileges",
                "privilege",
                "elevated rights",
                "privileges",
                "local users",
                "kernel-level privileges",
                "privilege",
                "privileges",
                "privileges",
                "privilege",
                "privileges",
                "privileges",
                "privileges",
                "local privilege",
                "privileges",
                "privileges",
                "escalated privileges",
                "privileges",
                "privileges"
            ],
            "label": "DATA"
        },
        {
            "count": 21,
            "id": 3,
            "texts": [
                "plugin",
                "PoshC2",
                "modules",
                "CVE-2016-0099",
                "CVE-2016-9192",
                "local privilege escalation exploits",
                "Empire",
                "exploits",
                "speedfan.sys driver",
                "named pipe impersonation",
                "malware components",
                "tools",
                "tools",
                "open-source tool",
                "zero-day exploit",
                "ssh launchdaemon",
                "local and remote exploits",
                "iqvw64.sys",
                "executable",
                "exploit",
                "BOtB tool"
            ],
            "label": "FUNCTION"
        },
        {
            "count": 16,
            "id": 4,
            "texts": [
                "vulnerable Outpost Sandbox",
                "avast! Virtualization drivers",
                "compromised host",
                "VBoxDrv.sys driver",
                "Windows Driver Signature Enforcement (DSE) protection",
                "driver",
                "unpatched computers",
                "local Windows machines",
                "Windows containers",
                "Host",
                "SIP",
                "kernel driver",
                "Intel Ethernet diagnostics driver",
                "Windows",
                "compromised host",
                "local system"
            ],
            "label": "COMPONENT"
        },
        {
            "count": 3,
            "id": 5,
            "texts": [
                "MoustachedBouncer",
                "Escape",
                "Scattered Spider"
            ],
            "label": "OTHER"
        },
        {
            "count": 1,
            "id": 6,
            "texts": [
                "accessible servers"
            ],
            "label": "NETWORK"
        }
    ],
    "graph_edges": [
        {
            "id": "0_1",
            "source": 0,
            "dest": 1,
            "count": 35
        },
        {
            "id": "0_2",
            "source": 0,
            "dest": 2,
            "count": 20
        },
        {
            "id": "0_3",
            "source": 0,
            "dest": 3,
            "count": 9
        },
        {
            "id": "3_4",
            "source": 3,
            "dest": 4,
            "count": 1
        },
        {
            "id": "3_2",
            "source": 3,
            "dest": 2,
            "count": 3
        },
        {
            "id": "3_1",
            "source": 3,
            "dest": 1,
            "count": 6
        },
        {
            "id": "2_4",
            "source": 2,
            "dest": 4,
            "count": 4
        },
        {
            "id": "1_4",
            "source": 1,
            "dest": 4,
            "count": 4
        },
        {
            "id": "0_4",
            "source": 0,
            "dest": 4,
            "count": 3
        },
        {
            "id": "1_3",
            "source": 1,
            "dest": 3,
            "count": 2
        },
        {
            "id": "5_1",
            "source": 5,
            "dest": 1,
            "count": 2
        },
        {
            "id": "5_3",
            "source": 5,
            "dest": 3,
            "count": 1
        },
        {
            "id": "1_6",
            "source": 1,
            "dest": 6,
            "count": 1
        },
        {
            "id": "0_5",
            "source": 0,
            "dest": 5,
            "count": 1
        },
        {
            "id": "5_4",
            "source": 5,
            "dest": 4,
            "count": 2
        },
        {
            "id": "4_1",
            "source": 4,
            "dest": 1,
            "count": 1
        }
    ],
    "verbs": {
        "use": 15,
        "escalate": 16,
        "have": 1,
        "execute": 2,
        "gain": 2,
        "contain": 1,
        "for": 3,
        "exploit": 30,
        "on": 6,
        "obtain": 2,
        "in": 6,
        "increase": 1,
        "of": 2,
        "bypass": 2,
        "load": 1,
        "abuse": 1,
        "with": 1,
        "target": 3,
        "access": 1,
        "perform": 1,
        "to": 1,
        "elevate": 1,
        "by": 2,
        "deploy": 1
    }
}