{
    "id": "T1070.004",
    "tech_id": "T1070.004",
    "tech_name": "File Deletion",
    "best_phrases": [],
    "tactics": [
        "TA0005"
    ],
    "features": [
        "FUNCTION",
        "DATA",
        "COMPONENT",
        "DIRECTORY",
        "USER",
        "REGISTRY",
        "NETWORK",
        "ENCRYPTION"
    ],
    "locations": [
        "Linux",
        "macOS",
        "Windows"
    ],
    "procedures": [
        "relationship--0061f7aa-fe4e-41e5-8ebf-e9f526bda08f",
        "relationship--01b13af3-d241-47ed-b351-e83604c0d92f",
        "relationship--022d2514-26de-457f-8fb4-c5daf36eaef9",
        "relationship--02bd0dd0-85cb-439c-a984-973bed485f8e",
        "relationship--0439c736-6a78-4e89-9c55-6cc565b1b11f",
        "relationship--0449ef6d-2ea2-40a3-9cc9-c07672d6a859",
        "relationship--059f8b03-59f9-45da-9c12-862f50e5fe45",
        "relationship--05f303b4-7582-45d1-af25-46250afc4d8f",
        "relationship--063bf46c-0210-4e2f-bd7e-6db0f0975f07",
        "relationship--0705be49-4ad2-4b50-a024-e8b79b53a1ab",
        "relationship--0741e02b-edaa-43a4-a96c-d6baf2d29015",
        "relationship--07fd0d2b-867b-4b9a-bf7a-e2c0dfe60079",
        "relationship--089efdf8-b07a-4cda-aa5d-e60f9501ffd1",
        "relationship--08b4b3f1-3c20-4e70-8a42-99fd5f191b12",
        "relationship--098a760a-66ce-46e0-938e-86518e450a27",
        "relationship--0a068253-0c11-4ba7-bac4-1290e5f50960",
        "relationship--0aa51def-3a75-4c69-8b65-82559d8f4c83",
        "relationship--0b46eb26-ebc0-4fa7-8925-9b775571f793",
        "relationship--0d388cf6-adcd-4708-8203-cea7180340b0",
        "relationship--0f785fc5-0d07-40bd-8d54-acfb79499824",
        "relationship--10a4e987-0b9d-4ea1-b82f-4b93d6a10a45",
        "relationship--152f2412-dbba-48b7-bbe9-612798f3ac23",
        "relationship--15e25965-b5e9-4b8c-b052-8a2233b30198",
        "relationship--161225df-de21-4715-b4f3-c324c05ff590",
        "relationship--16b2871e-c793-4362-89b8-b893806d147a",
        "relationship--171380bf-41ff-43da-86fe-c131f5f7b97b",
        "relationship--172a8a26-d2c9-4d29-b050-55949c0186dd",
        "relationship--1ace08c6-0f1a-487d-92b2-6c61c2299270",
        "relationship--1ae53b90-59d3-4510-b0e8-686b7ea8e626",
        "relationship--1b384505-b69a-4c0b-95f1-02384214abae",
        "relationship--1d54c1d7-529f-4e4f-9a38-55b1b8cbff66",
        "relationship--1d90e3ef-1839-4bb8-8205-02e2461b5d55",
        "relationship--1f06f614-8f5a-4666-9fa5-fcda1535f97d",
        "relationship--1f8760c6-f11c-43f7-acf8-bc30a347518c",
        "relationship--207c59d5-9df0-4838-9a0a-5555ea78b35f",
        "relationship--20904798-df45-48a6-8428-9e4fb913f6ae",
        "relationship--230fb134-db80-490d-9c00-5039487d5903",
        "relationship--24db8ce5-951e-4952-9aff-c005a563cb99",
        "relationship--25609fb5-4f73-47ba-882e-56a421b7b566",
        "relationship--27857b33-3c5d-4f27-9d61-d70da097fd84",
        "relationship--27e8d133-848b-4db0-ac79-b5a37da879f1",
        "relationship--28084f31-80be-472b-bd15-6945b2905a93",
        "relationship--2b4a8be2-8403-43d4-addd-79c504e3dec8",
        "relationship--2e5039ef-913f-4808-9685-32f64f4dbf49",
        "relationship--2f0fee17-1cd1-45dd-a1e0-f854c03ed064",
        "relationship--2ff304c1-9b4d-4f01-927d-53a1c339f7ab",
        "relationship--30c22798-520c-40cc-b53f-352a1c0a4940",
        "relationship--3179774b-9b7a-4720-850c-23c7b04d26c6",
        "relationship--31bd2260-ef8d-4f69-a7a8-9388e0d721c9",
        "relationship--339e60fc-f94c-4b51-bc78-846c29c4340d",
        "relationship--33d66657-3e4c-430b-ae40-a9d310f39f13",
        "relationship--3464b769-7884-4721-8384-1771472f668d",
        "relationship--35f3fba0-7deb-4436-87a2-503c96f69342",
        "relationship--3872901c-9601-413e-bf8a-e2fe35772c71",
        "relationship--38938464-b328-4d89-a3a3-7e1f68cb195e",
        "relationship--399c8f98-ead6-40c5-9dba-13e25e338fd8",
        "relationship--39f5d465-832e-4de8-9738-0879803e2b1c",
        "relationship--3b31b258-d3e0-4acc-9c20-de870baa64a0",
        "relationship--3b32f3be-5bdd-4de8-9e39-83b0b8c1e70f",
        "relationship--3b4aaacf-d721-4bad-a64e-37d48c6b847d",
        "relationship--3bf633d0-5578-4e3a-a599-52f3946f6623",
        "relationship--3cf1b188-99ad-48a5-bce8-962eef956ec8",
        "relationship--3d4a9fd6-34cb-4883-a00c-4aea3d00869e",
        "relationship--3e153f3f-26aa-4ff6-8192-095b30e94bae",
        "relationship--417552c3-3db4-491a-86bb-7fe2c513d406",
        "relationship--432f7a25-5994-4f50-8b75-c62c674f27a7",
        "relationship--434cc89e-291d-44e7-b18a-9710c659bd64",
        "relationship--44968df5-3af9-4441-a1f3-e91c75893e64",
        "relationship--44cda13f-01b1-4fd2-8fbc-7de746c00d65",
        "relationship--45310a29-78b6-4863-ab0b-49fd53ef1809",
        "relationship--49855593-a473-4fd8-a40e-9b2435121208",
        "relationship--49c54595-7740-40c9-8f12-68d8fd70ce9d",
        "relationship--4c7803e9-e099-4905-b32e-d46a09247e94",
        "relationship--4cd705fd-5192-4248-9627-4f6cf2d4c459",
        "relationship--4d9acf03-bd3e-458b-bcea-6d1b57674072",
        "relationship--4f54b318-43d1-4ae3-b6e5-912d2408dc0c",
        "relationship--50308104-5191-4e83-a78e-321126ea5eee",
        "relationship--51f1d23c-1ccd-4cc4-918c-39e9a66e510b",
        "relationship--53c8de3e-f862-44d5-be7e-274e14bdd57e",
        "relationship--53cc6b0b-66ec-4f7d-a725-f65b076b5428",
        "relationship--53d47656-2154-4e25-82f9-3dcecd37a05a",
        "relationship--553e41ba-f8e6-408c-bdbd-f46246124df6",
        "relationship--56682d47-48ad-4a8c-9f55-124f7cb90e5b",
        "relationship--56b47ce2-9baa-421b-9187-c780615b97de",
        "relationship--58a1976b-122d-41df-ae40-b66826ad8f4f",
        "relationship--5bda4ebe-cd21-469e-9495-952df7254f17",
        "relationship--5c252868-1474-4fed-b3b2-07a6d3415034",
        "relationship--5ea36f9f-f5b6-4494-be0a-061058d6b1f1",
        "relationship--6175bbbe-1bc1-4562-8c5f-9e437348636a",
        "relationship--61bf5c24-e7ae-4178-916d-d236e928b897",
        "relationship--622370db-7550-4422-8470-225bd07582f7",
        "relationship--62eee3f5-f7ab-4029-a690-635452f1def7",
        "relationship--63e149cc-a5a3-496b-b8c3-4e428f0d5fb9",
        "relationship--65ce8ea7-b997-4bb3-8fb4-9259567f492b",
        "relationship--6645bf91-574b-46c3-b816-8ed45a465417",
        "relationship--667c0879-3ea2-48f1-9a1b-ceefca33aa43",
        "relationship--66a13868-e416-49d4-85ad-318f93f91a29",
        "relationship--66bec558-ff92-42ff-a8c1-5b47d071d606",
        "relationship--67272019-b1e1-4c4e-8b7f-cd73b3ed6a31",
        "relationship--6c5378fb-d1d3-4873-bf38-5553df5b8845",
        "relationship--6d216f28-e5e1-4d73-abd9-b08f370f9d2b",
        "relationship--6d51e34d-d2ee-41aa-9ec7-dc74c84ebe9f",
        "relationship--6e0796d1-4bba-4e18-85fd-8e0d86bf8b35",
        "relationship--6f8cef32-d057-40f8-be52-62d86b1049e6",
        "relationship--70a1cab8-dd98-4b82-9f7f-36294e3889c0",
        "relationship--719676a8-9d6c-4ac6-812b-aa268a9abc88",
        "relationship--71de7fd6-177c-4964-9f2b-eec22937fded",
        "relationship--7288054b-0679-497a-b4c5-090801b06941",
        "relationship--73d8feea-0b53-419a-be1b-5750aa47f2df",
        "relationship--746c2da0-7ee6-4dd7-90b1-23c020cdb71d",
        "relationship--761edf58-baad-4626-acca-a137c251b0e6",
        "relationship--77a75897-0325-472b-a7d2-2c5f1faf5d46",
        "relationship--7867218e-78a0-41cf-ada0-8400285b8a1d",
        "relationship--786cf397-d548-48c1-9ba6-9af66450928c",
        "relationship--789cf81d-bfc9-4c1a-a34a-57e41981894a",
        "relationship--7985b09e-9241-489c-a0f2-45a6f5c782f1",
        "relationship--7b7ea5f4-c504-49c6-ae43-12431191d54f",
        "relationship--7bbe8987-5cb2-464d-8874-56825164313c",
        "relationship--7dd11b5f-2f54-43a5-a2e1-9d33e24d89a0",
        "relationship--7e26e90e-79b1-45ab-94dd-ea7b35cffbf8",
        "relationship--7e7d5934-0e0d-4d9e-89d8-279bc05a6f77",
        "relationship--7f17927d-b371-42c4-bd68-0c5c57e3edab",
        "relationship--8029cccc-e198-4326-ac27-67b5968007ee",
        "relationship--81d5c85f-ea7c-47a2-879c-df34e93d88c2",
        "relationship--83185e47-895c-4c40-8043-fbf279006873",
        "relationship--83384e31-d9c6-46a0-956f-ee28d7d0cb89",
        "relationship--8479b281-c987-4b73-b85e-3f69fa024b4c",
        "relationship--855c7acd-9fa1-48a3-af4a-16de53499c3b",
        "relationship--858db34b-48b3-4ab2-ac9c-ee09475d29c5",
        "relationship--85c95ce3-8685-4d2a-9d6f-7e4be4cd9623",
        "relationship--8600308b-3a73-40bd-bca0-970477ca11fb",
        "relationship--86fe5a45-f9b8-4606-ba91-344e55d69173",
        "relationship--88852c38-9aeb-47f4-be63-dc09b8583155",
        "relationship--8a033ef9-10ca-4ed9-9c57-421f769485ae",
        "relationship--8b714bbe-2a8e-4673-b840-ca5e93a57b1d",
        "relationship--8c2a7700-2054-4db1-b566-391f23a9f30a",
        "relationship--8db11ec5-cf4e-413b-a0b6-b6a84753d996",
        "relationship--90fc37c2-19cc-450d-ba0b-5c4a3c9039b3",
        "relationship--92bc1e7b-6700-4d11-b82e-24284f30c2d7",
        "relationship--93812c9c-39f1-4bf6-adda-601d0ffd88bf",
        "relationship--947a4837-cce1-48dd-b4e7-8d08d8dce663",
        "relationship--9505cb0b-a9b6-4680-94ed-ae74916444f0",
        "relationship--958b9dfc-1c5b-490c-86c5-137e0def493e",
        "relationship--95dbd3ec-820c-47af-9734-78c39b092bc4",
        "relationship--9669920d-eff9-4436-9357-409eb7db002c",
        "relationship--979812c4-939e-4a7e-96b3-348028db10ce",
        "relationship--981bef7b-d442-487e-9763-1f69ffd71126",
        "relationship--99e04ca5-f096-4069-888d-12e8945a69ce",
        "relationship--9b095c7b-09a8-4d4a-8452-98a2f069e73f",
        "relationship--9b7bf5d9-23a0-4190-80c0-b27b906bafcc",
        "relationship--9c7a7eca-b91a-4974-bcf0-cfb77f105abd",
        "relationship--9cbb4f4c-c25f-42c4-a5ba-52e70a6654bd",
        "relationship--9cc847b7-61ae-46f7-ab06-16560775d44b",
        "relationship--9d42a47f-ccdc-42f0-9551-11bf5e2a9616",
        "relationship--9f5593f4-2cd8-4e98-81ff-8afb615d88ef",
        "relationship--9fce9cf9-2795-4384-abb5-cb049b3d4329",
        "relationship--9fe01f98-e0b3-4749-b9a6-eb10c216c548",
        "relationship--a2e37152-fda1-4d4f-8d9b-3ad85f1f764e",
        "relationship--a2ecfb8e-b12f-42be-af49-9df0dbf66c81",
        "relationship--a2faf818-d21d-40a5-ad02-a3b1b2ee5d58",
        "relationship--a31c95e7-5c2f-47ff-9b3a-30ddb0fa63b5",
        "relationship--a33d759f-6106-4e67-9452-72b684ab209a",
        "relationship--a48829f9-c991-4122-afda-a46a82faef95",
        "relationship--a58cbb63-024b-4b78-8dad-4661ee445212",
        "relationship--a9bc7666-f637-4093-a5bb-4edb61710e45",
        "relationship--a9c1c589-b5c6-4231-982f-cae0aa41f349",
        "relationship--acc88c1c-1906-4643-92a7-bd5397a5ae2e",
        "relationship--acdc53fa-91d6-4417-bc7b-83c220ec9fae",
        "relationship--ad3eb54c-0f67-42b8-b4cf-060ab6057b79",
        "relationship--ad595353-854a-4e2d-b569-7cbe7130015d",
        "relationship--adb80a62-87cb-4197-a3a7-a3e5a6417d50",
        "relationship--af883d09-3f26-4267-9081-4783447e3283",
        "relationship--b13fd1c9-a42c-45fc-9db8-1cd691740e0a",
        "relationship--b18c763f-7e8a-43bd-bf67-6c0cc5ac4ab3",
        "relationship--b4445491-4549-4333-b6b8-034ab4932295",
        "relationship--b6970925-a435-4942-b244-60e4f57acf86",
        "relationship--b70e627e-bd57-4e07-8e59-cb240034490a",
        "relationship--b80516ee-1635-43da-babf-201d9f76c1d8",
        "relationship--ba8900d2-1a18-4f44-916d-08b93dc74d9c",
        "relationship--bb98709f-9fa6-473a-a5ad-e3bc533e28fa",
        "relationship--bcf17c7c-2b8a-42fd-9b8a-2ee3dd3ef3f1",
        "relationship--bda5489b-7735-4793-8816-fc2238f6957f",
        "relationship--be5dadd8-71ce-40ac-8858-5d5c5fbe0e96",
        "relationship--beeabdd2-deb3-43fc-b7d4-884f078271a1",
        "relationship--bf603371-ff65-4b57-b80a-4f93daafbed6",
        "relationship--bf61da0b-036b-4e51-894f-71a73689cff4",
        "relationship--c18652f6-e25c-4e01-bec2-04204a50cf23",
        "relationship--c3c78b2e-a53e-4020-8fba-6e63c73e0b76",
        "relationship--c4d3d8d6-95a9-4d1d-bd51-ad736c0a4b41",
        "relationship--c56a229c-f033-4a51-ad5c-251dff28b87e",
        "relationship--c78fb99e-8967-4854-bdfb-036ae209abec",
        "relationship--c8480a31-f2ef-4de2-82b2-95b1ddedec2e",
        "relationship--c86a1525-d555-4467-8d1c-1f8b0c277d1c",
        "relationship--c8bceb4a-0cf2-43c9-9729-20ed706c4c72",
        "relationship--c935fb02-a2a4-448e-adc0-2b220fc8d521",
        "relationship--ccb912dd-ed1f-4844-9bc0-75a033fa8813",
        "relationship--ccd99593-7ff0-4706-aa94-73cc8d237fe8",
        "relationship--cd9d7183-d7c2-4253-ab57-1c53a6d00a1a",
        "relationship--cf36b530-36fa-40f5-b11c-94b5f5cfaf76",
        "relationship--d0013f9d-4243-4ade-8d06-a2cd6158ca58",
        "relationship--d02e8b78-69e7-4c70-bab1-a5bec9f94a9a",
        "relationship--d0b3dc96-7adb-4d38-b3cf-b448535ffa60",
        "relationship--d0c8b03f-7c57-4156-bc5e-cd0c45327ef3",
        "relationship--d0f83de0-975e-4cc2-8423-e91549f952d9",
        "relationship--d3366503-cb6e-4fd3-9d93-ae9ee2faa0d4",
        "relationship--d42cdf33-c3c1-4546-9a4f-40f6f64cd524",
        "relationship--d456bea1-f43c-4934-91fe-54459842f1b2",
        "relationship--d5bac840-bebe-4209-b16d-b6ae9ff96982",
        "relationship--d705cc12-1d6c-414d-8b39-1c099dec07ab",
        "relationship--d7d3cf5c-e541-4639-95c6-8cdea60b084d",
        "relationship--dd385e5d-a066-4733-b448-b6baddb10083",
        "relationship--dd4ab207-a8d7-4b33-94bf-be87635cc853",
        "relationship--dec705fd-139b-49d6-b0d8-888b2b922a12",
        "relationship--def89c4a-b394-4137-8a96-c794780352f2",
        "relationship--e04dd3e5-9883-4f0a-bf05-b20af89c88f3",
        "relationship--e2e91dcc-87b0-4ff8-a6cd-0dfd6a813483",
        "relationship--e4fca715-c0a5-4292-ac6f-ab79bdd4241b",
        "relationship--e5efa7ca-3e2a-4f08-ac2c-f5f317c9caf7",
        "relationship--e73e1a22-4923-404b-b2f2-5131f8f24e64",
        "relationship--e8164787-78fa-4a4a-89b1-8d5dbfbef592",
        "relationship--e8193b28-b28a-4ab7-8390-8a5bd4d851b5",
        "relationship--ec0f8f62-0eb6-4d40-a8c2-c3a083a79acd",
        "relationship--edaa004e-8239-40d8-a4f0-8849c4f0e87f",
        "relationship--ee8711e0-dd0e-4730-9b85-bd55fb6d590e",
        "relationship--eeb86f2c-852e-42e6-8809-8d244727bdfe",
        "relationship--f02f49f5-35d9-4c9c-8943-9fdf34f02a38",
        "relationship--f1122ac6-d8f4-43d4-9102-0a41db245b69",
        "relationship--f2810da3-1a6f-4c48-826d-929bde7f7af3",
        "relationship--f2918cdd-b62f-413c-beba-dd95f0a75c3f",
        "relationship--f3ea1137-f71c-40af-befa-6141e61f0161",
        "relationship--f476b228-f729-4809-b40e-6c402da30c5d",
        "relationship--f58a02ed-055f-461f-bfdf-067f07310423",
        "relationship--f5fee3da-a3ef-4a81-a70c-9660ab1fb3d6",
        "relationship--f6557436-3564-4128-b93e-2c246ec00834",
        "relationship--f774b7e4-15c6-42d8-917a-efd8617c0c0f",
        "relationship--f83d3cd6-f54d-4016-874f-eb638c193402",
        "relationship--f96a2b4a-4d74-4251-b714-40b224d3ad09",
        "relationship--fa14a106-cc98-4a5f-b849-85a5491eea36",
        "relationship--fa745ba0-428f-4c3c-84be-e333f659690f",
        "relationship--fac15b17-554e-4f16-a131-abf5f703f6f9",
        "relationship--fc0b1fb2-f987-4d9c-8470-c40c517925d9",
        "relationship--fe4ed27a-6d45-4e6a-bbc0-7ebe15a38046",
        "relationship--ff2b5737-6a87-4ffb-b61a-89d8f21615b1"
    ],
    "graph_nodes": [
        {
            "count": 225,
            "id": 0,
            "texts": [
                "TDTESS",
                "LightNeuron",
                "ProLock",
                "Aquatic Panda",
                "Denis",
                "Nebulae",
                "ADVSTORESHELL",
                "RedLeaves",
                "Kazuar",
                "RTM",
                "ROKRAT",
                "KONNI",
                "njRAT",
                "MoonWind",
                "Rising Sun",
                "FunnyDream",
                "BBSRAT",
                "Patchwork",
                "HAWKBALL",
                "TEMP.Veles",
                "Fysbis",
                "MacSpy",
                "FIN10",
                "ECCENTRICBANDWAGON",
                "SamSam",
                "SQLRat",
                "Heyoka Backdoor",
                "IceApple",
                "RCSession",
                "Tropic Trooper",
                "AppleJeus",
                "Kivars",
                "TeamTNT",
                "Azorult",
                "FIN6",
                "DarkWatchman",
                "Bisonal",
                "Lazarus Group",
                "APT38",
                "RainyDay",
                "Bankshot",
                "FIN5",
                "GreyEnergy",
                "StoneDrill",
                "Backdoor.Oldrea",
                "InvisiMole",
                "Proton",
                "OSX_OCEANLOTUS.D",
                "LockerGoga",
                "attacker",
                "MURKYTOP",
                "RDFSNIFFER",
                "Crimson",
                "S-Type",
                "CARROTBAT",
                "TAINTEDSCRIBE",
                "SDBbot",
                "Aria-body",
                "Drovorub",
                "Shark",
                "PLEAD",
                "Ferocious",
                "Gelsemium",
                "FruitFly",
                "TYPEFRAME",
                "APT41",
                "ZxShell",
                "AuditCred",
                "OceanSalt",
                "Gold Dragon",
                "Remsec",
                "Wingbird",
                "Mosquito",
                "Kevin",
                "VERMIN",
                "Pay2Key",
                "JPIN",
                "DustySky",
                "Hildegard",
                "Ixeshe",
                "Epic",
                "PowerShower",
                "Taidoor",
                "FALLCHILL",
                "threat actors",
                "Reaver",
                "Proxysvc",
                "attacker",
                "OopsIE",
                "KEYMARBLE",
                "Stuxnet",
                "jRAT",
                "Dtrack",
                "DanBot",
                "HotCroissant",
                "zwShell",
                "Kimsuky",
                "SombRAT",
                "OilRig",
                "Cuba",
                "Zebrocy",
                "Carbanak",
                "Bandook",
                "Seasalt",
                "SUNBURST",
                "InnaputRAT",
                "APT39",
                "APT29",
                "Wizard Spider",
                "APT28",
                "APT18 actors",
                "ccf32",
                "remote attackers",
                "Linfo",
                "remote attackers",
                "BLUELIGHT",
                "Trojan.Karagany",
                "Metamorfo",
                "Hi-Zor",
                "Cryptoistic",
                "NanHaiShu",
                "WhisperGate",
                "SeaDuke",
                "Misdat",
                "BLINDINGCAN",
                "Dragonfly",
                "ShimRat",
                "BackConfig",
                "LiteDuke",
                "Mustang Panda",
                "Sandworm Team",
                "More_eggs",
                "PowerDuke",
                "attacker",
                "pngdowner",
                "StrongPity",
                "threat actors",
                "Magic Hound",
                "NOKKI",
                "APT32",
                "RunningRAT",
                "VBShower",
                "GuLoader",
                "Grandoreiro",
                "Gazer",
                "FatDuke",
                "SpeakUp",
                "Cobalt Group",
                "Woody RAT",
                "GoldenSpy",
                "CharmPower",
                "FIN8",
                "APT29",
                "LoudMiner",
                "BabyShark",
                "Lazarus Group",
                "Green Lambert",
                "SLOTHFULMEDIA",
                "Ursnif",
                "APT3",
                "P.A.S. Webshell",
                "White Company",
                "BADHATCH",
                "Sibot",
                "BLACKCOFFEE",
                "Cardinal RAT",
                "SysUpdate",
                "Derusbi",
                "attacker",
                "Chimera",
                "LookBack",
                "Group5",
                "Calisto",
                "EvilBunny",
                "Elise",
                "HTTPBrowser",
                "RDAT",
                "ServHelper",
                "QUADAGENT",
                "Zeus Panda",
                "attacker",
                "Metador",
                "Mori",
                "attacker",
                "Okrum",
                "Bazar",
                "POWERSTATS",
                "metaMain",
                "OutSteel",
                "KillDisk",
                "PUNCHBUGGY",
                "FlawedAmmyy",
                "Hancitor",
                "Rocke",
                "Milan",
                "Pteranodon",
                "Silence",
                "AppleSeed",
                "HALFBAKED",
                "HyperBro",
                "HermeticWiper",
                "Pillowmint",
                "WindTail",
                "Attor",
                "Anchor",
                "Lokibot",
                "GrimAgent",
                "PyDCrypt",
                "USBStealer",
                "REvil",
                "Threat Group-3390",
                "Meteor",
                "PoetRAT",
                "Uroburos",
                "Bumblebee",
                "Pony",
                "StrifeWater",
                "Penquin",
                "XAgentOSX",
                "Saint Bot",
                "MacMa",
                "Volgmer",
                "FELIXROOT",
                "Pysa",
                "QakBot"
            ],
            "label": "ACTOR"
        },
        {
            "count": 217,
            "id": 1,
            "texts": [
                "log files",
                "files",
                "files",
                "files",
                "tools",
                "files",
                "directories",
                "itself",
                "logs",
                "artifacts",
                "critical system files",
                "log files",
                "files",
                "payloads",
                "files",
                "files",
                "directories",
                "folders",
                "dropper files",
                "MSI file",
                "staged files",
                "results",
                "them",
                "credentials",
                "files",
                "delivered files",
                "file",
                "footprint",
                "files",
                "service",
                "versions",
                "registry keys",
                "files",
                "files",
                "file",
                "files",
                "traces",
                "memory",
                "keyword_parm.txt and parm.txt configuration files",
                "files",
                "directories",
                "files",
                "files",
                "dropper",
                "app bundle",
                "file",
                "local files",
                "files",
                "directories",
                "files",
                "2.hwp",
                "files",
                "files",
                "data",
                "files",
                "files",
                "files",
                "files",
                "log file",
                "version",
                "files",
                "file",
                "data",
                "files",
                "files",
                "InventoryManager.bk",
                "file",
                "malware",
                "associated artifacts",
                "fingerprint",
                "malware-related files",
                "dropped file",
                "files",
                "files",
                "scripts",
                "DLL export",
                "files",
                "files",
                "configuration file",
                "installed files",
                "files",
                "file",
                "exfiltrated data",
                "cookie files",
                "files",
                "storage temp file",
                "files",
                "artifacts",
                "file",
                "files",
                "directories",
                "files",
                "artifacts",
                "modules",
                "configurations",
                "computer files",
                "tracks",
                "files",
                "folders",
                "files",
                "files",
                "RAT installer file",
                "DLL payload file",
                "files",
                "tracks",
                "files",
                "backdoor file",
                "itself",
                "associated artifacts",
                "screenshots",
                "files",
                "files",
                "files",
                "folders",
                "files",
                "random data",
                "file",
                "tools",
                "files",
                "objectives",
                "files",
                "random data",
                "file",
                "content",
                "exfiltrated files",
                "traces",
                "file",
                "overwritten file",
                "files",
                "tracks",
                "files",
                "files",
                ".LNK files",
                "files",
                "files",
                "files",
                "tracks",
                "file",
                "files",
                "itself",
                "folders",
                "registry entries",
                "created files",
                "tmp and prefetch files",
                "installation files",
                "files",
                "files",
                "files",
                "itself",
                "'index.dat' file",
                "Internet history",
                "data",
                "tmp files",
                "files",
                "configuration file",
                "files",
                "configuration file",
                "files",
                "data",
                "null bytes",
                "files",
                "files",
                "files",
                "folders",
                "components",
                "files",
                "files",
                "installer file",
                "file",
                "files",
                "track",
                "related files",
                "DLL file",
                "files",
                "log files",
                ", unencrypted files",
                "files",
                "files",
                "items",
                "content",
                "working directories",
                "files",
                "files",
                "files",
                "scheduled tasks",
                "artifacts",
                "files",
                "C2",
                "logs",
                "files",
                "file",
                "file",
                "files",
                "log files",
                "dropped files",
                "files",
                "files",
                "created artifacts",
                "dropped executables",
                "files",
                "logs",
                "files",
                "hostname",
                "WSUSPROXY",
                "PIS-DB",
                "PIS-MOB",
                "PIS-APP",
                "Clear Agents Track command",
                "Uroburos-related logs",
                "tracks",
                "file",
                "Saint Bot payload-linked files",
                "itself",
                "files",
                ".LNK file",
                "files",
                "folders"
            ],
            "label": "DATA"
        },
        {
            "count": 231,
            "id": 2,
            "texts": [
                "installation",
                "service",
                "function",
                "payload",
                "executables",
                "command",
                "tools",
                "files",
                "directories",
                "itself",
                "logs",
                "artifacts",
                "batch scripts",
                "scheduled tasks",
                "malware",
                "files",
                "payloads",
                "analysis",
                "attack",
                "scripts",
                "menuPass macro",
                "BRONZE BUTLER uploader",
                "malware",
                "command",
                "uploader",
                "command scripts",
                "installation",
                "malware",
                "payload",
                "installation",
                "launcher",
                "dropper and VBS scripts",
                "CLOSESHAVE",
                "utility",
                "post-intrusion cleanup process",
                "files",
                "service",
                "Cherry Picker",
                "malware",
                "SDelete",
                "detection",
                "DeleteFileA and DeleteFileW functions",
                "Windows API",
                "task",
                "cleanup module",
                "MESSAGETAP",
                "command",
                "dropper",
                "app bundle",
                "launcher",
                "Machete",
                "capability",
                "dropper component",
                "payload",
                "parent process",
                "payload",
                "Imminent Monitor",
                "dynamic debugger feature",
                "DeleteFileW API call",
                "installer/uninstaller component",
                "security-related processes",
                "scripts",
                "command",
                "SDelete",
                "dropper process",
                "DeleteFileA",
                "SUNSPOT",
                "successful injection",
                "SolarWinds Orion source code",
                "SUNBURST",
                "software library",
                "Komplex trojan",
                "file deletion",
                "malware",
                "associated artifacts",
                "batch files",
                "batch file",
                "capability",
                "files",
                "scripts",
                "routine",
                "file deletion",
                "function",
                "installation",
                "service",
                "transmission",
                "instrumentor script",
                "browser processes",
                "vba_macro.exe",
                "rundll32.exe",
                "FONTCACHE.DAT",
                "cancel",
                "closeanddeletestorage",
                "command",
                "payload",
                "command cmd.exe /c del",
                "command",
                "malware",
                "SDelete",
                "file deletion",
                "modules",
                "configurations",
                "program",
                "CCleaner",
                "tools",
                "batch files",
                "backdoor",
                "Evilnum",
                "infection",
                "plugins",
                "self-delete capability",
                "ability",
                "script",
                "decoy file",
                "tools",
                "applications",
                "operations",
                "cleanup",
                "infections",
                "tools",
                "files",
                "processes",
                "backdoors",
                "attack",
                "command",
                "/c cd /d c:\\windows\\temp\\ & copy \\\\<IP ADDRESS>\\c$\\windows\\system32\\devmgr.dll \\\\<IP ADDRESS>\\c$\\windows\\temp\\LMAKSW.ps1 /y",
                "/c cd /d c:\\windows\\temp\\ & del \\\\<IP ADDRESS>\\c$\\windows\\temp\\LMAKSW.ps1",
                "activity",
                "macOS backdoor",
                "\"delete\" command",
                "code",
                "executable",
                "SILENTTRINITY",
                "commands",
                "DLL dropper",
                "suspended notepad process",
                "shellcode",
                "NtWriteVirtualMemory",
                "suspended process",
                "uninstaller",
                "post compromise cleanup activities",
                "PowerShell scripts",
                "detection",
                "tools",
                "custom backdoors",
                "completion",
                "Lazarus Group malware",
                "ways",
                "\"suicide scripts",
                "malware binaries",
                "secure file deletion",
                "initial installation",
                "executable",
                "unused functions",
                "tool",
                "scripts",
                "Exaramel",
                "persistence mechanism",
                "malware",
                "PowerShell scripts",
                "capability",
                "executable",
                "Linux Kernel Module",
                "file deletion",
                "detection",
                "Malware",
                "capability",
                "rm -rf",
                "PcShare",
                "components",
                "files",
                "environment checks",
                "initial dropper",
                "remote shell",
                "RAT",
                "capability",
                "Winnti",
                "components",
                "SOAP requests",
                "WINDSHIELD can file deletion",
                "file system interaction",
                "module",
                "command",
                "scheduled task",
                "Registry key",
                "command",
                "cbd.exe",
                "successful deployment",
                "malware",
                "Gamaredon Group tools",
                "operation",
                "Prikormka",
                "backdoor",
                "loader",
                "batch file",
                "PowerShell Remove-Item commands",
                "scheduled tasks",
                "artifacts",
                "self-delete command",
                "plugin",
                "dropper",
                "cmd",
                "old binaries",
                "Sakula samples",
                "cmd.exe",
                "created artifacts",
                "dropped executables",
                "commands",
                "malware",
                "reboot",
                "binary code",
                "deletion",
                "JHUHUGIT dropper",
                "scripts",
                "scripts",
                "Clear Agents Track command",
                "loader",
                "Sdl command",
                "scripts",
                "executables",
                "deletFileFromPath function",
                "NSFileManager:removeFileAtPath method",
                "del.bat",
                "batch script",
                "infection",
                "analysis",
                "startup directory",
                "dropper components",
                "batch files",
                "executable",
                "legitimate programs"
            ],
            "label": "FUNCTION"
        },
        {
            "count": 67,
            "id": 3,
            "texts": [
                "itself",
                "tools",
                "files",
                "directories",
                "itself",
                "logs",
                "artifacts",
                "itself",
                "that",
                "part",
                "itself",
                "itself",
                "itself",
                "that",
                "one",
                "itself",
                "way",
                "itself",
                "itself",
                "that",
                "itself",
                "itself",
                "itself",
                "rundll32.exe",
                "FONTCACHE.DAT",
                "itself",
                "use",
                "use",
                "which",
                "itself",
                "itself",
                "itself",
                "itself",
                "associated artifacts",
                "many",
                "part",
                "itself",
                "that",
                "itself",
                "that",
                "evidence",
                "itself",
                "files",
                "itself",
                "folders",
                "registry entries",
                "ways",
                "\"suicide scripts",
                "addition",
                "itself",
                "'index.dat' file",
                "itself",
                "itself",
                "itself",
                "itself",
                "itself",
                "Volt Typhoon",
                "itself",
                "itself",
                "random bites",
                "itself",
                "itself",
                "use",
                "itself",
                "itself",
                "itself",
                "files"
            ],
            "label": "OTHER"
        },
        {
            "count": 81,
            "id": 4,
            "texts": [
                "compromised machines",
                "machine",
                "targeted system",
                "targeted systems",
                "infected system",
                "infected host",
                "victim machines",
                "machine",
                "compromised computer",
                "system",
                "system",
                "environment",
                "disk",
                "system",
                "machine",
                "compromised hosts",
                "compromised host",
                "targeted system",
                "system",
                "machine",
                "disk",
                "Windows",
                "infected system",
                "machine",
                "infected hosts",
                "compromised system",
                "disk",
                "machine",
                "system",
                "machine",
                "machine",
                "disk",
                "infected system",
                "disk",
                "storage",
                "compromised host",
                "system",
                "compromised host",
                "infected host",
                "victim systems",
                "compromised machines",
                "system",
                "compromised host",
                "compromised host",
                "victim machines",
                "compromised hosts",
                "infected system",
                "system",
                "compromised host",
                "machine",
                "forensic analysis",
                "compromised host",
                "compromised host",
                "machine",
                "machine",
                "disk",
                "compromised system",
                "compromised machine",
                "system",
                "Linux",
                "target system",
                "compromised machine",
                "targeted system",
                "hard disk",
                "system",
                "machine",
                "compromised host",
                "host",
                "Windows",
                "compromised host",
                "infected system",
                "infected machine",
                "compromised host",
                "host",
                "compromised host",
                "UAC",
                "file system",
                "compromised host",
                "infected machine",
                "compromise system",
                "compromised computer"
            ],
            "label": "COMPONENT"
        },
        {
            "count": 21,
            "id": 5,
            "texts": [
                "victim",
                "victim",
                "victim",
                "victim",
                "victim",
                "victim",
                "victim",
                "victim",
                "victim",
                "victim",
                "victim",
                "user",
                "victim",
                "victim",
                "victim",
                "victim",
                "victims",
                "victim",
                "victim",
                "victim",
                "victim"
            ],
            "label": "USER"
        },
        {
            "count": 46,
            "id": 6,
            "texts": [
                "tools",
                "files",
                "directories",
                "itself",
                "logs",
                "artifacts",
                "C:\\windows\\temp\\tmp0207",
                "files",
                "directories",
                "folders",
                "files",
                "directories",
                "/tmp directory",
                "files",
                "directories",
                "file",
                "files",
                "directories",
                "files",
                "folders",
                "directories",
                "files",
                "folders",
                "temporary directory",
                "%appdata%\\..\\Local Settings\\Temporary Internet Files\\Content.Word\\",
                "%appdata%\\..\\Local\\Temporary Internet Files\\Content.Word",
                "AppData\\Local\\Temp directory",
                "Startup folder",
                "files",
                "itself",
                "folders",
                "registry entries",
                "subdirectory",
                "/tmp",
                "files",
                "folders",
                "Windows temporary folder",
                "C:\\, D:\\, E:\\ and, F:\\ drives",
                "working directories",
                "files",
                "filepath %appdata%\\Intel\\devmonsrv.exe",
                "folder",
                "startup directory",
                "dropper components",
                "files",
                "folders"
            ],
            "label": "DIRECTORY"
        },
        {
            "count": 3,
            "id": 7,
            "texts": [
                "RAR archives",
                "log encryption module",
                "file archives"
            ],
            "label": "ENCRYPTION"
        },
        {
            "count": 12,
            "id": 8,
            "texts": [
                "local IP addresses",
                "C2s",
                "endpoint",
                "RPC server",
                "victim networks",
                "C2 communications",
                "remote access",
                "processed C2 emails",
                "C2s",
                "C2",
                "C2",
                "logs"
            ],
            "label": "NETWORK"
        },
        {
            "count": 14,
            "id": 9,
            "texts": [
                "registry keys",
                "files",
                "DLL",
                "files",
                "itself",
                "folders",
                "registry entries",
                "LKM",
                "DLLs",
                "scheduled task",
                "Registry key",
                "Registry value",
                "related files",
                "DLL file"
            ],
            "label": "REGISTRY"
        }
    ],
    "graph_edges": [
        {
            "id": "0_1",
            "source": 0,
            "dest": 1,
            "count": 116
        },
        {
            "id": "1_2",
            "source": 1,
            "dest": 2,
            "count": 25
        },
        {
            "id": "2_3",
            "source": 2,
            "dest": 3,
            "count": 14
        },
        {
            "id": "0_2",
            "source": 0,
            "dest": 2,
            "count": 122
        },
        {
            "id": "2_1",
            "source": 2,
            "dest": 1,
            "count": 46
        },
        {
            "id": "0_4",
            "source": 0,
            "dest": 4,
            "count": 42
        },
        {
            "id": "2_4",
            "source": 2,
            "dest": 4,
            "count": 27
        },
        {
            "id": "1_4",
            "source": 1,
            "dest": 4,
            "count": 45
        },
        {
            "id": "4_5",
            "source": 4,
            "dest": 5,
            "count": 9
        },
        {
            "id": "0_6",
            "source": 0,
            "dest": 6,
            "count": 13
        },
        {
            "id": "0_3",
            "source": 0,
            "dest": 3,
            "count": 33
        },
        {
            "id": "2_6",
            "source": 2,
            "dest": 6,
            "count": 7
        },
        {
            "id": "6_4",
            "source": 6,
            "dest": 4,
            "count": 5
        },
        {
            "id": "2_7",
            "source": 2,
            "dest": 7,
            "count": 1
        },
        {
            "id": "0_8",
            "source": 0,
            "dest": 8,
            "count": 5
        },
        {
            "id": "1_8",
            "source": 1,
            "dest": 8,
            "count": 7
        },
        {
            "id": "3_4",
            "source": 3,
            "dest": 4,
            "count": 16
        },
        {
            "id": "3_2",
            "source": 3,
            "dest": 2,
            "count": 9
        },
        {
            "id": "1_9",
            "source": 1,
            "dest": 9,
            "count": 2
        },
        {
            "id": "2_9",
            "source": 2,
            "dest": 9,
            "count": 4
        },
        {
            "id": "1_3",
            "source": 1,
            "dest": 3,
            "count": 5
        },
        {
            "id": "1_5",
            "source": 1,
            "dest": 5,
            "count": 8
        },
        {
            "id": "3_5",
            "source": 3,
            "dest": 5,
            "count": 3
        },
        {
            "id": "1_6",
            "source": 1,
            "dest": 6,
            "count": 6
        },
        {
            "id": "2_0",
            "source": 2,
            "dest": 0,
            "count": 7
        },
        {
            "id": "3_1",
            "source": 3,
            "dest": 1,
            "count": 5
        },
        {
            "id": "3_8",
            "source": 3,
            "dest": 8,
            "count": 1
        },
        {
            "id": "0_5",
            "source": 0,
            "dest": 5,
            "count": 3
        },
        {
            "id": "2_5",
            "source": 2,
            "dest": 5,
            "count": 4
        },
        {
            "id": "8_1",
            "source": 8,
            "dest": 1,
            "count": 2
        },
        {
            "id": "8_2",
            "source": 8,
            "dest": 2,
            "count": 1
        },
        {
            "id": "8_3",
            "source": 8,
            "dest": 3,
            "count": 1
        },
        {
            "id": "6_2",
            "source": 6,
            "dest": 2,
            "count": 3
        },
        {
            "id": "3_6",
            "source": 3,
            "dest": 6,
            "count": 2
        },
        {
            "id": "6_5",
            "source": 6,
            "dest": 5,
            "count": 1
        },
        {
            "id": "0_9",
            "source": 0,
            "dest": 9,
            "count": 4
        },
        {
            "id": "9_2",
            "source": 9,
            "dest": 2,
            "count": 1
        },
        {
            "id": "9_4",
            "source": 9,
            "dest": 4,
            "count": 1
        },
        {
            "id": "2_8",
            "source": 2,
            "dest": 8,
            "count": 1
        },
        {
            "id": "7_1",
            "source": 7,
            "dest": 1,
            "count": 2
        },
        {
            "id": "7_2",
            "source": 7,
            "dest": 2,
            "count": 1
        },
        {
            "id": "7_4",
            "source": 7,
            "dest": 4,
            "count": 1
        },
        {
            "id": "0_7",
            "source": 0,
            "dest": 7,
            "count": 1
        },
        {
            "id": "7_5",
            "source": 7,
            "dest": 5,
            "count": 1
        }
    ],
    "verbs": {
        "delete": 173,
        "during": 3,
        "of": 31,
        "as": 2,
        "have": 20,
        "remove": 27,
        "contain": 6,
        "from": 130,
        "use": 32,
        "generate from": 1,
        "store at": 1,
        "on": 21,
        "after": 19,
        "uninstall": 8,
        "scan": 1,
        "for": 8,
        "exfiltrate": 3,
        "collect": 1,
        "use during": 4,
        "reduce": 2,
        "create": 4,
        "mark": 2,
        "clean": 3,
        "prevent": 1,
        "hook": 1,
        "in": 10,
        "fulfill": 1,
        "load": 3,
        "upload to": 1,
        "copy": 1,
        "along": 2,
        "relate to": 2,
        "encounter": 1,
        "identify": 1,
        "create during": 1,
        "follow": 3,
        "restore": 1,
        "to": 7,
        "support": 1,
        "indicate": 1,
        "by": 7,
        "terminate": 1,
        "run on": 1,
        "run": 4,
        "execute": 3,
        "associate with": 2,
        "cover": 6,
        "with": 6,
        "launch": 2,
        "modify": 1,
        "rename": 1,
        "write": 3,
        "kill": 1,
        "reach": 1,
        "use in": 1,
        "across": 1,
        "overwrite": 5,
        "overwrote": 1,
        "receive": 1,
        "complicate": 1,
        "contain in": 1,
        "create in": 1,
        "into": 1,
        "evade": 2,
        "achieve": 1,
        "stage in": 1,
        "perform": 1,
        "issue": 1,
        "encrypt": 1,
        "upload": 1,
        "communicate": 1,
        "bypass": 1,
        "detect": 1,
        "avoid": 1
    }
}