{
    "id": "T1078",
    "tech_id": "T1078",
    "tech_name": "Valid Accounts",
    "best_phrases": [],
    "tactics": [
        "TA0005",
        "TA0003",
        "TA0004",
        "TA0001"
    ],
    "features": [
        "DATA",
        "NETWORK",
        "FUNCTION",
        "COMPONENT",
        "USER"
    ],
    "locations": [
        "Windows",
        "Azure AD",
        "Office 365",
        "SaaS",
        "IaaS",
        "Linux",
        "macOS",
        "Google Workspace",
        "Containers",
        "Network"
    ],
    "procedures": [
        "relationship--0528b64e-e719-44a9-94aa-0576bd9a87ec",
        "relationship--060e7485-d2a9-4aa2-a742-58f7e4e6086a",
        "relationship--073fd81c-b49a-4800-b73a-c1b3aba3aa54",
        "relationship--08e70a50-f4fe-4856-9bd1-a7098f802fca",
        "relationship--13ebbab5-204d-4a61-9ee4-378346626371",
        "relationship--1896ca51-adf4-4a3b-be89-1aae18465741",
        "relationship--1a849525-ee44-4c28-86b2-fe883c45dc79",
        "relationship--1ac5bace-cdc2-4a1b-abad-d30ca0ed7f45",
        "relationship--2c9c331c-0e39-43ad-95e4-38957ad7b956",
        "relationship--2fff97fc-650c-4db5-97d4-c36db70077dd",
        "relationship--32864e94-8581-4f77-bf7d-53aaf3710f60",
        "relationship--3916c36b-bd92-4070-bc9a-6eab3d78cabd",
        "relationship--3ce056f2-7ade-4557-86a8-f0ec216730ec",
        "relationship--3e1585d9-d6dc-4016-8cba-53ca08b7887e",
        "relationship--44273d72-b0d9-42ee-9e8e-53d1b39f0651",
        "relationship--448a35fc-fecf-4373-9888-30c37dd1d56a",
        "relationship--50156329-1c32-4044-9c6e-ee2eb079cd1c",
        "relationship--565aa787-f255-45c6-9396-8a53bbb3950e",
        "relationship--58882b0d-0f4a-4e12-b8c1-f43c53fd96f4",
        "relationship--70879424-99b5-4ebe-8c77-cf872738dfcf",
        "relationship--7606ad11-1322-4b97-83b9-aaafaee02c07",
        "relationship--78f237da-f58b-4849-b2ee-cf1f3f7a1a42",
        "relationship--82b679af-7408-4f41-8fc0-5b0cf5993726",
        "relationship--87c33110-cbd9-4925-bf95-4570729ee935",
        "relationship--8a83df94-30d3-4d4b-94c0-d988e3fcfc33",
        "relationship--90268df8-948a-4eb4-a21c-7b1c6808f669",
        "relationship--93b12e1a-7f21-4fa0-9b2a-c96c7c270625",
        "relationship--9569bfcd-38f8-4cb7-8470-a473ea9e4328",
        "relationship--9779ccbc-c376-4a6e-a43f-56a782892302",
        "relationship--ad06b85a-a0df-41aa-8f45-f41504987918",
        "relationship--b1bddecd-763f-42f2-bb49-360d2507b7a6",
        "relationship--cf506331-5caf-44a2-8020-34bbefda43eb",
        "relationship--d150b0e5-9e4b-48c4-a952-5234b3d72c6a",
        "relationship--d3b787ec-795c-481b-94e5-ff42dc56d79d",
        "relationship--d3d44322-8902-4f56-8625-fb14557c0ca8",
        "relationship--da395019-238a-4c4e-b4cd-43947e8aa019",
        "relationship--db08c6bc-0a2a-41f3-bcb2-5410f9e0afa6",
        "relationship--e145eb03-1e0b-4062-ab24-20269e3e85d0",
        "relationship--e25b4146-2f52-4c5b-a1f8-3e868e767f84",
        "relationship--e5ba408f-92d3-404a-b3e1-adcd5d21bc5f",
        "relationship--e85549b5-77c8-426a-b7ea-fec30b05973f",
        "relationship--ea230e17-d23a-4a11-b2f9-358eeeea4ea3",
        "relationship--f059a1ec-1945-43b7-ba0c-0d304c5b6d74"
    ],
    "graph_nodes": [
        {
            "count": 43,
            "id": 0,
            "texts": [
                "APT41",
                "FIN8",
                "FIN4",
                "FIN7",
                "Kinsing",
                "Dragonfly",
                "GALLIUM",
                "APT18 actors",
                "Lazarus Group",
                "Chimera",
                "Dtrack",
                "Industroyer",
                "threat actors",
                "menuPass",
                "Adversaries",
                "Sandworm Team",
                "LAPSUS$",
                "Carbanak actors",
                "threat actors",
                "APT28",
                "Threat Group-3390 actors",
                "Suckfly",
                "Sandworm Team",
                "Axiom",
                "Leviathan",
                "PittyTiger",
                "Silence",
                "OilRig",
                "Wizard Spider",
                "APT29",
                "TEMP.Veles",
                "Ke3chang",
                "FIN10",
                "factor",
                "APT33",
                "FIN6",
                "Fox Kitten",
                "POLONIUM",
                "FIN5",
                "Linux Rabbit",
                "Silent Librarian",
                "APT39",
                "APT29"
            ],
            "label": "ACTOR"
        },
        {
            "count": 72,
            "id": 1,
            "texts": [
                "compromised credentials",
                "valid accounts",
                "legitimate credentials",
                "valid administrative credentials",
                "valid SSH credentials",
                "user credentials",
                "valid accounts",
                "valid accounts",
                "access",
                "legitimate credentials",
                "administrator credentials",
                "access",
                "valid account",
                "compromised credentials",
                "hard-coded credentials",
                "access",
                "network share",
                "supplied user credentials",
                "compromised VPN accounts",
                "access",
                "valid accounts",
                "legitimate credentials",
                "shares",
                "compromised credentials",
                "acquired legitimate credentials",
                "session tokens",
                "compromised credentials",
                "access",
                "legitimate credentials",
                "valid VPN credentials",
                "legitimate credentials",
                "access",
                "data",
                "credentials",
                "passwords",
                "legitimate credentials",
                "legitimate account credentials",
                "valid accounts",
                "privileges",
                "compromised administrative accounts",
                "privileges",
                "valid accounts",
                "legitimate credentials",
                "compromised credentials",
                "privileges",
                "compromised credentials",
                "valid credentials",
                "goal",
                "privileged accounts",
                "compromised account",
                "compromised VPN accounts",
                "legitimate credentials",
                "access",
                "victim accounts",
                "stolen credentials",
                "valid accounts",
                "privilege",
                "credentials",
                "usernames",
                "password hashes",
                "valid credentials",
                "valid compromised credentials",
                "access",
                "legitimate VPN, RDP, Citrix, or VNC credentials",
                "access",
                "valid SSH accounts",
                "compromised credentials",
                "unauthorized access",
                "online accounts",
                "stolen credentials",
                "Outlook Web Access",
                "compromised credentials"
            ],
            "label": "DATA"
        },
        {
            "count": 20,
            "id": 2,
            "texts": [
                "email communications",
                "victim network",
                "external remote services",
                "restricted network segments",
                "email",
                "Microsoft Exchange servers",
                "RDP",
                "VDI",
                "IAMs",
                "VPN",
                "victim network",
                "DCCC network",
                "spearphishing email",
                "internal victim network",
                "corporate network",
                "victim network",
                "VPN infrastructure",
                "VPNs",
                "OWA",
                "remote access"
            ],
            "label": "NETWORK"
        },
        {
            "count": 13,
            "id": 3,
            "texts": [
                "remote hosts",
                "victim systems",
                "environments",
                "remote host",
                "remote machines",
                "RDP",
                "VDI",
                "IAMs",
                "VPN",
                "systems",
                "systems",
                "victim environments",
                "victim environment"
            ],
            "label": "COMPONENT"
        },
        {
            "count": 17,
            "id": 4,
            "texts": [
                "operations",
                "scheduled task",
                "SeaDuke samples",
                "module",
                "processes",
                "services",
                "Duqu",
                "keylogging",
                "means",
                "task",
                "operations",
                "methods",
                "operations",
                "domain controllers",
                "credential dumpers",
                "stealers",
                "services"
            ],
            "label": "FUNCTION"
        },
        {
            "count": 5,
            "id": 5,
            "texts": [
                "Managed Service Providers",
                "clients",
                "victim",
                "banking employees",
                "legitimate account owner"
            ],
            "label": "USER"
        },
        {
            "count": 10,
            "id": 6,
            "texts": [
                "Managed Service Providers",
                "clients",
                "itself",
                "keylogging",
                "means",
                "millions",
                "group",
                "manufacturer",
                "organization",
                "bruteforce"
            ],
            "label": "OTHER"
        }
    ],
    "graph_edges": [
        {
            "id": "0_1",
            "source": 0,
            "dest": 1,
            "count": 58
        },
        {
            "id": "0_2",
            "source": 0,
            "dest": 2,
            "count": 7
        },
        {
            "id": "0_3",
            "source": 0,
            "dest": 3,
            "count": 4
        },
        {
            "id": "0_4",
            "source": 0,
            "dest": 4,
            "count": 8
        },
        {
            "id": "1_4",
            "source": 1,
            "dest": 4,
            "count": 5
        },
        {
            "id": "1_2",
            "source": 1,
            "dest": 2,
            "count": 6
        },
        {
            "id": "4_2",
            "source": 4,
            "dest": 2,
            "count": 1
        },
        {
            "id": "4_1",
            "source": 4,
            "dest": 1,
            "count": 3
        },
        {
            "id": "1_3",
            "source": 1,
            "dest": 3,
            "count": 5
        },
        {
            "id": "1_5",
            "source": 1,
            "dest": 5,
            "count": 3
        },
        {
            "id": "1_6",
            "source": 1,
            "dest": 6,
            "count": 4
        },
        {
            "id": "0_6",
            "source": 0,
            "dest": 6,
            "count": 2
        },
        {
            "id": "6_1",
            "source": 6,
            "dest": 1,
            "count": 3
        },
        {
            "id": "3_1",
            "source": 3,
            "dest": 1,
            "count": 2
        },
        {
            "id": "3_4",
            "source": 3,
            "dest": 4,
            "count": 1
        },
        {
            "id": "4_3",
            "source": 4,
            "dest": 3,
            "count": 1
        },
        {
            "id": "3_5",
            "source": 3,
            "dest": 5,
            "count": 1
        },
        {
            "id": "2_5",
            "source": 2,
            "dest": 5,
            "count": 1
        },
        {
            "id": "4_6",
            "source": 4,
            "dest": 6,
            "count": 1
        },
        {
            "id": "4_0",
            "source": 4,
            "dest": 0,
            "count": 1
        },
        {
            "id": "6_2",
            "source": 6,
            "dest": 2,
            "count": 1
        },
        {
            "id": "2_1",
            "source": 2,
            "dest": 1,
            "count": 1
        },
        {
            "id": "3_2",
            "source": 3,
            "dest": 2,
            "count": 1
        },
        {
            "id": "2_6",
            "source": 2,
            "dest": 6,
            "count": 1
        },
        {
            "id": "2_0",
            "source": 2,
            "dest": 0,
            "count": 1
        }
    ],
    "verbs": {
        "use": 43,
        "hijack": 1,
        "harvest": 1,
        "access": 4,
        "compromise": 3,
        "for": 5,
        "maintain": 3,
        "to": 9,
        "log": 1,
        "gain": 6,
        "have": 1,
        "extract": 1,
        "from": 2,
        "execute": 2,
        "stop": 1,
        "move": 1,
        "share": 1,
        "instruct": 1,
        "copy": 1,
        "infect": 1,
        "obtain": 7,
        "via": 1,
        "schedule": 1,
        "on": 3,
        "into": 1,
        "of": 4,
        "perform": 1,
        "send": 2,
        "exfiltrate": 1,
        "login": 1,
        "steal": 1,
        "navigate": 1,
        "be": 1,
        "escalate": 4,
        "during": 1,
        "with": 3,
        "protect with": 1,
        "steal from": 1,
        "gather": 1,
        "by": 2,
        "acquire": 1
    }
}