{
    "id": "T1090",
    "tech_id": "T1090",
    "tech_name": "Proxy",
    "best_phrases": [],
    "tactics": [
        "TA0011"
    ],
    "features": [
        "NETWORK",
        "FUNCTION",
        "COMPONENT",
        "DATA",
        "USER"
    ],
    "locations": [
        "Linux",
        "macOS",
        "Windows",
        "Network"
    ],
    "procedures": [
        "relationship--060a6b38-18fb-46ac-97c1-b1c40d493b6c",
        "relationship--14ab71d4-a158-41f2-82d4-c70f3121fa11",
        "relationship--1542332b-788b-4c1e-b5e5-69d032cb7814",
        "relationship--1a9510e3-0bb0-4469-bbf8-2d02a3a00d66",
        "relationship--1ab94260-498a-4090-85c9-54b89d8b6bb3",
        "relationship--1b27cec5-241a-4c2e-a3db-e9cea241496c",
        "relationship--2050b131-d5e1-419c-ad85-660fba4004d7",
        "relationship--2485b970-f934-4fdb-80a4-0e11c179845d",
        "relationship--2bd05bbf-886e-4211-8aab-63cd8581a695",
        "relationship--2e162cdf-e917-4bc5-a2d2-1623e05d0b61",
        "relationship--321703ba-7871-46c0-837e-6a2e1dc5aba9",
        "relationship--3393682e-22a6-4e27-b890-747f1392741b",
        "relationship--384c2ef7-ae14-4ba2-ad86-bfeea3c14f33",
        "relationship--3e16f380-633b-4d27-9249-9bcf25717f5a",
        "relationship--4393f669-4e67-4cd6-a89b-52907138fca7",
        "relationship--4c26e6e8-8303-44ad-9e5d-452dff52858f",
        "relationship--5ed5deda-543f-40f7-8f5d-df8f93c545e2",
        "relationship--5f6e76c5-732c-4bc8-9c17-ac1e58a5d88e",
        "relationship--62d56cae-9131-4088-ad0a-810a731d2a9f",
        "relationship--69c1806d-e6ae-4c11-bce6-8fbebd8bbee5",
        "relationship--6abb1f16-7e68-4b0d-a1ae-4001f5a7f87b",
        "relationship--6e23cb4f-61dd-4a6a-8c25-7eb79c376558",
        "relationship--6f7ee9ba-fb3d-4f22-a78a-8003da718ec4",
        "relationship--74bb0ae9-589c-4479-9bd5-b9a71a20e82d",
        "relationship--75aa57b2-5d2e-49ec-9c26-317b361632c3",
        "relationship--7c119557-d417-4708-a024-5be9c4d4d86c",
        "relationship--7c776fbc-592a-4643-bd4f-423546a4732e",
        "relationship--81eaf78c-2282-4e86-baa9-820020a54031",
        "relationship--82758a74-b7e2-4839-ad52-bdc6c57c0dba",
        "relationship--83e001e3-95d3-43d9-9f8c-8b954686287a",
        "relationship--8756af3a-a756-4e0d-a537-8cab1e983b9b",
        "relationship--8fd75064-d1b8-4b8c-b9ea-5b65a1cc0ea8",
        "relationship--92b8dedc-360a-4763-bc31-5f7b0a698460",
        "relationship--93900b40-be44-48eb-92bc-c171a5ce5501",
        "relationship--9df6635a-b3ed-494c-845e-b743e494861c",
        "relationship--a01e0e7c-1694-4a6a-8fea-4d4d8a83e034",
        "relationship--a03d084b-c216-4962-93e8-6c0dc8f0cb91",
        "relationship--a13feeb0-d376-4460-8335-f86c0f163d4b",
        "relationship--a637133c-2b07-4e57-8822-5c3bc4b584d7",
        "relationship--b150e3fd-54c0-49ec-a41f-860e92712344",
        "relationship--ba218f25-8703-4042-98b0-42afe1c49503",
        "relationship--bee75401-9e24-4c5d-9203-0b3cdca01cbf",
        "relationship--c1205923-690a-4bfb-9116-0a60eb931b26",
        "relationship--c2bbf923-e30e-4888-894c-7c8ba655c753",
        "relationship--c7f1b492-eea7-45d1-ab78-6794c7560c67",
        "relationship--c8df91dd-3060-4829-93a2-121b85b6c49b",
        "relationship--cb0931f7-4d6c-4f21-95a8-fd9d74ba30e0",
        "relationship--d3234cf8-0ef7-4447-ae3a-9624f3229265",
        "relationship--e55f295e-3531-4f53-bd0e-2c51994d8b44",
        "relationship--f38960c1-2f2a-42d4-96f0-661d91062af3",
        "relationship--fd3fde9b-3e7b-4e74-baff-94dc573c8366"
    ],
    "graph_nodes": [
        {
            "count": 39,
            "id": 0,
            "texts": [
                "NETWIRE",
                "KOCTOPUS",
                "SDBbot",
                "SombRAT",
                "Team",
                "AuditCred",
                "ZxShell",
                "HOPLIGHT",
                "POLONIUM",
                "CopyKittens",
                "WarzoneRAT",
                "LAPSUS$",
                "Blue Mockingbird",
                "BADCALL",
                "BADHATCH",
                "PLEAD",
                "Dridex",
                "HARDRAIN",
                "Kessel",
                "TSCookie",
                "Windigo",
                "APT41",
                "jRAT",
                "Green Lambert",
                "FunnyDream",
                "threat actors",
                "RainyDay",
                "Cardinal RAT",
                "Socksbot",
                "Fox Kitten",
                "Earth Lusca",
                "Magic Hound",
                "Ursnif",
                "Aria-body",
                "Bisonal",
                "APT41",
                "XTunnel",
                "KEYPLUG",
                "threat actors"
            ],
            "label": "ACTOR"
        },
        {
            "count": 12,
            "id": 1,
            "texts": [
                "use",
                "Volt Typhoon",
                "which",
                "MoustachedBouncer",
                "part",
                "that",
                "Cloudflare CDN",
                "\"Agent",
                "custom proxy tool",
                "use",
                "Scattered Spider",
                "targeted ESXi appliance"
            ],
            "label": "OTHER"
        },
        {
            "count": 85,
            "id": 2,
            "texts": [
                "proxies",
                "traffic",
                "open local ports",
                "Internet",
                "network traffic",
                "Fast Reverse Proxy",
                "FRP",
                "open source tools",
                "Earthworm",
                "Impacket",
                "proxy",
                "C2",
                "target host",
                "embedded SOCKS proxy",
                "C2 communications",
                "TCP socket connections",
                "C2 infrastructure",
                "internal proxy server",
                "traffic",
                "adversary-controlled C2",
                "internal servers",
                "internet",
                "proxy",
                "communications",
                "HTTP or SOCKS proxy",
                "local UPnP RPC proxies",
                "traffic",
                "reverse proxy",
                "connections",
                "firewalls",
                "NAT",
                "NordVPN",
                "Venom",
                "ssf",
                "frp",
                "SOCKS proxy connections",
                "SOCKS5 proxies",
                "tunneling",
                "proxying",
                "proxy server",
                "victim",
                "C2",
                "SOCKS4 and SOCKS5 proxies",
                "C2s",
                "C2s",
                "proxy tunnel",
                "network communications",
                "network traffic",
                "C2 traffic",
                "proxy server",
                "proxy",
                "communications",
                "C2",
                "generic Windows proxy",
                "C2 infrastructure",
                "proxies",
                "C2",
                "C2 traffic",
                "SOCKS proxy server",
                "proxies",
                "C2 traffic",
                "configured proxies",
                "C2 communication",
                "compromised network",
                "hops",
                "reverse proxy",
                "connections",
                "C2",
                "local servers",
                "reverse proxy",
                "SOCKS5",
                "proxy",
                "compromised servers",
                "Fast Reverse Proxy",
                "FRP",
                "RDP traffic",
                "peer-to-peer (P2P) network",
                "C2",
                "proxy server",
                "network communications",
                "traffic",
                "victim",
                "C2",
                "C2 communications",
                "domains"
            ],
            "label": "NETWORK"
        },
        {
            "count": 7,
            "id": 3,
            "texts": [
                "modified version",
                "compromised devices",
                "customized versions",
                "egress points",
                "remote host access",
                "configuration",
                "location"
            ],
            "label": "DATA"
        },
        {
            "count": 45,
            "id": 4,
            "texts": [
                "Invoke-Ngrok",
                "Fast Reverse Proxy",
                "FRP",
                "open source tools",
                "Earthworm",
                "Impacket",
                "port forwarding",
                "HTRAN",
                "BCS-server tool",
                "Turla RPC backdoors",
                "proxy options",
                "malware",
                "remote operators",
                "AirVPN service",
                "operational activity",
                "capability",
                "ngrok",
                "Venom",
                "ssf",
                "frp",
                "Remcos",
                "tunneling",
                "proxying",
                "netsh",
                "reverse proxy tool",
                "backconnect module",
                "P2P botnet",
                "command cmd.exe /c netsh firewall add portopening TCP 443 \"adp\"",
                "Glubteta.M.",
                "PoshC2",
                "modules",
                "TYPEFRAME variant",
                "\"Agent",
                "custom proxy tool",
                "support",
                "proxy tools",
                "reverse proxy functionality",
                "SOCKS proxy threads",
                "open source reverse proxy tools",
                "QuasarRAT",
                "reverse SOCKS proxy module",
                "CLASSFON",
                "tool",
                "open-source rsocx reverse proxy tool",
                "ExpressVPN service"
            ],
            "label": "FUNCTION"
        },
        {
            "count": 15,
            "id": 5,
            "texts": [
                "compromised devices",
                "customized versions",
                "C2",
                "target host",
                "machines",
                "infected hosts",
                "compromised machine",
                "infected host",
                "computer",
                "Infected computers",
                "victim machine",
                "Win32",
                "compromised system",
                "Cloudflare",
                "Cloudflare CDN associated infrastructure"
            ],
            "label": "COMPONENT"
        },
        {
            "count": 7,
            "id": 6,
            "texts": [
                "intended victims",
                "victim",
                "C2",
                "victim",
                "infected peers",
                "victim",
                "C2"
            ],
            "label": "USER"
        }
    ],
    "graph_edges": [
        {
            "id": "0_1",
            "source": 0,
            "dest": 1,
            "count": 4
        },
        {
            "id": "1_2",
            "source": 1,
            "dest": 2,
            "count": 7
        },
        {
            "id": "0_3",
            "source": 0,
            "dest": 3,
            "count": 4
        },
        {
            "id": "0_2",
            "source": 0,
            "dest": 2,
            "count": 36
        },
        {
            "id": "3_4",
            "source": 3,
            "dest": 4,
            "count": 2
        },
        {
            "id": "1_3",
            "source": 1,
            "dest": 3,
            "count": 1
        },
        {
            "id": "1_5",
            "source": 1,
            "dest": 5,
            "count": 1
        },
        {
            "id": "3_2",
            "source": 3,
            "dest": 2,
            "count": 1
        },
        {
            "id": "5_4",
            "source": 5,
            "dest": 4,
            "count": 2
        },
        {
            "id": "5_2",
            "source": 5,
            "dest": 2,
            "count": 5
        },
        {
            "id": "0_4",
            "source": 0,
            "dest": 4,
            "count": 18
        },
        {
            "id": "2_5",
            "source": 2,
            "dest": 5,
            "count": 4
        },
        {
            "id": "4_2",
            "source": 4,
            "dest": 2,
            "count": 17
        },
        {
            "id": "4_0",
            "source": 4,
            "dest": 0,
            "count": 1
        },
        {
            "id": "2_4",
            "source": 2,
            "dest": 4,
            "count": 1
        },
        {
            "id": "0_6",
            "source": 0,
            "dest": 6,
            "count": 1
        },
        {
            "id": "2_3",
            "source": 2,
            "dest": 3,
            "count": 1
        },
        {
            "id": "4_5",
            "source": 4,
            "dest": 5,
            "count": 3
        },
        {
            "id": "2_6",
            "source": 2,
            "dest": 6,
            "count": 4
        },
        {
            "id": "4_3",
            "source": 4,
            "dest": 3,
            "count": 1
        },
        {
            "id": "3_5",
            "source": 3,
            "dest": 5,
            "count": 1
        },
        {
            "id": "1_4",
            "source": 1,
            "dest": 4,
            "count": 4
        },
        {
            "id": "5_6",
            "source": 5,
            "dest": 6,
            "count": 1
        },
        {
            "id": "5_1",
            "source": 5,
            "dest": 1,
            "count": 1
        },
        {
            "id": "0_5",
            "source": 0,
            "dest": 5,
            "count": 4
        },
        {
            "id": "4_1",
            "source": 4,
            "dest": 1,
            "count": 1
        }
    ],
    "verbs": {
        "implement": 1,
        "of": 9,
        "pivot": 1,
        "deploy": 1,
        "expose": 1,
        "to": 9,
        "use": 27,
        "proxy": 7,
        "establish": 3,
        "between": 4,
        "in": 4,
        "obfuscate": 1,
        "create": 1,
        "redirect": 2,
        "from": 2,
        "utilize": 1,
        "for": 18,
        "set": 3,
        "include": 1,
        "have": 3,
        "mask": 1,
        "as": 11,
        "locate behind": 1,
        "target": 1,
        "allow": 3,
        "connect": 2,
        "emulate": 1,
        "on": 2,
        "tunnel": 1,
        "contain": 2,
        "by": 1,
        "become": 1,
        "relay": 2,
        "with": 1,
        "deliver": 3,
        "force": 1,
        "start": 1,
        "over": 1,
        "adopt": 1,
        "support": 1,
        "instal": 1,
        "hide": 1
    }
}