{
    "id": "T1095",
    "tech_id": "T1095",
    "tech_name": "Non-Application Layer Protocol",
    "best_phrases": [],
    "tactics": [
        "TA0011"
    ],
    "features": [
        "NETWORK",
        "FUNCTION",
        "DATA",
        "COMPONENT",
        "ENCRYPTION"
    ],
    "locations": [
        "Windows",
        "Linux",
        "macOS",
        "Network"
    ],
    "procedures": [
        "relationship--04610729-6f83-48d4-9f5b-1c1c4a39df3a",
        "relationship--077ab82e-3847-4dab-80e2-5dc0ea7d8e9e",
        "relationship--090813dc-b370-42e1-a211-4d9e3247968a",
        "relationship--0997f41a-0232-4331-8a11-11a6433d8343",
        "relationship--0b932e1a-e0a1-4123-bcfe-6957b9ef2409",
        "relationship--151da49e-c3ee-4615-b62e-c8a3c93a32a6",
        "relationship--1984ba26-2309-49db-8c42-75951d0ef678",
        "relationship--1aee2c50-660a-42ee-816d-5823ade525f3",
        "relationship--20c30f4a-ff6f-4861-a88a-77d437374994",
        "relationship--2eaea386-ee0f-42c4-bca1-ce2d22062f98",
        "relationship--2fe54d3f-0ac2-4579-8e78-81dc11b6386e",
        "relationship--345c6135-7557-4292-8214-66618ba17edd",
        "relationship--3717f0c2-0963-4b6c-9603-bb01c06b9fe6",
        "relationship--37b9ae2f-a386-41aa-90be-497de2d580f5",
        "relationship--3957be97-305f-4d42-9978-868cb83918a2",
        "relationship--3f424011-cde1-4ed5-b067-3cb4d6193d72",
        "relationship--40622bce-ea51-4744-9240-4a4c4bf83753",
        "relationship--45ef2a23-61b6-4f78-9d86-58a2d50a4ee0",
        "relationship--4b387706-db60-46d2-bba4-148571381e60",
        "relationship--4bd30351-b64b-47cb-897b-951b76ca668b",
        "relationship--4ee54acd-fc04-43c2-8cf6-2200a802d0b9",
        "relationship--4fb5c14c-5a08-4116-bbb7-d6822649dfa0",
        "relationship--51c5e624-d08e-4750-91f9-fdc98ec56552",
        "relationship--55b8f35b-7ccc-4da7-9ab1-40fe148cd182",
        "relationship--5be3684a-cb63-4328-bba0-22f14298b920",
        "relationship--5e168a94-8882-4e6d-bc61-e86588b52242",
        "relationship--5e53b45b-ca14-4e8b-8c76-0cf9cb572a92",
        "relationship--647cf3e6-dcb2-4da2-a60d-b3118cb966bc",
        "relationship--66200ea6-03b8-4c4f-a1d4-9041ddc70d8a",
        "relationship--67f82f6c-18f1-4f1e-8352-b7ecf8839ea2",
        "relationship--6b9778e3-14f7-4609-8621-d24e2a40c032",
        "relationship--6daa0c15-e73b-4b0f-8069-8f89638bf6fd",
        "relationship--7b510a6f-3e11-49b3-bf97-a1ca24bca663",
        "relationship--7bf27f61-0191-4c20-ae96-96c38322470d",
        "relationship--7e9168ae-f0dd-4223-bc4b-9f94b08f99ac",
        "relationship--8f8adede-8b7a-460d-b852-b52328df178a",
        "relationship--a726ffe8-d192-4f40-be21-ba2ffe32c670",
        "relationship--a7cdf456-9ad0-402b-a914-5f1ebcd873a3",
        "relationship--a877e5c0-3fe6-40bb-bd02-ef4a9465aba3",
        "relationship--ae3c0dc8-de95-40bc-bced-a3c61d7ad605",
        "relationship--b23da7b5-0d2d-4cfa-a2ad-ea89d86fecc6",
        "relationship--b41abaa3-a21f-4d2c-9c60-c90c4f360b00",
        "relationship--b46d0c20-61f1-4ab4-be3b-fa7dace805f0",
        "relationship--b499e6f7-77bc-422b-b7ef-058d223a69e6",
        "relationship--b4cec817-37bb-4b1f-b165-26241efdcea0",
        "relationship--b7f887ee-e0e5-4cab-9898-6dfed9b86f31",
        "relationship--b9b0e376-f249-432f-a0d3-dfa259b4757a",
        "relationship--c4aec6a5-2c11-45a2-8c79-8cccf85179cb",
        "relationship--c52eb151-c8c5-45f1-984b-d99a12ca05cf",
        "relationship--c65d4006-003c-4aff-a8c7-bd5834678b58",
        "relationship--c83da269-9c77-4941-bf69-8e79bdfa5edf",
        "relationship--c904b6b7-52f4-42fe-b921-bb5a490c0c3f",
        "relationship--cbe08a78-7997-4aef-9b29-b4b002accbc3",
        "relationship--cbf2f9fe-e61b-4a04-a135-d1f6c4ec6cc3",
        "relationship--ce59452d-d258-435f-aa91-329de56eba8e",
        "relationship--cef7d272-ee0c-4379-9d7b-63adf1f40252",
        "relationship--d580bb98-25fb-4cf4-9b3f-79b007939202",
        "relationship--d661c7eb-11bb-4ef4-804e-665cc361789c",
        "relationship--d6c628b9-789a-416b-8abe-cd457e566346",
        "relationship--d6cb7440-c39c-4bc2-b30e-5264a7f8753c",
        "relationship--d92f4be1-6745-45a2-bfbb-c4cb227682d2",
        "relationship--d942783e-906f-4d2c-963b-1cc2f8429ff1",
        "relationship--dd2c9cb1-9c5a-4c97-83e4-4beee309a7cb",
        "relationship--df4b49f1-71ca-4744-8554-47bf36174d89",
        "relationship--e7ac3ee3-a014-4b07-9bad-b93d3d1d0f4b",
        "relationship--e7f27ed5-a90a-49c0-bd81-a10a98f77574",
        "relationship--e9500f3a-11d5-46f5-96d8-14313b95142e",
        "relationship--eaf4c445-8af9-48b7-9971-01a371145fde",
        "relationship--f503c254-b86c-433e-8107-585c53f23b6e",
        "relationship--fc99ba1c-8782-4864-9009-77f8338cb3ed",
        "relationship--fce7fac2-91da-4903-95dc-fb54650c0859",
        "relationship--fee0eb4c-b629-45ea-ae20-d8f037fd658e",
        "relationship--ff5b6f0f-df63-4561-8c62-4894b3e424b7",
        "relationship--ffcb5325-43d1-4b54-a9a5-f785c628136e"
    ],
    "graph_nodes": [
        {
            "count": 58,
            "id": 0,
            "texts": [
                "OSX_OCEANLOTUS.D",
                "Anchor",
                "Cobalt Strike",
                "NETWIRE",
                "Taidoor",
                "RCSession",
                "BITTER",
                "Nebulae",
                "Gelsemium",
                "WellMail",
                "ShadowPad",
                "RainyDay",
                "Aria-body",
                "threat actors",
                "Clambling",
                "MacMa",
                "TSCookie",
                "SUGARUSH",
                "Metador",
                "Remsec",
                "FunnyDream",
                "Metamorfo",
                "Mafalda",
                "PHOREAL",
                "HAFNIUM",
                "PlugX",
                "Carbon",
                "AuTo Stealer",
                "RARSTONE",
                "Uroburos",
                "Drovorub",
                "InvisiMole",
                "metaMain",
                "Bisonal",
                "MoonWind",
                "HiddenWasp",
                "QUIETEXIT",
                "Pay2Key",
                "SombRAT",
                "Bandook",
                "gh0st RAT",
                "SDBbot",
                "WarzoneRAT",
                "LookBack",
                "QakBot",
                "RotaJakiro",
                "BUBBLEWRAP",
                "Umbreon",
                "Derusbi",
                "PLATINUM",
                "threat actors",
                "Crimson",
                "FIN6",
                "BackdoorDiplomacy",
                "Royal",
                "Cryptoistic",
                "KEYPLUG",
                "Sardonic"
            ],
            "label": "ACTOR"
        },
        {
            "count": 121,
            "id": 1,
            "texts": [
                "custom binary protocol",
                "C2 traffic",
                "port",
                "TCP",
                "ICMP",
                "UDP",
                "C2 communications",
                "SSL",
                "C2s",
                "TCP",
                "UDP",
                "C2 communications",
                "TCP",
                "UDP",
                "communication",
                "C2 communications",
                "WINDSHIELD C2 traffic",
                "TCP raw sockets",
                "ICMP",
                "destination server",
                "raw TCP",
                "TCP",
                "ICMP",
                "UDP",
                "C2",
                "TCP",
                "C2s",
                "SSL",
                "communication",
                "C2",
                "legitimate protocols",
                "TCP",
                "ICMP",
                "UDP",
                "TCP",
                "TCP",
                "custom TCP",
                "ICMP",
                "UDP",
                "outbound communications",
                "indirect and raw TCP socket-based connection",
                "C2",
                "custom TCP",
                "network communication",
                "raw sockets",
                "TCP",
                "network protocol",
                "Misdat network traffic",
                "raw socket",
                "TCP connection",
                "initial connection",
                "C2",
                "TCP",
                "C2",
                "raw TCP",
                "C2",
                "TCP sockets",
                "ICMP",
                "C2",
                "custom protocol",
                "TLS",
                "TCP",
                "raw TCP socket",
                "TCP",
                "C2 communication",
                "encrypted protocol",
                "C2",
                "TCP segments",
                "port",
                "C2",
                "TCP",
                "C2s",
                "TCP",
                "ICMP",
                "proxy",
                "UDP/6000",
                "Port Number",
                "C2 IP address",
                "TCP connection",
                "socket",
                "ensuing connection",
                "custom binary protocol",
                "C2 communications",
                "sockets",
                "TCP",
                "C2 packets",
                "custom binary protocol",
                "TCP",
                "SOCKS",
                "protocol",
                "SSH",
                "raw socket",
                "random source port",
                "C2",
                "Intel\u00ae Active Management Technology (AMT) Serial-over-LAN (SOL) channel",
                "C2",
                "custom protocol",
                "C2",
                "TCP and UDP packets",
                "Mis-Type network traffic",
                "raw socket",
                "TCP",
                "external C2",
                "custom TCP protocol",
                "C2",
                "network tunneling",
                "TCP socket",
                "C2 communication",
                "TCP",
                "communications",
                "C2",
                "SOCKS5 connections",
                "initial C2",
                "ICMP",
                "UDP",
                "TCP",
                "KCP",
                "KERN Communications Protocol",
                "C2 communication",
                "C2s",
                "custom little-endian binary protocol"
            ],
            "label": "NETWORK"
        },
        {
            "count": 28,
            "id": 2,
            "texts": [
                "variants",
                "FakeM",
                "custom methodologies",
                "distinct sessions",
                "agent and client modules",
                "modules",
                "Winnti",
                "Winnti",
                "Mythic",
                "Reaver variants",
                "PipeMon communication module",
                "command",
                "QuasarRAT",
                "PingPull variants",
                "beacons",
                "NETEAGLE",
                "commands",
                "ability",
                "PAM",
                "Penquin C2 mechanism",
                "Brute Ratel C4",
                "Metasploit Bind and Reverse TCP stagers",
                "EarthWorm",
                "SOCKS5 server and port transfer functionalities",
                "API",
                "WSASocketW.",
                "APT3 downloader",
                "Regin malware platform"
            ],
            "label": "FUNCTION"
        },
        {
            "count": 5,
            "id": 3,
            "texts": [
                "custom JSON-based protocol",
                "part",
                "which",
                "31800",
                "31900"
            ],
            "label": "OTHER"
        },
        {
            "count": 8,
            "id": 4,
            "texts": [
                "information",
                "WebSocket and TCP-based C2 profiles",
                "data",
                "Port Number",
                "C2 IP address",
                "DWORDs",
                "type, length, value format",
                "access"
            ],
            "label": "DATA"
        },
        {
            "count": 5,
            "id": 5,
            "texts": [
                "Linux",
                "Windows",
                "infected machine",
                "system",
                "infected computers"
            ],
            "label": "COMPONENT"
        },
        {
            "count": 1,
            "id": 6,
            "texts": [
                "public key"
            ],
            "label": "ENCRYPTION"
        }
    ],
    "graph_edges": [
        {
            "id": "0_1",
            "source": 0,
            "dest": 1,
            "count": 51
        },
        {
            "id": "2_1",
            "source": 2,
            "dest": 1,
            "count": 27
        },
        {
            "id": "0_3",
            "source": 0,
            "dest": 3,
            "count": 2
        },
        {
            "id": "3_1",
            "source": 3,
            "dest": 1,
            "count": 2
        },
        {
            "id": "0_4",
            "source": 0,
            "dest": 4,
            "count": 3
        },
        {
            "id": "4_1",
            "source": 4,
            "dest": 1,
            "count": 3
        },
        {
            "id": "0_2",
            "source": 0,
            "dest": 2,
            "count": 9
        },
        {
            "id": "2_5",
            "source": 2,
            "dest": 5,
            "count": 3
        },
        {
            "id": "2_4",
            "source": 2,
            "dest": 4,
            "count": 2
        },
        {
            "id": "1_3",
            "source": 1,
            "dest": 3,
            "count": 3
        },
        {
            "id": "0_6",
            "source": 0,
            "dest": 6,
            "count": 1
        },
        {
            "id": "6_1",
            "source": 6,
            "dest": 1,
            "count": 2
        },
        {
            "id": "1_5",
            "source": 1,
            "dest": 5,
            "count": 1
        },
        {
            "id": "1_4",
            "source": 1,
            "dest": 4,
            "count": 2
        },
        {
            "id": "2_3",
            "source": 2,
            "dest": 3,
            "count": 1
        },
        {
            "id": "4_2",
            "source": 4,
            "dest": 2,
            "count": 1
        },
        {
            "id": "1_2",
            "source": 1,
            "dest": 2,
            "count": 2
        },
        {
            "id": "4_5",
            "source": 4,
            "dest": 5,
            "count": 1
        }
    ],
    "verbs": {
        "use": 42,
        "for": 31,
        "over": 12,
        "in": 9,
        "of": 2,
        "communicate": 5,
        "by": 7,
        "receive": 2,
        "on": 3,
        "encrypt": 1,
        "with": 8,
        "ride": 1,
        "download": 1,
        "establish": 4,
        "to": 6,
        "complete": 1,
        "support": 1,
        "as": 2,
        "send": 3,
        "ping": 1,
        "base on": 1,
        "have": 2,
        "within": 1,
        "configure on": 1,
        "retrieve": 1,
        "initiate": 1,
        "be": 1,
        "specify": 1,
        "provide": 1,
        "between": 2
    }
}