{
    "id": "T1102.002",
    "tech_id": "T1102.002",
    "tech_name": "Bidirectional Communication",
    "best_phrases": [],
    "tactics": [
        "TA0011"
    ],
    "features": [
        "NETWORK",
        "FUNCTION",
        "COMPONENT",
        "DATA",
        "DIRECTORY"
    ],
    "locations": [
        "Linux",
        "macOS",
        "Windows"
    ],
    "procedures": [
        "relationship--033a5e59-ab65-485b-a9c0-775977e8abd0",
        "relationship--092ae5be-2a12-46ff-8122-2e308d954401",
        "relationship--0d7e0555-3176-4ebe-b067-6e557e9040a9",
        "relationship--0f3a304a-574d-4ccc-b7d6-c546cd27fedd",
        "relationship--17d85f51-c89f-440c-be28-5f74d9264723",
        "relationship--1a04e8c4-f697-446b-810a-8162ad7353ef",
        "relationship--2244e21e-b7f6-476f-8f58-67db772f9736",
        "relationship--233d1a32-f826-4705-a535-806edee8a5aa",
        "relationship--234dc427-cce0-45d5-9971-02890aff608d",
        "relationship--270a7179-63db-479d-95e5-84dccbe1aa3a",
        "relationship--2b789109-44c7-4195-8df8-50b1e09b1a69",
        "relationship--30e68a86-bbfc-4677-9815-b256be560f09",
        "relationship--322fcce0-fe46-48f2-b57c-01b73b316339",
        "relationship--32bb5463-c8b5-4ba1-bc13-b242548d5aba",
        "relationship--3674346a-5212-4b42-9c1d-3e73eee95d06",
        "relationship--3f37a188-b994-4191-aee1-56d0c60101e1",
        "relationship--45952aea-8bd7-4f6d-8b23-ee2914860454",
        "relationship--53a66a44-0620-4edc-bb9d-c40cfcb17546",
        "relationship--5a49400c-2003-463c-8e6e-97b79f560675",
        "relationship--5a73d370-7d3d-45ff-b096-acd5bcacad08",
        "relationship--5b875be8-3849-46e2-80cb-dec502f78f52",
        "relationship--5ebd97d4-1979-40b2-b38b-b6ed44a2f32f",
        "relationship--6ff34c78-2c85-4be5-b3db-0ec8543087d9",
        "relationship--79c960d7-edf2-4005-8c0a-31acd830ca8a",
        "relationship--79f89b33-046c-4bfa-a12d-c50fa0d84ea6",
        "relationship--7fcd4b9b-87e3-4e8c-abde-84639c85467f",
        "relationship--82c32444-f9a1-4370-b72c-2db8c91e9ac3",
        "relationship--83bab2a0-5cbc-406e-beaf-a657ef73717d",
        "relationship--8c9f23e6-2665-45b3-9c28-53a9335b16ce",
        "relationship--8d4a82db-fce4-4dcc-a0d3-8aa14cbf2ee3",
        "relationship--9420f3cb-bd87-4dae-b8a7-0f1a5a14da55",
        "relationship--a732c265-07f0-4e9b-a42c-0df6277e5b27",
        "relationship--a7e27068-7c65-45a0-968e-4871720f3348",
        "relationship--ac4e0574-879e-4155-84ed-5b2d8be0b603",
        "relationship--ada291f4-524c-4400-9425-0936a03d4a41",
        "relationship--b45c7b78-55c7-4418-ab03-9f805de7376d",
        "relationship--bb8149a2-fdda-4c3a-9e02-f530c4ee7962",
        "relationship--c2178e88-74c3-4bc6-b8c5-f6bbc95fc65a",
        "relationship--c2fcdaf4-f4e7-446d-8b92-7a9df7ccc1f8",
        "relationship--d122e56a-b0d7-4eb2-bcee-def5d4cbf5bd",
        "relationship--d66da21d-1a8c-4b32-b700-f1d3d938b57e",
        "relationship--da759124-8047-4b58-b7d4-fa9300cb4ce1",
        "relationship--dd7f2e12-d646-4a89-9ba6-4f20e88fb7db",
        "relationship--e8ea86ae-0cdc-4521-a9da-357e53514115",
        "relationship--f309c2e1-779f-4ff4-b6b7-579aca478239",
        "relationship--fd6055a0-7db2-4135-a87f-156354c97f0b"
    ],
    "graph_nodes": [
        {
            "count": 41,
            "id": 0,
            "texts": [
                "PowerStallion",
                "BoxCaon",
                "APT29",
                "Crutch",
                "Clambling",
                "Orz",
                "CozyCar",
                "yty",
                "Kimsuky",
                "SLOWDRIFT",
                "Grandoreiro",
                "CreepyDrive",
                "DOGCALL",
                "HEXANE",
                "POLONIUM",
                "RegDuke",
                "APT37",
                "Comnie",
                "BADNEWS",
                "UBoatRAT",
                "Lazarus Group",
                "APT12",
                "APT39",
                "ComRAT",
                "Revenge RAT",
                "campaign",
                "RogueRobin",
                "LOWBALL",
                "BLUELIGHT",
                "Kazuar",
                "Carbanak",
                "FIN7",
                "ROKRAT",
                "GLOOXMAIL",
                "KARAE",
                "POORAIM",
                "Sandworm Team",
                "APT28",
                "MuddyWater",
                "ZIRCONIUM",
                "BLACKCOFFEE"
            ],
            "label": "ACTOR"
        },
        {
            "count": 48,
            "id": 1,
            "texts": [
                "Microsoft OneDrive",
                "network drive",
                "DropBox",
                "Dropbox",
                "Dropbox",
                "Box",
                "OneDrive",
                "cloud services",
                "Yandex",
                "Cloud",
                "cloud storage APIs",
                "Dropbox",
                "DropBox",
                "Box",
                "Mediafire",
                "Twitter",
                "AOL",
                "pCloud",
                "Yandex",
                "Dropbox",
                "tumbler",
                "BlogSpot",
                "GitHub",
                "Github",
                "RSS feeds",
                "forums",
                "blogs",
                "C2 channels",
                "GitHub",
                "public blog service",
                "GitHub",
                "DropBox",
                "Google Drive",
                "Dropbox cloud storage service",
                "Dropbox",
                "GitHub",
                "Google Scripts",
                "Pastebin",
                "legitimate services",
                "Google Docs",
                "Twitter",
                "Dropbox",
                "Yandex",
                "Mediafire",
                "Google Drive",
                "Dropbox",
                "Github",
                "sites"
            ],
            "label": "COMPONENT"
        },
        {
            "count": 75,
            "id": 2,
            "texts": [
                "C2",
                "C2 communications",
                "social media platforms",
                "communications",
                "C2s",
                "Technet and Pastebin web pages",
                "C2",
                "Twitter",
                "backup C2 channel",
                "C2",
                "Blogspot pages",
                "C2",
                "C2",
                "C2",
                "social networking sites",
                "cloud platforms",
                "Box",
                "Mediafire",
                "Twitter",
                "AOL",
                "pCloud",
                "Yandex",
                "Dropbox",
                "C2",
                "blogs",
                "third-party sites",
                "tumbler",
                "BlogSpot",
                "GitHub",
                "DNS-based blocking",
                "communication",
                "C2",
                "Github",
                "RSS feeds",
                "forums",
                "blogs",
                "C2 channels",
                "C2 communications",
                "C2",
                "WordPress",
                "blogs",
                "C2 infrastructure",
                "C2",
                "primary C2",
                "C2",
                "C2",
                "C2 channel",
                "C2",
                "C2",
                "compromised WordPress blogs",
                "C2s",
                "C2",
                "C2",
                "C2",
                "legitimate social networking sites",
                "cloud platforms",
                "C2 communications",
                "Twitter",
                "Dropbox",
                "Yandex",
                "Mediafire",
                "servers",
                "Jabber/XMPP protocol",
                "C2",
                "AOL Instant Messenger",
                "C2",
                "Telegram Messenger",
                "C2",
                "messages",
                "Telegram Messenger",
                "C2",
                "C2 traffic",
                "normal traffic",
                "Github",
                "sites"
            ],
            "label": "NETWORK"
        },
        {
            "count": 50,
            "id": 3,
            "texts": [
                "net use",
                "commands",
                "payloads",
                "commands",
                "CALENDAR malware",
                "events",
                "Google Calendar",
                "cloud based services",
                "web services",
                "social networking sites",
                "cloud platforms",
                "GitHub",
                "public blog service",
                "hosted image payloads",
                "variant",
                "CloudDuke",
                "commands",
                "stolen data",
                "operators",
                "commands",
                "blogpost.com",
                "Magic Hound malware",
                "SOAP Web service",
                "Turla JavaScript backdoor",
                "Google Apps Script",
                "\"ggldr",
                "VBScript",
                "Google Apps Script, Sheets, and Forms services",
                "Empire",
                "Google Scripts",
                "Pastebin",
                "legitimate services",
                "Google Docs",
                "legitimate social networking sites",
                "cloud platforms",
                "Telegram Bot API",
                "commands",
                "legitimate M.E.Doc software update check requests",
                "payloads",
                "putdrive.com",
                "Python backdoor",
                "commands",
                "Telegram Bot API",
                "web services",
                "remote access tools",
                "execution",
                "upload",
                "download",
                "command",
                "arbitrary commands"
            ],
            "label": "FUNCTION"
        },
        {
            "count": 18,
            "id": 4,
            "texts": [
                "stolen data",
                "information",
                "Twitter accounts",
                "configuration file",
                "C2 data",
                "Github",
                "RSS feeds",
                "forums",
                "blogs",
                "C2 channels",
                "command execution output",
                "files",
                "files",
                "Microsoft OneDrive account",
                "commands",
                "stolen data",
                "information",
                "files"
            ],
            "label": "DATA"
        },
        {
            "count": 20,
            "id": 5,
            "texts": [
                "use",
                "Google Doc",
                "cloud ",
                "Box",
                "OneDrive",
                "cloud services",
                "Yandex",
                "Cloud",
                "cloud storage APIs",
                "Dropbox",
                "DropBox",
                "Hong Kong",
                "Gmail web UI",
                "cloud providers",
                "\"ggldr",
                "VBScript",
                "that",
                "Google",
                "public cloud-based storage providers",
                "Sieve"
            ],
            "label": "OTHER"
        },
        {
            "count": 1,
            "id": 6,
            "texts": [
                "directories"
            ],
            "label": "DIRECTORY"
        }
    ],
    "graph_edges": [
        {
            "id": "0_1",
            "source": 0,
            "dest": 1,
            "count": 15
        },
        {
            "id": "0_2",
            "source": 0,
            "dest": 2,
            "count": 43
        },
        {
            "id": "1_2",
            "source": 1,
            "dest": 2,
            "count": 11
        },
        {
            "id": "2_1",
            "source": 2,
            "dest": 1,
            "count": 3
        },
        {
            "id": "1_3",
            "source": 1,
            "dest": 3,
            "count": 1
        },
        {
            "id": "0_3",
            "source": 0,
            "dest": 3,
            "count": 22
        },
        {
            "id": "0_4",
            "source": 0,
            "dest": 4,
            "count": 7
        },
        {
            "id": "3_5",
            "source": 3,
            "dest": 5,
            "count": 3
        },
        {
            "id": "5_3",
            "source": 5,
            "dest": 3,
            "count": 3
        },
        {
            "id": "2_4",
            "source": 2,
            "dest": 4,
            "count": 1
        },
        {
            "id": "0_5",
            "source": 0,
            "dest": 5,
            "count": 6
        },
        {
            "id": "3_2",
            "source": 3,
            "dest": 2,
            "count": 14
        },
        {
            "id": "5_2",
            "source": 5,
            "dest": 2,
            "count": 6
        },
        {
            "id": "1_5",
            "source": 1,
            "dest": 5,
            "count": 1
        },
        {
            "id": "4_6",
            "source": 4,
            "dest": 6,
            "count": 1
        },
        {
            "id": "4_1",
            "source": 4,
            "dest": 1,
            "count": 1
        },
        {
            "id": "3_4",
            "source": 3,
            "dest": 4,
            "count": 3
        },
        {
            "id": "4_3",
            "source": 4,
            "dest": 3,
            "count": 1
        },
        {
            "id": "3_0",
            "source": 3,
            "dest": 0,
            "count": 1
        },
        {
            "id": "3_1",
            "source": 3,
            "dest": 1,
            "count": 2
        }
    ],
    "verbs": {
        "use": 41,
        "as": 16,
        "by": 3,
        "map with": 1,
        "for": 36,
        "hide": 1,
        "to": 8,
        "receive": 7,
        "upload": 1,
        "download": 2,
        "send": 1,
        "of": 5,
        "in": 3,
        "specify in": 1,
        "retrieve": 1,
        "basedon": 1,
        "utilize": 1,
        "avoid": 1,
        "pull": 1,
        "commit": 1,
        "with": 2,
        "exchange": 1,
        "exfiltrate": 1,
        "during": 2,
        "communicate": 1,
        "limit": 1,
        "operate": 1,
        "host": 1,
        "on": 2,
        "from": 2,
        "distribute": 1,
        "allow": 1,
        "execute": 1,
        "obfuscate": 1
    }
}