{
    "id": "T1105",
    "tech_id": "T1105",
    "tech_name": "Ingress Tool Transfer",
    "best_phrases": [],
    "tactics": [
        "TA0011"
    ],
    "features": [
        "FUNCTION",
        "DATA",
        "COMPONENT",
        "NETWORK",
        "USER",
        "REGISTRY",
        "ENCRYPTION",
        "DIRECTORY"
    ],
    "locations": [
        "Linux",
        "macOS",
        "Windows"
    ],
    "procedures": [
        "relationship--00de3cf9-73c4-4b04-a074-a5d73e9b61de",
        "relationship--0109ee05-c2a9-4dcf-80d1-f859500c97c9",
        "relationship--0110e04e-5812-4b69-9700-037b52d3ebb4",
        "relationship--0177d430-a0b9-4f2f-8c66-8dfa4391611a",
        "relationship--02c8a28f-c188-47a9-ab93-d9abb862abab",
        "relationship--035dca04-cf9e-45ac-a037-f171b06078e6",
        "relationship--03c86a72-8298-4558-afc7-19cc09da4ff5",
        "relationship--03d6c33c-22d4-484f-8f16-8d49c307da80",
        "relationship--0485006f-c4f6-4657-85a0-6beec8d9368a",
        "relationship--04ecc705-0027-4dda-85fe-d6ce028ef05e",
        "relationship--05dc9f8c-a1ea-4cdf-ae86-e98af40d5bd7",
        "relationship--05ff481d-299f-4b72-9210-f07e7c5bf938",
        "relationship--07ab4fde-e1fd-4740-863e-c40cc8722d32",
        "relationship--083cbf6f-82e3-4d78-b18f-aa2d1f566713",
        "relationship--0a8e3f80-f415-450c-9976-feb917facd8a",
        "relationship--0aebf9e4-9730-45ce-877d-f78432c13fad",
        "relationship--0b15b2f4-ba30-4393-88ec-08235206bfac",
        "relationship--0bde7434-49de-40c4-906c-fc5f3bfc6d16",
        "relationship--0d88d99d-88b0-4e49-b2c3-3607a32069ed",
        "relationship--0e12d7d1-5c46-4314-97fb-263853eed6af",
        "relationship--0e7cace2-18db-4068-8a99-3dc66ed24741",
        "relationship--0e8a0760-f21e-4936-80a1-769c7ef61950",
        "relationship--0efece7a-dc3a-46e1-b56c-7db9e3b61149",
        "relationship--0f47a6e7-af7e-4e23-a401-4dec08da4e64",
        "relationship--0f55c28a-835f-4a85-a733-8fac5b819dcf",
        "relationship--0f7e7dc5-ea9c-4d9e-9acd-5fa0dd25910a",
        "relationship--107e2686-a764-4ace-9200-43ead29ce579",
        "relationship--107f8870-4adf-4f63-acf2-d28677905235",
        "relationship--10806c6b-100d-456b-bb05-62d90713be64",
        "relationship--10974f3d-30fc-4ab6-b691-21acff792a05",
        "relationship--115562b8-9d7c-435e-af6e-0be6249742d0",
        "relationship--116996cd-b855-4730-814d-869fd90e7ce1",
        "relationship--117ecbd3-b4cd-4ad2-a5f4-30ba79563406",
        "relationship--1251d1e2-21d3-48f2-a869-44507b34943a",
        "relationship--1255a34c-e280-4b16-b606-7b03682cd76d",
        "relationship--128afec2-d9a5-4433-89d9-0cc65abf15bd",
        "relationship--137f13ee-0607-47ba-952b-dbe39c1330bb",
        "relationship--138c4559-eae3-49a2-baea-b9549aef881c",
        "relationship--140dda5e-b3d5-47ce-aac5-22060d5bddf2",
        "relationship--151dd9ac-7e33-4580-a4a4-09f71fa73f51",
        "relationship--1525d82a-05a7-4027-9d2d-02f8039d68b5",
        "relationship--156d46b3-538e-4481-ad53-b85de891f6d5",
        "relationship--15bb2796-7c6d-4d03-8d86-8d83254bcf0b",
        "relationship--16446d10-cf55-4e1e-bbf8-7ce6b8a2fb2b",
        "relationship--168ab4a2-db4d-4d64-9951-6547145aabe6",
        "relationship--16cdc452-d4dc-43f7-be53-dc6b62135d20",
        "relationship--1715a3b2-1c13-403e-8add-e8709fc7f92c",
        "relationship--1729ebeb-c92c-4d8e-a859-0d081b3821a1",
        "relationship--18572125-3439-4f7c-92c8-d787913dc989",
        "relationship--1898925b-236a-4847-8a97-e934c07cdde1",
        "relationship--18d97b33-8ad5-426e-a390-72bea109bee0",
        "relationship--197a0e84-5361-49cc-8e14-24c331665862",
        "relationship--197ade21-6787-4ed3-a3ce-ff4b59b2f15c",
        "relationship--1b16de68-c627-4f38-a85f-bbba2fef7e20",
        "relationship--1b95cd32-155b-488d-bbf8-e16f22e2a1d5",
        "relationship--1c33c9cd-afac-490a-b487-bd97c93a14cc",
        "relationship--1c3d2111-f234-4624-999e-ce902367c212",
        "relationship--1cfc5611-b428-4fce-8b8d-f591523c9d9c",
        "relationship--1d2111ce-5034-472a-89a7-1818d11280fb",
        "relationship--1e54c837-6d59-40dc-a114-3bcef0037327",
        "relationship--1eb0fe9c-86e9-4c8c-8a24-c7b139559971",
        "relationship--1f5aee41-e3bc-4ed0-a0e2-fa8f7cd6de26",
        "relationship--1fc9bf47-32e7-45e5-87f3-3e7a5efdd35d",
        "relationship--2011a4ee-6b40-45a1-8bcf-f19568d16d02",
        "relationship--201f9d85-be41-4aeb-984f-6ece40d4177d",
        "relationship--2025480a-6d91-4ef5-a6ea-cc025c8aecfb",
        "relationship--20b90b04-4ce1-4e9a-9dbb-9fc93569d3e1",
        "relationship--213522ec-117d-4ac8-82c7-b297fe7c26b4",
        "relationship--2161578b-44ef-4c44-90ad-2ee8920a3db8",
        "relationship--2227a2ce-2eda-4fe3-a9ca-524e0de0ded2",
        "relationship--2286857e-ad96-4dda-abac-988e8cadda5c",
        "relationship--22a59466-1502-431a-a2c7-a8cb09928a74",
        "relationship--237429d4-808b-478f-ab0f-a01bff89834e",
        "relationship--24503815-4ac5-4d57-9e95-ebeb84e0c11b",
        "relationship--24bf6b49-b492-44b0-bcc9-37bfba489d62",
        "relationship--253b56a5-232f-44bc-af4d-85ccc12a0577",
        "relationship--25cb2c8f-79d2-4157-8329-fb86caaca0c3",
        "relationship--25f5e7b1-4f7f-48e1-b647-16a4ac018357",
        "relationship--273ad96c-269f-4736-a3de-646713c15b50",
        "relationship--27b3c824-888f-4c03-8cf6-5235da956381",
        "relationship--28d3336f-108b-40fb-b3d7-9ec4311931c4",
        "relationship--2a2b6def-5d29-41f7-b274-64bed33eb8ed",
        "relationship--2bfc128f-2bc9-436b-abe0-4206b9e35727",
        "relationship--2c13a056-b82d-4f56-a530-8562e0e9b038",
        "relationship--2cc93cb7-fbe6-4c79-b619-a2eb877de1cf",
        "relationship--2d3a8912-53fd-416b-bef8-f6ad980ae7c0",
        "relationship--2e83c5c4-76f3-46a3-980f-0063069671cf",
        "relationship--2f081501-0c5c-4662-b7b4-3dc5a8a3b1af",
        "relationship--2f4684b2-728f-46c5-9c91-98731c935b28",
        "relationship--2f785f1f-04f8-42f0-8082-a03fed3c3a94",
        "relationship--2fa47765-a47e-430b-9a88-68db5795f557",
        "relationship--2fd0b80f-d053-4679-a350-1bb45b32ab49",
        "relationship--2ffd84e6-b76d-4c0c-9c76-ef8e55446546",
        "relationship--30da0c3d-8767-4828-b50d-181d9a89b9a8",
        "relationship--30e190f8-2f7d-4795-9bed-90576fafdd0b",
        "relationship--30efb3df-f7b4-47f8-9c5a-53a94509c929",
        "relationship--320966af-53db-41e3-aaf0-f5fd68bce8ca",
        "relationship--321544e0-902c-443e-adf9-d7e78f0e4d13",
        "relationship--322a78a2-1765-414f-9b07-29a1360e1134",
        "relationship--33162cc2-a800-4d42-89bb-13ac1e75dfce",
        "relationship--3337112a-0b29-450f-9183-a0ec428c4898",
        "relationship--33a382a9-ebb3-48d9-bb7e-394a27783668",
        "relationship--33eb06fa-5983-47d8-9f7f-d594f311a008",
        "relationship--342b69ad-118b-467d-838e-33ffa931af29",
        "relationship--34d105a6-47ac-4a8b-b892-6f630cd97096",
        "relationship--3593e540-dfc0-4995-8640-db52961b3666",
        "relationship--35ae6625-8563-493c-8950-1230bd0fd122",
        "relationship--36755c7d-92bf-4851-91ef-f1bf41f27210",
        "relationship--38affc70-544f-4211-be66-0d09f7882edb",
        "relationship--3a9e3914-2503-41e7-a9cb-57dd30f97a8a",
        "relationship--3b4dc8f1-51c3-41bb-82a7-a877e5618ab7",
        "relationship--3c89c7b8-facc-4225-94ba-4a5126a31adc",
        "relationship--3d902953-306b-48d4-be7b-f08030ecb62e",
        "relationship--3ded5760-4f2e-41f5-a2c5-f2b39eaf5733",
        "relationship--3e039f64-08da-4bb3-b8d5-1ed6428980ac",
        "relationship--3e18f486-1e6f-49fa-8b99-4daf615d3e8d",
        "relationship--3ea6e72b-3d19-4864-aebd-cc31dad7d519",
        "relationship--3f491de8-7a45-413d-8e80-5c74b38e0fc1",
        "relationship--3fadfbe5-6ed1-4d6d-a5ed-a355506431ba",
        "relationship--400ed882-80e9-47f7-85a6-11996fbbb635",
        "relationship--406257ac-ff42-4e15-b72e-50202e38b675",
        "relationship--40ae8100-d02c-445a-acf5-8e30f04ec6c0",
        "relationship--419392f5-e6a8-4eee-b7c2-f0bac5cce833",
        "relationship--424b60eb-a6d1-405f-8f95-648fd6d52658",
        "relationship--4253a9ab-fddb-4c2f-b4c7-c4bc8182d9a4",
        "relationship--42914dfa-9644-4bf6-bb5f-45c0e3303d7b",
        "relationship--435f910b-21a6-4814-b167-5262ca1e1e58",
        "relationship--438cae9c-cb03-4db9-ae59-24ed27147725",
        "relationship--452e340a-df31-4ae9-a801-d26c57d491ea",
        "relationship--47880b58-f0e2-4898-a218-6df6333329ed",
        "relationship--47afdb05-0327-4feb-b80e-1be491b57693",
        "relationship--47cd42b3-1a19-415f-8522-a601268d8017",
        "relationship--47f521b8-37e4-489d-b6eb-25f35de80aae",
        "relationship--484add44-6a43-4700-b1bc-d64f24157353",
        "relationship--48652244-02b0-4a80-82a9-b99fca669d85",
        "relationship--494255a0-7672-4302-9e1b-bf3767cb8384",
        "relationship--49f54bdd-564c-43b0-95d7-5300f20d994f",
        "relationship--4a33da76-c838-48fe-97ad-80d285cf165f",
        "relationship--4a42e063-e5c1-4408-9634-fe2fe8af76b5",
        "relationship--4bb79228-9531-47c0-8e73-401e741593a8",
        "relationship--4bd59ceb-eb44-45c0-b775-3eaea3307455",
        "relationship--4bf364ad-1e9c-4860-93c0-241da4c81068",
        "relationship--4c0f441f-13b1-4b79-b658-e081d5143a94",
        "relationship--4c39d715-d631-41fc-b015-0df20d0507d5",
        "relationship--4c5ae895-9a08-40b6-a548-273a9f96ad5b",
        "relationship--4d23c95c-366e-464c-b41c-64e48f4e166a",
        "relationship--4e39da36-f7e0-4e26-b354-ca34fb801e33",
        "relationship--4e49358b-43d4-4fc6-8ad0-72882de328b4",
        "relationship--4f90d1a5-4903-46d9-95b2-73bb118f8cb9",
        "relationship--52ed39dd-0f4c-4e30-8b3b-7eb75b5c87e3",
        "relationship--559dfd54-de33-4cfc-aeec-617cd545e870",
        "relationship--55d5ccb4-b794-467b-b734-fa3763bbdf99",
        "relationship--56d858ef-2d62-4aa9-b050-699de9b048e9",
        "relationship--576db5e8-7371-4dea-ada9-599cc231e727",
        "relationship--57a19f3b-838f-45df-8cfe-964cbe5396d2",
        "relationship--57ad2c1a-785c-46ad-bdf1-2f9afe2389e8",
        "relationship--5a393124-ffca-447e-b230-468f2c57e023",
        "relationship--5abaaa8f-19c7-448f-9e5a-66f1cbf412f9",
        "relationship--5b48c2b1-0ce7-4856-9bc7-ae359826550c",
        "relationship--5c08eb3a-d7a0-4ce0-97a2-496ea4c9f3ed",
        "relationship--5c3a903f-5934-48ec-84da-e88e0d1b4e68",
        "relationship--5cb54f4b-f615-44ad-94d6-136ff507c2d6",
        "relationship--5d914544-0a93-43ba-b890-1f4a4fa818e8",
        "relationship--5e6f5555-f7dd-462d-b110-afc28f021be5",
        "relationship--5f73d53f-f543-47b6-ab81-9a2764dabaef",
        "relationship--607ae633-8e47-457a-9507-511d1e28f470",
        "relationship--60f1cf34-8c60-47b7-ba9a-88c2575006f9",
        "relationship--6204f142-a2a7-406f-9874-af8f3bb9dca9",
        "relationship--6213e3cf-c18e-47de-b281-07aa3c3179db",
        "relationship--633959b9-383c-486d-9e36-520e5afc502d",
        "relationship--63eceedb-657b-47a0-a437-983aad5d82e0",
        "relationship--644b6c21-90f0-43b7-8da4-7f6f24ddabb6",
        "relationship--65384e27-6d16-4d25-a17b-3d74dde8f224",
        "relationship--665f8af6-bdac-4574-9d8c-9c7829e0e4e7",
        "relationship--66794b81-fc1e-4a28-9a52-7e67d64cbed6",
        "relationship--6684ebb4-cab6-4443-a539-f71bdddbf15c",
        "relationship--6758c87e-d187-46df-b02a-1e093b3054cc",
        "relationship--67b49860-e1e4-4b56-bf83-108c4ac25e5c",
        "relationship--69bfbe2b-2a2a-4013-9fba-7a551ec75836",
        "relationship--6a1693a7-1e85-48b6-9097-11339a987099",
        "relationship--6a556d19-33f1-4b6e-bec3-00ca32dd5df7",
        "relationship--6b47884a-47ac-4f0a-9d5b-3c6eb0efd761",
        "relationship--6b69d848-b3d9-4f8f-96dc-381e1dd793d4",
        "relationship--6bfbee18-c771-4260-b460-8058dbc5c08a",
        "relationship--6d17cbbf-dd7e-456c-ad9e-e084c95efdaf",
        "relationship--6d5221c3-2efa-4374-8842-8c955fda112b",
        "relationship--6dbac0dd-ebd3-49dc-bbef-d5a7fd464e02",
        "relationship--7065f730-96fc-4a33-b6fb-101af568b74b",
        "relationship--720cc0d6-9285-425b-bda2-3bdd59b4ea8f",
        "relationship--7282eabe-73e0-4a10-824b-f18df7f892e2",
        "relationship--729f4b9b-2d25-4e69-9a9b-adaa62c2ee31",
        "relationship--72ac0ee1-24c0-4b4e-b96d-f42575ce9af8",
        "relationship--72babf5f-f117-4a1c-a453-6e6c16c355c4",
        "relationship--72ec975a-43b4-4766-a2f4-385b6112858d",
        "relationship--730190b3-d372-4461-9bf4-94de4c078968",
        "relationship--731710ae-a6b9-47b7-b8b2-8526ce60be2f",
        "relationship--73db6a54-2270-431b-b7eb-2c5c71389637",
        "relationship--73f5c564-53b1-48bc-8cab-32fa4a608672",
        "relationship--74a15877-d310-4be1-813d-4ee9cbd603b7",
        "relationship--74c1fa45-5ac3-47a0-a442-2cc5e89f7b4c",
        "relationship--759ce6e8-da01-4cd6-9d03-9b0a1edde9be",
        "relationship--75f47e28-75dd-4471-8d00-ed4a2c4d3328",
        "relationship--75f88090-55cb-4b3b-84af-cf51058c3ccc",
        "relationship--779b1ed2-5ff6-408d-837e-571bbc4ecc4a",
        "relationship--785e8778-84d2-46a5-b96a-ea71b1adc650",
        "relationship--79b980bb-f79e-4576-b927-be52be236f15",
        "relationship--7bf6a452-db06-4b7a-b177-678fdf841fbf",
        "relationship--7c8e34ad-89a4-44cf-bd56-d1583803f086",
        "relationship--7d12ca01-c979-4fdf-8548-9da12c105ba0",
        "relationship--7ec1ddbb-57d1-4530-97d1-dd5d02cd3eb2",
        "relationship--7ef04aca-4890-4035-8c0b-69d9a78e8029",
        "relationship--7f249ef4-8a3c-4ab5-998f-256ac8ecf588",
        "relationship--7f7f05aa-a246-48ce-89d2-48035cac5ffa",
        "relationship--800825f5-6e74-43ad-a732-476fdf471225",
        "relationship--80383098-470f-4293-b4b1-90c4362be307",
        "relationship--809ffec1-52a1-45a5-b410-049352b99700",
        "relationship--80cc26ad-62b5-49f0-bb8d-bd588bd51585",
        "relationship--820c50f3-65e8-4a3a-a71a-e079ae8badad",
        "relationship--82ce210f-a994-4541-b62f-40ead02ad202",
        "relationship--82d8c106-c216-4d3f-9028-5f0b975e6330",
        "relationship--85ca1e00-24c4-403e-8aff-9890f91e9b78",
        "relationship--867a1701-c263-4582-ad1c-7c0baae2cf23",
        "relationship--86b2980a-dd9f-4553-8f65-69f75f0f4332",
        "relationship--86ce6e35-bf83-4d55-a3c8-3ac2e2d2f872",
        "relationship--87182fef-ddbc-466e-b55b-989f10592d0c",
        "relationship--8720f2bc-c099-4d2c-a9b4-faf019bf55a4",
        "relationship--87b69ac6-d50d-4bbf-ac8b-7ad81b4e9ee8",
        "relationship--882c68e3-5f01-4438-a430-ff22692d8910",
        "relationship--8833fac6-778f-4cf8-8b2a-6dee29164ffa",
        "relationship--88e52860-d4cc-485a-b23f-ad2cda301727",
        "relationship--8972de3e-d073-47ec-9665-a10896601e12",
        "relationship--8bb0a7b0-a032-4278-abae-5730f574ff00",
        "relationship--8db1b5bd-8f0c-4c13-8667-c83713ce799e",
        "relationship--8e7887b3-f622-4860-9bda-3f4ab6231393",
        "relationship--8e9f95f0-4939-4e74-9073-70efddddff50",
        "relationship--8ef27cd6-3909-4174-b57c-3dbe3061a6dd",
        "relationship--8f0afd2b-8cb3-4b5b-b19f-39887602fe95",
        "relationship--8f41386c-5760-409e-b8b4-513f3d791d9f",
        "relationship--8f43b5c3-883a-40b7-b9b2-a96ba8c7001b",
        "relationship--8f55bbbb-7404-4872-9832-c884297cdbe9",
        "relationship--8fe424be-6873-4b25-a87e-88b2de005d7f",
        "relationship--9020d567-103b-4dc2-b27d-115078ae2a76",
        "relationship--90925137-7ffe-46d6-82d4-0ad7748740a3",
        "relationship--91eab726-0a0c-4898-8376-66987fd1037c",
        "relationship--921b3245-0795-40cd-82e1-04f38bc42b14",
        "relationship--928f19e8-6174-47c9-b44a-87477d89bdc9",
        "relationship--92c901ce-5edb-417f-8af5-d569203e241c",
        "relationship--93dc6241-29b4-45c6-9593-f7862936ffd8",
        "relationship--93f1726f-f172-4705-a13a-d5adaeb4e91b",
        "relationship--948146db-f966-4e0c-bbb2-289e2eae6718",
        "relationship--94ea901d-3904-4d84-9b0f-7df943683cd7",
        "relationship--9548ed41-931a-4d95-8256-b3fcad5914ad",
        "relationship--95d15400-aa0c-4382-be3f-49f931b81f27",
        "relationship--961bbfd6-e487-4628-9956-5b497e622ae1",
        "relationship--967c2498-0f51-464f-b5e5-2a0539614033",
        "relationship--96b018b8-701c-4658-b58b-716ba632fd72",
        "relationship--96c91811-fec3-43a6-890f-08921e543325",
        "relationship--9752991d-85cf-4bd6-b778-8e884540d8ab",
        "relationship--978dbb17-c5c5-4248-8385-9dc6f691030b",
        "relationship--984a898c-f469-4e7c-94c6-bf512ec69938",
        "relationship--98557068-7d60-40d4-8294-01469aadf6fe",
        "relationship--9901b17d-551e-4971-9ff7-7142e7c2bb4e",
        "relationship--992be3b6-caea-497f-ae2b-256197433cc8",
        "relationship--995aaffc-947a-4674-825f-9b6d53b7aefc",
        "relationship--998c449f-ef46-4f42-a6a4-bd025338584e",
        "relationship--99f5f421-c462-472c-9aa8-29a4316c3f5e",
        "relationship--9a5f9534-a2a4-402e-89bd-d014c2fba224",
        "relationship--9b102737-2d47-4dd5-b4f2-2a323c506cfb",
        "relationship--9bd2274b-95bc-4b7f-93f5-0b658d256217",
        "relationship--9c2ed616-647a-4cf5-9f43-b0b78f9fdcd1",
        "relationship--9c7a9bd0-4f52-4c10-8e79-3b6e72d431d1",
        "relationship--9cf8e459-479b-423f-a54f-42ed6b37aaf2",
        "relationship--9e0bef30-edc0-4a18-9033-a1f487e35b76",
        "relationship--9e81f24e-6f72-44eb-9f19-2a3e7dca14ad",
        "relationship--9edfa8b5-2e9f-4022-93b2-fd819156fe95",
        "relationship--9f43174e-9fec-447c-b5d9-12b348447853",
        "relationship--9f57a541-c6d1-490f-bd15-1dee6280365b",
        "relationship--9ffa4f56-8fe5-4439-897d-df432bccb52d",
        "relationship--a0186caf-482a-4f2a-bf2f-cac9fc51244a",
        "relationship--a06ada98-605a-47c5-9362-41e86c2ada6e",
        "relationship--a137a1d7-d40b-4565-8377-98a3065d5fec",
        "relationship--a15e391d-cc21-484d-839a-b7057ae40179",
        "relationship--a19231c9-e6b4-4d3f-9c9d-f4e85cba5e3a",
        "relationship--a1e74408-5c7b-4538-afd9-a01b23a92429",
        "relationship--a21e7dd8-9194-4c09-870c-11f44f391838",
        "relationship--a2ad2bea-4359-47a8-ae5f-f18beab07316",
        "relationship--a2b97730-39f9-4ba6-b481-d27f883ff26f",
        "relationship--a33a1a9c-c8d1-45f5-ad29-4a4188e5a54b",
        "relationship--a34352d8-8dc9-4721-9e73-ae56f5a886e7",
        "relationship--a4e88205-c591-4bad-9daa-0bf8f6049c57",
        "relationship--a7e5ffbc-d123-4f62-88eb-36b32656cd35",
        "relationship--a8484e9d-ad08-4d2c-8328-24552dd22f35",
        "relationship--a881d020-95c1-4123-98d0-c31cb8d2ff4e",
        "relationship--a8fd0806-56eb-4438-bcce-18f7851a07c6",
        "relationship--a910e0f8-1548-4dd6-a0eb-19430a5f75b0",
        "relationship--aa444f15-777c-4bf6-819b-f03476d59401",
        "relationship--aaac742e-ad51-470d-826c-8196cf3c1d3e",
        "relationship--abca8fe1-0303-43a8-b469-a7921358a3f1",
        "relationship--ac062b78-400d-4d9a-9c5b-95c7a1b6dd42",
        "relationship--ac5bf8d9-900b-4aa4-8f97-81566666cd26",
        "relationship--acdab071-f314-4671-a794-3c792b559c28",
        "relationship--ace0d0ba-7ee5-46cd-be08-2b33d217a13d",
        "relationship--ad731b3e-709e-49d0-a501-6fe69f78a428",
        "relationship--ad787fb5-9d63-423d-941f-bfe7648b2e24",
        "relationship--ae3be82b-3d54-4be8-939b-e074a2cea170",
        "relationship--ae7b632b-bb15-4807-be21-bdfff70f4f2e",
        "relationship--ae7cd450-60bc-426b-92df-14d9d1be279b",
        "relationship--af4d45e1-1aa4-444c-b176-31df7aaf9374",
        "relationship--b0220134-2033-4261-9b1d-e94abd691476",
        "relationship--b077d81d-0449-493f-9b93-23dc0fb0b62d",
        "relationship--b107d35b-fa2b-4dcb-844e-cacaf15f9982",
        "relationship--b3436a7d-81cf-4f79-9c74-e3b2370288d2",
        "relationship--b3831788-f18f-4315-997e-275e425c0d31",
        "relationship--b3b6e98e-8d0f-4262-ae61-26c171bf20c6",
        "relationship--b3f53743-4bd9-47a6-bf41-6f7786bbdc87",
        "relationship--b42c23c9-99f4-4b1f-91e2-a945a119fe98",
        "relationship--b4349e95-eeff-4784-8a7d-2c6d60a734dd",
        "relationship--b5234d9f-a581-4bcd-9441-2c1d111f3ce8",
        "relationship--b5ba9aa4-f2dd-4433-994b-bfe4c7c972fe",
        "relationship--b683c558-074d-4e29-808f-6d86948dd5d0",
        "relationship--b6d77871-1b71-4b65-b04b-9ee1d4b80a9c",
        "relationship--b7760f6b-9b57-4fa8-895a-4f4a209aa366",
        "relationship--b8545621-f2c5-4834-a19d-fa1e0eccd33b",
        "relationship--b96089fa-ebca-4d3c-9290-473cb98ad577",
        "relationship--ba150ca6-eb41-460a-87c7-049fac78c5cf",
        "relationship--ba8145fd-61d3-4729-a7c8-96216d2e6078",
        "relationship--bb1a7fc8-bec0-4655-bbfe-0c786e237452",
        "relationship--bb4592cf-4e26-4999-bb6d-5120e0695bfa",
        "relationship--bb4f1b15-8382-44f9-b201-6726e83b79b0",
        "relationship--bc0c33f3-211b-4b39-ac75-9d8693897b7f",
        "relationship--bd2c2f6f-5bc1-4150-b618-3b53b037670f",
        "relationship--bd79d063-3407-4da9-b6d1-6170a3b9edfc",
        "relationship--bdd64378-e348-4156-8490-528392c6ea82",
        "relationship--be31bf6d-ce4f-4620-8940-445f35ff90a7",
        "relationship--bf66a7c4-7d72-4769-a96a-83d3363fa7a9",
        "relationship--bfab83a2-934e-4e3c-b2c9-626d88231497",
        "relationship--bff3220c-6fea-4925-a9d0-46f06efb7337",
        "relationship--c07e24ea-bf70-4f9c-a45e-73dfc0ede007",
        "relationship--c21009bb-5a7b-438d-9aed-1ec85cbd0d75",
        "relationship--c39e878e-a496-4271-9998-2d5c9511e0a4",
        "relationship--c3bedbae-b1e1-4a35-8c59-d181dca093e4",
        "relationship--c3dd754d-3e2b-4761-8d21-2e7a52fc6616",
        "relationship--c43ec2e6-3769-4a1c-b99a-2d8988c7a207",
        "relationship--c4953a3b-d674-4582-b644-1339ec097aad",
        "relationship--c4cbbe25-bc29-406d-b92e-6e50ee4cd322",
        "relationship--c4d77981-d2e4-4a12-8e52-5b7464cdc8fd",
        "relationship--c592bcf5-6e88-4d77-a274-0a58b7388e76",
        "relationship--c646d6ed-e0f6-48b0-a4a3-d52b0a21f250",
        "relationship--c720f9ab-106c-47ce-b327-83727be6d35a",
        "relationship--c77d6f2a-664e-4bbb-bf86-c2c58adbdc84",
        "relationship--c7cf767a-fa78-4ca7-9bd1-612d51d0c098",
        "relationship--c839344c-a96d-412f-bded-5ac7c8fd446a",
        "relationship--c96b0cbe-7523-4ee6-ae73-b6a8cba3ea44",
        "relationship--c9d15fcf-d9f2-4f03-aabf-0e84523efc2b",
        "relationship--ca31e6ec-8cf9-4e5e-907a-895c3d19543f",
        "relationship--ca7d9090-d5ff-4a10-b403-015daa559e84",
        "relationship--cb54c094-5614-4d45-ab13-c00ab2cdb114",
        "relationship--cbb686ae-3dc8-4e91-80fc-075209505425",
        "relationship--cca578fe-fe2d-44ef-bc55-9518f83f1443",
        "relationship--cdd9ae58-bed9-4cce-ad46-d4e96a789ded",
        "relationship--cdef12f4-7353-4edc-90d7-f6f7f7a13e7d",
        "relationship--cdfe5f64-0a34-483c-b921-feaf18357354",
        "relationship--ce4707f0-d5b8-4dd6-b5ab-cf1483dd236f",
        "relationship--ce7b27ac-fff6-4d3c-bceb-50c16f462552",
        "relationship--ceaf4145-f168-4bba-8480-d3650bcc657f",
        "relationship--cecb2ce6-cb40-453d-9487-9f59f156a98c",
        "relationship--cecf4306-a80e-4e65-b701-7e934adc6c42",
        "relationship--d04d6101-f6f6-42a2-8679-351956b75228",
        "relationship--d4dc5fe6-fbfb-4718-8a7f-cd1eca70db61",
        "relationship--d55ab651-738b-4bbc-9438-57fc76be8f52",
        "relationship--d68649d8-4f18-48b8-93b8-82c8660fc464",
        "relationship--d723027c-349b-48f8-af77-808ee2f7d92f",
        "relationship--d7699bcf-5732-40f5-a715-d430b00b043e",
        "relationship--d7c5e4f4-cede-4a81-b46f-035b9e702e61",
        "relationship--d870ed48-a7df-4aee-af06-c58ee59432e7",
        "relationship--d8d6740b-a359-4f5c-b7d4-2189eea77892",
        "relationship--d8e0ed13-7938-4c9c-99ef-511b8dbf76aa",
        "relationship--d9360852-584e-4980-9f9b-f56193bd3fc0",
        "relationship--da734f6c-de0d-44f1-9521-6607b800ad43",
        "relationship--db2b0471-38e9-4c50-bf96-1c498f38223c",
        "relationship--dc802d43-a21f-4871-a281-4896817b9bc1",
        "relationship--dd39f1a9-8eb4-4818-8597-ed228d7dba83",
        "relationship--dd4a0bb3-b9f0-4d69-9768-a17d95783398",
        "relationship--ddc7af3d-f8d7-468a-b9ed-59823f96fac2",
        "relationship--de745ef4-59a0-470c-95c9-5043a717dc54",
        "relationship--e0a7e8ca-a199-4909-a4da-302bcc6216e6",
        "relationship--e1268feb-9326-40e1-b05b-fd8e0068488a",
        "relationship--e12c4451-5d26-4eea-a7e9-fcdfd517e77d",
        "relationship--e132f8f8-c15d-4423-8794-8571d37a3998",
        "relationship--e39a9d68-162f-45a3-b7c2-5914dd900b73",
        "relationship--e3a516b0-fa02-43dc-8247-0545a53693b1",
        "relationship--e3b628b7-1513-4b68-87ab-809316836075",
        "relationship--e41ab3e7-2b69-4461-a693-e53a24c9ab59",
        "relationship--e4c5ab65-e084-4844-9bf8-546d78f20e96",
        "relationship--e5421609-48cf-4e8e-8843-de6043e920f4",
        "relationship--e83fb711-3ce0-4c6a-a8b2-0efb96551b99",
        "relationship--e9011839-ca57-434d-a0cc-007594247110",
        "relationship--ea4871e2-8754-4002-9e76-a2c1c0ed7e2f",
        "relationship--ea80c942-680d-43b4-9cbf-21f2078977ad",
        "relationship--ebf44df8-d7c7-4c95-87f0-e31f88b83c72",
        "relationship--ed0e96e6-6b71-468a-9e76-477ed3765ca4",
        "relationship--eda15dd3-2e7d-470c-8b1d-227c7d877e67",
        "relationship--ee03d4e8-79e5-408f-a533-462774da46ed",
        "relationship--ee93f001-962f-41f5-8f17-98243608aad6",
        "relationship--ef203c63-b93c-413a-83ed-4785399f3a51",
        "relationship--ef463100-ac00-44ab-805b-75e4c8886699",
        "relationship--ef8385b2-e62c-4854-9a0b-f23d6de334cd",
        "relationship--efc39174-1103-4834-9efa-d0001ab1dd80",
        "relationship--efd94521-6d23-4947-a257-1c81ac52f0d9",
        "relationship--f02fafab-e905-48a4-953d-6238f740cc77",
        "relationship--f099adef-7e4e-4b52-b4fa-27f7db8389f3",
        "relationship--f0ef3f47-5651-4638-a007-cb585d3174b0",
        "relationship--f12643cb-1ff8-49b9-a57e-38246a46c428",
        "relationship--f315cbb6-e49c-4820-99cb-262d36acf17f",
        "relationship--f39d9e4d-b4f9-4c12-aa8e-a44f8550b57f",
        "relationship--f3b7dbe2-1dd5-4d57-a5ef-1764775d5c99",
        "relationship--f4902ad9-b1bb-41ce-a448-55e2d9437503",
        "relationship--f4e1e921-1436-4fdc-88bc-f3321383e96a",
        "relationship--f4ea1985-0e88-488d-b7ed-ac294719738a",
        "relationship--f661bda3-d524-44b3-aeb0-d8dd8879a569",
        "relationship--f72ffc5a-c872-4b28-b40e-2a3ec85bddcc",
        "relationship--f7328802-07f4-4f00-821a-962fb2678e15",
        "relationship--f77760d0-35c1-4e91-98b9-2ac57ba183d5",
        "relationship--f94c1c97-ec5d-4703-93c1-91de05761d2a",
        "relationship--fa443fec-23f0-40dd-8a94-06cd19f4eb86",
        "relationship--fb0206c4-ed10-4922-9935-cbb2c7462acd",
        "relationship--fb03b86a-02d4-4079-815f-46369026ad17",
        "relationship--fc62b2fc-0a10-436e-b50a-49d708ac072f",
        "relationship--fcc12c1f-1a46-49f4-a872-99cb97968bf0",
        "relationship--fdea1dc1-4b00-411e-a5d3-cd72688237b5",
        "relationship--fe3b8cb8-8ff1-4abf-ac98-ce31108e5bb5",
        "relationship--fe518957-8722-498f-8da0-4b5eca466cef",
        "relationship--febc7399-bbee-4a97-b5a1-d2d9cf5ba9fc",
        "relationship--ffffed15-5695-44b9-b85b-89ba8187415d"
    ],
    "graph_nodes": [
        {
            "count": 402,
            "id": 0,
            "texts": [
                "Fox Kitten",
                "EvilBunny",
                "Pandora",
                "threat actors",
                "SLOTHFULMEDIA",
                "LightNeuron",
                "Lizar",
                "QakBot",
                "Nidiran",
                "GoldMax",
                "NavRAT",
                "Cryptoistic",
                "Ixeshe",
                "ShimRat",
                "RTM",
                "StrifeWater",
                "HyperBro",
                "WarzoneRAT",
                "ZLib",
                "Kasidet",
                "Kivars",
                "ThiefQuest",
                "BoxCaon",
                "SideTwist",
                "Pteranodon",
                "PLAINTEE",
                "ServHelper",
                "Vasport",
                "AuditCred",
                "GreyEnergy",
                "Attor",
                "LiteDuke",
                "ZxxZ",
                "ChChes",
                "Helminth",
                "jRAT",
                "DropBook",
                "DarkTortilla",
                "SodaMaster",
                "PUNCHBUGGY",
                "SysUpdate",
                "UNC3890 actors",
                "CreepyDrive",
                "BackdoorDiplomacy",
                "Hikit",
                "FunnyDream",
                "Melcoz",
                "APT39",
                "DEATHRANSOM",
                "Drovorub",
                "Mis-Type",
                "Indrik Spider",
                "S-Type",
                "BITTER",
                "APT29",
                "WellMess",
                "Gamaredon Group",
                "LuminousMoth",
                "threat actors",
                "Ecipekac",
                "Lazarus Group",
                "Confucius",
                "Aquatic Panda",
                "CostaBricks",
                "HEXANE",
                "Taidoor",
                "LazyScripter",
                "Andariel",
                "Mafalda",
                "Shark",
                "Cardinal RAT",
                "Anchor",
                "More_eggs",
                "SombRAT",
                "DOGCALL",
                "GrimAgent",
                "SLOWDRIFT",
                "SEASHARPEE",
                "OilRig",
                "WellMail",
                "HAFNIUM",
                "Cobalt Group",
                "Octopus",
                "TrickBot",
                "BlackMould",
                "FELIXROOT",
                "KONNI",
                "UPPERCUT",
                "gh0st RAT",
                "VERMIN",
                "DDKONG",
                "njRAT",
                "macOS.OSAMiner",
                "PolyglotDuke",
                "ROKRAT",
                "Diavol",
                "ANDROMEDA",
                "SoreFang",
                "Aria-body",
                "MoleNet",
                "Ursnif",
                "HTTPBrowser",
                "Action RAT",
                "Seth-Locker",
                "down_new",
                "RainyDay",
                "Saint Bot",
                "Neoichor",
                "Kevin",
                "Tropic Trooper",
                "BendyBear",
                "remote attackers",
                "Wiarp",
                "remote attackers",
                "remote attackers",
                "Nerex",
                "remote attackers",
                "BackConfig",
                "CharmPower",
                "Valak",
                "PowerLess",
                "FYAnti",
                "CostaBricks",
                "NanoCore",
                "StoneDrill",
                "Avenger",
                "Lazarus Group",
                "build_downer",
                "Denis",
                "PLATINUM",
                "Disco",
                "BISCUIT",
                "Elise",
                "Crimson",
                "Okrum",
                "ZIRCONIUM",
                "Ke3chang",
                "Nebulae",
                "ABK",
                "BabyShark",
                "POWRUNER",
                "Turian",
                "FlawedAmmyy",
                "Hancitor",
                "APT33",
                "OutSteel",
                "IndigoZebra",
                "Cuba",
                "Misdat",
                "Egregor",
                "BONDUPDATER",
                "Woody RAT",
                "Xbash",
                "RegDuke",
                "QuietSieve",
                "YAHOYAH",
                "Hi-Zor",
                "Whitefly",
                "APT37",
                "Bisonal",
                "BLINDINGCAN",
                "Felismus",
                "SpeakUp",
                "SQLRat",
                "attackers",
                "SideCopy",
                "MechaFlounder",
                "TSCookie",
                "KARAE",
                "SHARPSTATS",
                "Revenge RAT",
                "P.A.S. Webshell",
                "SeaDuke",
                "PLEAD",
                "Skidmap",
                "Kimsuky",
                "TA505",
                "Machete",
                "Meteor",
                "xCaon",
                "OSX_OCEANLOTUS.D",
                "Agent Tesla",
                "Turla",
                "Grandoreiro",
                "BLUELIGHT",
                "RogueRobin",
                "Kazuar",
                "Daserf",
                "Peppy",
                "Dipsind",
                "Unknown Logger",
                "Zebrocy",
                "LOWBALL",
                "Bonadan",
                "Kessel",
                "Backdoor.Oldrea",
                "TAINTEDSCRIBE",
                "IcedID",
                "Leviathan",
                "menuPass",
                "MarkiRAT",
                "Molerats",
                "XCSSET",
                "KEYMARBLE",
                "Carberp",
                "Lucifer",
                "Sakula",
                "PoetRAT",
                "BoomBox",
                "NDiskMonitor",
                "LitePower",
                "Briba",
                "Dacls",
                "threat actors",
                "APT29",
                "Shamoon",
                "Rocke",
                "PipeMon",
                "threat actors",
                "Chaes",
                "Pony",
                "SVCReady",
                "Sidewinder",
                "Calisto",
                "Chrommme",
                "ShadowPad",
                "APT18",
                "TYPEFRAME",
                "RGDoor",
                "Bankshot",
                "UBoatRAT",
                "SMOKEDHAM",
                "Gold Dragon",
                "Bandook",
                "TDTESS",
                "PowerDuke",
                "Dyre",
                "Seasalt",
                "Magic Hound",
                "NanHaiShu",
                "Sardonic",
                "Smoke Loader",
                "RARSTONE",
                "Zeus Panda",
                "Milan",
                "ThreatNeedle",
                "Industroyer",
                "APT38",
                "Zox",
                "MobileOrder",
                "BBK",
                "Waterbear",
                "DnsSystem",
                "KOCTOPUS",
                "APT28",
                "NOKKI",
                "Squirrelwaffle",
                "DRATzarus",
                "RCSession",
                "DarkComet",
                "MiniDuke",
                "Threat Group-3390",
                "Doki",
                "Bundlore",
                "DanBot",
                "Mongall",
                "Mosquito",
                "Azorult",
                "Bumblebee",
                "Volgmer",
                "Orz",
                "Trojan.Karagany",
                "Penquin",
                "attacker",
                "SharpStage",
                "TinyTurla",
                "CHOPSTICK",
                "Astaroth",
                "Rancor",
                "JPIN",
                "BADHATCH",
                "PlugX",
                "Sandworm Team",
                "Micropsia",
                "SDBbot",
                "CookieMiner",
                "SpicyOmelette",
                "threat actor controlled AWS URL",
                "CloudDuke",
                "remote attackers",
                "Pasam",
                "remote attackers",
                "Remsec",
                "remote attackers",
                "Flagpro",
                "MuddyWater",
                "Emissary",
                "PowerPunch",
                "KeyBoy",
                "VaporRage",
                "TeamTNT",
                "Gazer",
                "LoudMiner",
                "KGH_SPY",
                "Sibot",
                "BadPatch",
                "APT32",
                "Silence",
                "Gelsemium",
                "HotCroissant",
                "P8RAT",
                "threat actors",
                "OopsIE",
                "APT41",
                "Snip3",
                "FoggyWeb",
                "CoinTicker",
                "Kwampirs",
                "GuLoader",
                "Ember Bear",
                "Tomiris",
                "CARROTBAT",
                "Kerrdown",
                "Wizard Spider",
                "Psylo",
                "Amadey",
                "WEBC2",
                "Explosive",
                "H1N1",
                "NightClub",
                "threat actors",
                "REvil",
                "Volatile Cedar",
                "RDAT",
                "FIN7",
                "Uroburos",
                "RemoteCMD",
                "EVILNUM",
                "version",
                "BADNEWS",
                "APT41",
                "HOPLIGHT",
                "InvisiMole",
                "adversaries",
                "metaMain",
                "OSX/Shlayer",
                "CallMe",
                "POSHSPY",
                "HiddenWasp",
                "ZeroT",
                "BADFLICK",
                "Winnti Group",
                "APT-C-36",
                "FIN8",
                "Windshift",
                "TA551",
                "SHUTTERSPEED",
                "Mustang Panda",
                "Bazar",
                "SUNBURST",
                "Javali",
                "StrongPity",
                "Cyclops Blink",
                "Dragonfly",
                "Hildegard",
                "Moses Staff",
                "Darkhotel",
                "Pisloader",
                "POWERSTATS",
                "Cobalt Strike",
                "WIRTE",
                "POWERSOURCE",
                "Caterpillar WebShell",
                "Mivast",
                "BRONZE BUTLER",
                "RATANKBA",
                "Kinsing",
                "Metamorfo",
                "GALLIUM",
                "MacMa",
                "Metador",
                "CORESHELL",
                "threat actors",
                "threat actors",
                "Dtrack",
                "Ajax Security Team",
                "SharpDisco",
                "WhisperGate",
                "Elderwood",
                "Cannon",
                "JHUHUGIT",
                "RedLeaves",
                "JSS Loader",
                "NETWIRE",
                "APT3",
                "Lokibot",
                "Chimera",
                "Conficker",
                "Tonto Team",
                "Agent.btz",
                "VBShower",
                "ZxShell"
            ],
            "label": "ACTOR"
        },
        {
            "count": 385,
            "id": 1,
            "texts": [
                "tools",
                "Lua scripts",
                "tools",
                "files",
                "drivers",
                "tools",
                "modules",
                "files",
                "components",
                "updates",
                "auxiliary modules",
                "plugins",
                "malware",
                "payloads",
                "packages",
                "Metasploit",
                "NanoCore",
                "Cobalt Strike",
                "payloads",
                "AsyncRat",
                "RedLine",
                "Agent Tesla",
                "cryptocurrency mining",
                "keylogging",
                "capabilities",
                "payloads",
                "tools",
                "files",
                "TEARDROP",
                "multistage malware",
                "scripts",
                "SombRAT",
                "Cobalt Strike",
                "malware",
                "payloads",
                "payloads",
                "executable scripts",
                "data",
                "malware",
                "tools--including",
                "Nishang",
                "PowerCat--onto",
                "github.com",
                "public sites",
                "sendspace.com",
                "JavaScript backdoor",
                "tools",
                "files",
                "curl",
                "Stripped Payloads",
                "configuration updates",
                "payloads",
                "payloads",
                "payloads",
                "delivered trojan",
                "implant",
                "files",
                "malware components",
                "backdoor",
                "backdoor",
                "modules",
                "IcedID and NetSupport Manager RAT-based malware",
                "payloads",
                "capability",
                "modules",
                "function",
                "scripts",
                "tools",
                "malware",
                "files",
                "hacking tools",
                "backdoors",
                "ShimRatReporter",
                "ability",
                "payloads",
                "commands",
                "tools",
                "tools",
                "files",
                "programs",
                ".NET DLLs",
                "WoodyPowerSession",
                "WoodySharpExecutor",
                "Exaramel",
                "command",
                "payloads",
                "HTTP GET requests",
                "tools",
                "second stage malware",
                "SILENTTRINITY",
                "tools",
                "files",
                "Mimikatz",
                "capability",
                "executables",
                "payloads",
                "files",
                "second-stage malware",
                "macros",
                "scripts",
                "ability",
                "payloads",
                "tools",
                "malware",
                "scripts",
                "shellcode",
                "Meterpreter",
                "code",
                "loader",
                "ability",
                "plug-ins",
                "binary",
                "downloading",
                "code",
                "secondary payload",
                "Dropbox API",
                "LOWBALL malware",
                "configuration file",
                "modules",
                "files",
                "scripts",
                "cmd",
                "malware",
                "updates",
                "tools",
                "files",
                "use",
                "BITSAdmin",
                "tools",
                "executables",
                "server component",
                "browser specific AppleScript modules",
                "curl command",
                "payloads",
                "plugins",
                "certutil",
                "capability",
                "stage malware components",
                "payloads",
                "system commands",
                "payload",
                "tools",
                "malware",
                "files",
                "executable",
                "malware",
                "C2 commands",
                "modules",
                "tools",
                "RedLine Stealer",
                "capability",
                "Koadic",
                "tools",
                "files",
                "code",
                "secondary payloads",
                "file",
                "files",
                "Powershell",
                "ngrok",
                "UltraVNC",
                "components",
                "command",
                "files",
                "code",
                "QuasarRAT",
                "plugins",
                "backdoor component",
                "malware plug-in modules",
                "tools",
                "shellcode payload",
                "backdoor",
                "NESTEGG",
                "capability",
                "command",
                "executables",
                "Gorgon Group malware",
                "command",
                "CSPY Downloader",
                "tools",
                "PowerShell command",
                "first-stage downloader",
                "second-stage implant",
                "remote module",
                "encoded payloads",
                "tools",
                "encrypted backdoors",
                "tools",
                "malware",
                "certutil",
                "scripts",
                "CARROTBALL",
                "remote payload",
                "payloads",
                "Dex command",
                "remote files",
                "payloads",
                "command code",
                "do_download",
                "second-stage payload",
                "DropBox API",
                "payloads",
                "second-stage dropper",
                "malware",
                "remote file transmission",
                "certutil",
                "malware",
                "certutil",
                "BITSAdmin",
                "tools",
                "malware",
                "module",
                "tools",
                "executable",
                "scripts",
                "malware",
                "backdoor",
                "network loader",
                "malware",
                "malware",
                "capability",
                "payloads",
                "download and upload functionality",
                "shellcode",
                "batch scripts",
                "curl and wget commands",
                "tools",
                "task",
                "SCP",
                "miner",
                "code",
                "payload",
                "Winnti",
                "modules",
                "proxying",
                "malware",
                "JavaScript",
                "frameworks",
                "modules",
                "malware",
                "Sliver",
                "upload command",
                "plug-ins",
                "payloads",
                "backdoors",
                "droppers",
                "payloads",
                "components",
                "Python script",
                "malware",
                "Downdelph",
                "payloads",
                "tools",
                "code",
                "certutil",
                "BITSAdmin",
                "BITS Jobs",
                "payloads",
                "ransomware",
                "payloads",
                "command",
                "malware",
                "function",
                "command",
                "WinINet HTTP requests",
                "plugins",
                "payloads",
                "tools",
                "Evilnum",
                "tools",
                "components",
                "Winnti",
                "Winnti for Windows dropper",
                "payloads",
                "Remcos",
                "malware",
                "PowerShell script",
                "shellcode",
                "payload",
                "Put command",
                "certutil",
                "macros",
                "itself",
                "files",
                "GoldenSpy",
                "operations",
                "first-stage downloader",
                "tools",
                "files",
                "esentutl",
                "payloads",
                "curl -fsL \"$url\" >$tmp_path command",
                "payloads",
                "capability",
                "Windows binaries",
                "PowerShell code",
                "payloads",
                "ff.exe",
                "auxiliary program",
                "subsequent payloads",
                "remote code",
                "tools",
                "payloads",
                "installer binaries",
                "DLLs",
                "malware",
                "arbitary executable",
                "executables",
                "ransomware",
                "post-exploitation frameworks",
                "TEARDROP",
                "payloads",
                "Cobalt Strike",
                "TEARDROP",
                "payloads",
                "Donut",
                "staged shellcode payloads",
                "AsyncRAT",
                "tools",
                "operations",
                "scripts",
                "Monero cryptocurrency miners",
                "web shells",
                "first-stage payloads",
                "malware",
                "command",
                "PowerShell payloads",
                "MCMD",
                "payloads",
                "PowerShell code",
                "TEXTMATE",
                "Cobalt Strike Beacon payload",
                "module",
                "Brute Ratel C4",
                "capability",
                ".exe files",
                "tools",
                "DGet",
                "files",
                "tool",
                "wget",
                "Patchwork payloads",
                "lateral movement scripts",
                "tools",
                "HTRAN",
                "winrar",
                "portqry.exe",
                "renamed cmd.exe file",
                "operation",
                "exploit",
                "files",
                "RemoteUtilities",
                "tools",
                "malware",
                "dropper",
                "tools",
                "Mimikatz",
                "Sliver",
                "Cobalt Strike and AvosLocker ransomware",
                "Operators",
                "Netwalker",
                "certutil",
                "psexec",
                "Netwalker payload",
                "administrative utilities",
                "Trojan components",
                "Wrapper/Gholee",
                "custom-developed malware",
                "malware",
                "Python interpreter",
                "plugins",
                "malware",
                "Ritsol backdoor trojan",
                "payload",
                "payload",
                "command",
                "executables",
                "payloads",
                "tool",
                "tools",
                "malware",
                "ShadowPad loader",
                "encrypted binary",
                "VBS files",
                "command"
            ],
            "label": "FUNCTION"
        },
        {
            "count": 110,
            "id": 2,
            "texts": [
                "endpoints",
                "C2",
                "C2",
                "DNS",
                "HTTP",
                "C2",
                "C2",
                "github.com",
                "public sites",
                "sendspace.com",
                "public facing adversary-controlled webpage",
                "C2",
                "C2",
                "C2",
                "C2",
                "Intel\u00ae Active Management Technology (AMT) Serial-over-LAN (SOL) channel",
                "SMB",
                "C2",
                "C2",
                "C2",
                "C2",
                "compromised websites",
                "remote servers",
                "remote server",
                "direct SQL connection",
                "Microsoft database",
                "emails",
                "servers",
                "hardcoded URL",
                "C2",
                "C2",
                "adversary-controlled servers",
                "C2",
                "constructed URL",
                "https://\" & domain & \"/agent/scripts/\" & moduleName & \".applescript",
                "C2",
                "C2 channels",
                "FTP",
                "HTTPS",
                "given URL",
                "C2",
                "compromised networks",
                "compromised network",
                "network",
                "C2",
                "ngrok",
                "UltraVNC",
                "third-party file sharing sites",
                "C2",
                "servers",
                "URLs",
                "C2",
                "C2",
                "remote C2",
                "C2",
                "C2",
                "remote C2s",
                "C2s",
                "C2",
                "C2",
                "C2",
                "given URL",
                "C2",
                "C2",
                "web server",
                "Web address",
                "Microsoft OneDrive account",
                "HTTP",
                "HTTPS",
                "C2",
                "C2",
                "adversary infrastructure",
                "C2",
                "remote servers",
                "C2",
                "victim websites",
                "C2",
                "C2",
                "C2",
                "actor controlled C2",
                "compromised AD FS server",
                "C2s",
                "C2s",
                "C2",
                "hosted URL",
                "attacker controlled IP address",
                "DNS",
                "C2 channels",
                "remote C2",
                "ftp",
                "given URL",
                "C2",
                "download server",
                "C2",
                "domain",
                "C2",
                "SFTP",
                "C2s",
                "C2",
                "C2",
                "C2",
                "C2",
                "C2",
                "victim network",
                "Discord CDN channel",
                "C2",
                "URL",
                "C2",
                "HTTP server",
                "domain"
            ],
            "label": "NETWORK"
        },
        {
            "count": 220,
            "id": 3,
            "texts": [
                "tools",
                "files",
                "drivers",
                "tools",
                "modules",
                "files",
                "components",
                "updates",
                "auxiliary modules",
                "plugins",
                "malware",
                "payloads",
                "tools",
                "files",
                "TEARDROP",
                "multistage malware",
                "scripts",
                "SombRAT",
                "Cobalt Strike",
                "malware",
                "payloads",
                "files",
                "remote files",
                "executable scripts",
                "data",
                "files",
                "tools",
                "files",
                "payload and configuration files",
                "file",
                "files",
                "files",
                "files",
                "malware components",
                "files",
                "files",
                "files",
                "tools",
                "malware",
                "files",
                "files",
                "files",
                "file",
                "files",
                "files",
                "files",
                "tools",
                "files",
                "programs",
                ".NET DLLs",
                "WoodyPowerSession",
                "WoodySharpExecutor",
                "file",
                "files",
                "memory",
                "files",
                "tools",
                "files",
                "Mimikatz",
                "files",
                "files",
                "files",
                "item",
                "file",
                "bindata table",
                "files",
                "second-stage malware",
                "files",
                "file",
                "files",
                "files",
                "file",
                "remote files",
                "files",
                "file",
                "email attachment",
                "version",
                "configuration file",
                "modules",
                "files",
                "scripts",
                "files",
                "tools",
                "files",
                "use",
                "files",
                "sources",
                "files",
                "remote files",
                "files",
                "replica",
                "files",
                "files",
                "files",
                "file",
                "files",
                "tools",
                "malware",
                "files",
                "files",
                "files",
                "LNK files",
                "remote files",
                "files",
                "tools",
                "files",
                "secondary payloads",
                "file",
                "files",
                "files",
                "file",
                "files",
                "files",
                "code",
                "files",
                "files",
                "files",
                "version",
                "memory",
                "files",
                "character sequence",
                "a9850d2f",
                "memory",
                "files",
                "files",
                "file",
                "files",
                "files",
                "files",
                "string downloaddd",
                "file",
                "files",
                "files",
                "GIF files",
                "versions",
                "files",
                "files",
                "files",
                "remote files",
                "payloads",
                "files",
                "remote files",
                "files",
                "files",
                "files",
                "user credentials",
                "data",
                "files",
                "Web address",
                "Microsoft OneDrive account",
                "files",
                "files",
                "files",
                "files",
                "file",
                "files",
                "file",
                "files",
                "files",
                "main config file",
                "files",
                "remote file",
                "files",
                "OS architecture",
                "file",
                "files",
                "file",
                "file",
                "file",
                "copy",
                "files",
                "files",
                "files",
                "file",
                "files",
                "version",
                "files",
                "files",
                "files",
                "files",
                "itself",
                "files",
                "GoldenSpy",
                "files",
                "tools",
                "files",
                "files",
                "files",
                "bytes",
                "files",
                "file",
                "download files",
                "binary data",
                "document",
                "files",
                "files",
                "files",
                "file",
                "files",
                "files",
                "files",
                "DGet",
                "files",
                "tool",
                "information",
                "files",
                "MSI files",
                "files",
                "exploit",
                "files",
                "files",
                "file",
                "external sources",
                "files",
                "remote location",
                "files",
                "file",
                "files",
                "staged items",
                "files"
            ],
            "label": "DATA"
        },
        {
            "count": 135,
            "id": 4,
            "texts": [
                "tools",
                "files",
                "drivers",
                "victim machines",
                "victim machine",
                "targeted system",
                "compromised hosts",
                "compromised host",
                "compromised host",
                "victim computers",
                "machine",
                "disk",
                "compromised system",
                "infected machine",
                "compromised host",
                "compromised hosts",
                "compromised host",
                "compromised host",
                "victims machine",
                "compromised host",
                "infected host",
                "system",
                "targeted systems",
                "system",
                "compromised hosts",
                "compromised machines",
                "Linux",
                "target host",
                "machine",
                "victim machine",
                "disk",
                "infected host",
                "victim systems",
                "machine",
                "host",
                "system",
                "machine",
                "machine",
                "compromised host",
                "connected external system",
                "victim organization systems",
                "machine",
                "compromised system",
                "compromised host",
                "infected hosts",
                "target system",
                "infected system",
                "infected machine",
                "infected host",
                "machine",
                "machine",
                "system",
                "compromised machine",
                "machine",
                "machine",
                "machine",
                "compromised machine",
                "SD card",
                "device",
                "infected host",
                "compromised systems",
                "compromised host",
                "system",
                "infected machine",
                "infected machine",
                "compromised host",
                "targeted system",
                "targeted systems",
                "machine",
                "system",
                "compromised systems",
                "compromised machine",
                "compromised machine",
                "infected system",
                "compromised host",
                "machine",
                "compromised systems",
                "compromised system",
                "Linux",
                "infected host",
                "machines",
                "victim machine",
                "compromised host",
                "victim machine",
                "target system",
                "compromised system",
                "machine",
                "compromised systems",
                "machine",
                "system",
                "compromised host",
                "compromised machines",
                "system",
                "host machine",
                "infected system",
                "infected host",
                "select compromised hosts",
                "victim machine",
                "Windows",
                "targeted systems",
                "machine",
                "machine",
                "infected machine",
                "remote system",
                "computer",
                "remote host",
                "machine",
                "system",
                "machine",
                "external system",
                "compromised environment",
                "compromised systems",
                "system",
                "infected machines",
                "compromised hosts",
                "systems",
                "victim machine",
                "compromised host",
                "victim machines",
                "system",
                "compromised hosts",
                "compromised system",
                "remote systems",
                "computer",
                "infected system",
                "compromised host",
                "machine",
                "compromised host",
                "compromised host",
                "remote machines",
                "machine",
                "targeted systems",
                "infected machine",
                "target computer",
                "remote host"
            ],
            "label": "COMPONENT"
        },
        {
            "count": 42,
            "id": 5,
            "texts": [
                "victims",
                "victim",
                "victim",
                "victim",
                "victim",
                "victim",
                "victim",
                "victims",
                "victim",
                "victim",
                "victim",
                "victim",
                "victim",
                "victims",
                "victim",
                "victim",
                "victim",
                "victim",
                "victim",
                "victim",
                "victim",
                "local victim",
                "victim",
                "website visitors",
                "victim",
                "victim",
                "victim",
                "victim",
                "victim",
                "victim",
                "victim",
                "victim",
                "victim",
                "target",
                "victim",
                "victim",
                "targets",
                "victims",
                "victims",
                "victim",
                "victim",
                "victim"
            ],
            "label": "USER"
        },
        {
            "count": 41,
            "id": 6,
            "texts": [
                "malware",
                "tools--including",
                "Nishang",
                "PowerCat--onto",
                "which",
                "which",
                "that",
                "that",
                "TA2541",
                "second stage",
                "one",
                "one",
                "tools",
                "files",
                "use",
                "Scattered Spider",
                "Sieve",
                "Chopper",
                "itself",
                "use",
                "itself",
                "use",
                "itself",
                "FIN13",
                "'s",
                "which",
                "that",
                "second stage",
                "itself",
                "itself",
                "Nomadic Octopus",
                "itself",
                "files",
                "GoldenSpy",
                "initial infection stage",
                "that",
                "'s",
                "which",
                "stages",
                "that",
                "which"
            ],
            "label": "OTHER"
        },
        {
            "count": 11,
            "id": 7,
            "texts": [
                "tools",
                "files",
                "programs",
                ".NET DLLs",
                "WoodyPowerSession",
                "WoodySharpExecutor",
                "second stage malicious DLL file",
                "DLL",
                "installer binaries",
                "DLLs",
                "DLLs"
            ],
            "label": "REGISTRY"
        },
        {
            "count": 4,
            "id": 8,
            "texts": [
                "log folders",
                "directory",
                "path C:\\inetpub\\wwwroot\\aspnet_client\\system_web\\IISpool.aspx",
                "C:\\Users\\Public\\WinTN\\WinTN.exe"
            ],
            "label": "DIRECTORY"
        },
        {
            "count": 6,
            "id": 9,
            "texts": [
                "tar compressed archive",
                "tools",
                "HTRAN",
                "winrar",
                "portqry.exe",
                "renamed cmd.exe file"
            ],
            "label": "ENCRYPTION"
        }
    ],
    "graph_edges": [
        {
            "id": "0_1",
            "source": 0,
            "dest": 1,
            "count": 198
        },
        {
            "id": "0_2",
            "source": 0,
            "dest": 2,
            "count": 73
        },
        {
            "id": "1_2",
            "source": 1,
            "dest": 2,
            "count": 56
        },
        {
            "id": "0_3",
            "source": 0,
            "dest": 3,
            "count": 113
        },
        {
            "id": "0_4",
            "source": 0,
            "dest": 4,
            "count": 75
        },
        {
            "id": "1_4",
            "source": 1,
            "dest": 4,
            "count": 61
        },
        {
            "id": "3_4",
            "source": 3,
            "dest": 4,
            "count": 66
        },
        {
            "id": "3_2",
            "source": 3,
            "dest": 2,
            "count": 46
        },
        {
            "id": "0_5",
            "source": 0,
            "dest": 5,
            "count": 11
        },
        {
            "id": "3_5",
            "source": 3,
            "dest": 5,
            "count": 6
        },
        {
            "id": "0_6",
            "source": 0,
            "dest": 6,
            "count": 11
        },
        {
            "id": "1_0",
            "source": 1,
            "dest": 0,
            "count": 2
        },
        {
            "id": "4_5",
            "source": 4,
            "dest": 5,
            "count": 25
        },
        {
            "id": "3_1",
            "source": 3,
            "dest": 1,
            "count": 8
        },
        {
            "id": "1_3",
            "source": 1,
            "dest": 3,
            "count": 47
        },
        {
            "id": "0_7",
            "source": 0,
            "dest": 7,
            "count": 5
        },
        {
            "id": "7_2",
            "source": 7,
            "dest": 2,
            "count": 3
        },
        {
            "id": "6_3",
            "source": 6,
            "dest": 3,
            "count": 5
        },
        {
            "id": "6_2",
            "source": 6,
            "dest": 2,
            "count": 6
        },
        {
            "id": "6_1",
            "source": 6,
            "dest": 1,
            "count": 11
        },
        {
            "id": "2_1",
            "source": 2,
            "dest": 1,
            "count": 3
        },
        {
            "id": "3_6",
            "source": 3,
            "dest": 6,
            "count": 7
        },
        {
            "id": "4_3",
            "source": 4,
            "dest": 3,
            "count": 2
        },
        {
            "id": "1_5",
            "source": 1,
            "dest": 5,
            "count": 9
        },
        {
            "id": "6_4",
            "source": 6,
            "dest": 4,
            "count": 7
        },
        {
            "id": "1_6",
            "source": 1,
            "dest": 6,
            "count": 4
        },
        {
            "id": "2_5",
            "source": 2,
            "dest": 5,
            "count": 1
        },
        {
            "id": "0_8",
            "source": 0,
            "dest": 8,
            "count": 2
        },
        {
            "id": "3_8",
            "source": 3,
            "dest": 8,
            "count": 1
        },
        {
            "id": "8_3",
            "source": 8,
            "dest": 3,
            "count": 2
        },
        {
            "id": "4_1",
            "source": 4,
            "dest": 1,
            "count": 2
        },
        {
            "id": "7_4",
            "source": 7,
            "dest": 4,
            "count": 2
        },
        {
            "id": "3_0",
            "source": 3,
            "dest": 0,
            "count": 2
        },
        {
            "id": "2_0",
            "source": 2,
            "dest": 0,
            "count": 1
        },
        {
            "id": "5_1",
            "source": 5,
            "dest": 1,
            "count": 1
        },
        {
            "id": "2_3",
            "source": 2,
            "dest": 3,
            "count": 1
        },
        {
            "id": "1_8",
            "source": 1,
            "dest": 8,
            "count": 2
        },
        {
            "id": "0_9",
            "source": 0,
            "dest": 9,
            "count": 2
        },
        {
            "id": "9_2",
            "source": 9,
            "dest": 2,
            "count": 1
        },
        {
            "id": "9_4",
            "source": 9,
            "dest": 4,
            "count": 1
        },
        {
            "id": "9_5",
            "source": 9,
            "dest": 5,
            "count": 1
        },
        {
            "id": "9_1",
            "source": 9,
            "dest": 1,
            "count": 1
        },
        {
            "id": "2_4",
            "source": 2,
            "dest": 4,
            "count": 1
        }
    ],
    "verbs": {
        "download": 179,
        "to": 138,
        "from": 149,
        "load": 6,
        "onto": 57,
        "retrieve": 7,
        "for": 9,
        "by": 18,
        "launch": 2,
        "receive": 5,
        "use": 41,
        "upload": 18,
        "of": 41,
        "on": 24,
        "drop": 5,
        "execute": 41,
        "write": 2,
        "create": 4,
        "have": 25,
        "activate": 1,
        "contain": 4,
        "deploy": 8,
        "transfer": 4,
        "in": 3,
        "make": 1,
        "control": 1,
        "deliver": 3,
        "spearphishe": 1,
        "contact": 3,
        "with": 8,
        "compromise": 2,
        "within": 1,
        "save": 1,
        "replace": 1,
        "obtain": 2,
        "request": 1,
        "be": 2,
        "as": 5,
        "update": 3,
        "copy": 6,
        "instal": 3,
        "into": 8,
        "run": 3,
        "install": 2,
        "begin with": 2,
        "infect": 2,
        "perform": 1,
        "upgrade": 1,
        "push": 1,
        "steal": 1,
        "destroy": 1,
        "over": 4,
        "add": 1,
        "base on": 1,
        "place": 1,
        "find": 1,
        "abuse": 1,
        "extract": 1,
        "open": 1,
        "follow": 2,
        "target": 1,
        "during": 2
    }
}