{
    "id": "T1119",
    "tech_id": "T1119",
    "tech_name": "Automated Collection",
    "best_phrases": [],
    "tactics": [
        "TA0009"
    ],
    "features": [
        "DATA",
        "FUNCTION",
        "COMPONENT",
        "ENCRYPTION",
        "NETWORK",
        "DIRECTORY",
        "USER",
        "REGISTRY"
    ],
    "locations": [
        "Linux",
        "macOS",
        "Windows",
        "IaaS",
        "SaaS"
    ],
    "procedures": [
        "relationship--11bc3d01-fc44-415c-b5a3-5576f5cb6057",
        "relationship--121a09bd-f603-4476-a149-a3cba52f268c",
        "relationship--12c94395-26b4-46a5-bb10-dab19b5f1a30",
        "relationship--13183327-ca7a-4237-98be-c4c7215bf3d3",
        "relationship--1de5c5fb-ba73-446b-8596-225cb5bcb611",
        "relationship--228e71e2-0e76-4020-a850-7a568412259b",
        "relationship--26088143-9fdc-4fb5-aa04-27ea21836da0",
        "relationship--34efccbe-b184-444d-8ce3-3a3e2bc2f988",
        "relationship--394a227d-585f-48a5-84ac-cc40a0ad80e6",
        "relationship--45d6e0d0-5de1-4382-ae08-acf4f035a740",
        "relationship--47aebf09-4bee-4639-94e3-27b095d7558a",
        "relationship--4be42e8a-4547-43c5-97bf-01440994f95b",
        "relationship--4c2924c1-dec5-4390-87d7-c52e24a92512",
        "relationship--4ed42682-d3ad-4a4f-8576-ccdf28ce642b",
        "relationship--5027a119-ff43-4ca6-a862-3efe39b29b3e",
        "relationship--5197fd7a-766f-45da-87f5-c469377460d1",
        "relationship--53fb076c-5f59-45da-bbc2-94b5f3a3eb91",
        "relationship--55ffbd77-ec97-4dca-9399-b9e4b62fbbf8",
        "relationship--57a9c0ef-6b92-415e-9f72-a78483e35f5f",
        "relationship--6caff042-f300-421c-b6c8-6c8dd6d69f1b",
        "relationship--715d1910-181b-47a8-9b3c-86cba51b8ba4",
        "relationship--7a6c1581-a077-4c8f-8111-3264fa9e1e9c",
        "relationship--7a892ca0-f915-4dc1-817a-cdcfb6777f28",
        "relationship--7f1c1e43-07dc-4deb-a27f-9f140a894c51",
        "relationship--7fb8ef27-0c19-4e31-9122-f89cd4283427",
        "relationship--82b85b1c-e6f8-443a-b64a-11b63907755f",
        "relationship--83d16911-5fa1-4646-9718-6af0852dcb9a",
        "relationship--87648492-36d0-4f94-b318-17280b101678",
        "relationship--8ec92ea1-6021-4e0f-9737-826e9f243830",
        "relationship--8f7fe970-0a16-4007-84ae-e7294d06595f",
        "relationship--982474f3-d61d-49ac-b5be-30553e872db1",
        "relationship--985bb7ab-6853-4906-98a0-1945e4504ee8",
        "relationship--a24299ed-9735-453c-bd13-66269b2d5d16",
        "relationship--a6046634-68c8-4a9e-a58f-58fd8876346a",
        "relationship--a83182d2-b619-4ca4-984b-21ecfe43da26",
        "relationship--ab431fe4-eb1b-48ed-a105-7d50b8d0beda",
        "relationship--ac7d5b88-7929-4f64-abcd-8219caafac24",
        "relationship--b0a0e3c7-e1b2-4b84-8e37-8989147785d0",
        "relationship--b3dd4e4e-0bb8-4487-8336-b5d9024045eb",
        "relationship--b5766b7d-0a7d-4bbc-8a44-211825de80db",
        "relationship--b61e25f5-89cd-4c64-90e6-15b8b21a3a10",
        "relationship--b98063a7-6649-429f-8376-4d59499e7674",
        "relationship--b990e235-dcf4-48c7-800d-b8a10a62eda4",
        "relationship--bd651c13-04c8-4bff-9e68-b53b5f662510",
        "relationship--c51dce73-f92b-4eaa-b00b-4466f3e3ae09",
        "relationship--c87cbebf-6b1f-480d-802d-5a2004256183",
        "relationship--c9e82790-f096-46f0-ba55-579d77ec3ea8",
        "relationship--cd58d271-9ee2-45d6-9ca3-22ae8da639b5",
        "relationship--dd380abd-e1d8-4c8a-bd87-6e7a110fe0b4",
        "relationship--e8edbb73-b8bf-42f5-85a3-091b3a4fd955",
        "relationship--e9a4ceb4-ed33-48c4-b1f3-f73883b0e207",
        "relationship--f2f93fbb-2164-4de7-9d0b-24ad93caf7f2",
        "relationship--f47a9039-b5c0-49e5-9998-2820b075643f",
        "relationship--f60b8223-eea6-422e-99c6-7f9b70e8ea53"
    ],
    "graph_nodes": [
        {
            "count": 47,
            "id": 0,
            "texts": [
                "T9000",
                "Rover",
                "Micropsia",
                "ccf32",
                "Gamaredon Group",
                "Comnie",
                "threat actors",
                "NETWIRE",
                "PoetRAT",
                "APT1",
                "Proxysvc",
                "attacker",
                "BADNEWS",
                "TajMahal",
                "Ke3chang",
                "FIN5",
                "VERMIN",
                "Metamorfo",
                "APT28",
                "WindTail",
                "AppleSeed",
                "Valak",
                "OutSteel",
                "LightNeuron",
                "Bankshot",
                "StrongPity",
                "FunnyDream",
                "Attor",
                "Confucius",
                "Ramsay",
                "RTM",
                "threat actors",
                "FIN6",
                "Patchwork",
                "Tropic Trooper",
                "adversary",
                "Sidewinder",
                "Chimera",
                "GoldFinder",
                "Threat Group-3390",
                "Mustang Panda",
                "InvisiMole",
                "Crutch",
                "Zebrocy",
                "menuPass",
                "MESSAGETAP",
                "threat actor"
            ],
            "label": "ACTOR"
        },
        {
            "count": 31,
            "id": 1,
            "texts": [
                "removable storage devices",
                "removable drives",
                "local system",
                "compromised host",
                "compromised systems",
                "infected system",
                "Azure AD environments",
                "compromised system",
                "USB devices",
                "victim systems",
                "environment",
                "machine",
                "website browsing",
                "clipboard",
                "non-removable drives",
                "USB drives",
                "screen images",
                "keystrokes",
                "compromised system",
                "removable media",
                "connected network drives",
                "local system",
                "compromised PoS systems",
                "drives",
                "compromised machine",
                "targeted system",
                "inserted drive",
                "removable drives",
                "system",
                "host machine",
                "user"
            ],
            "label": "COMPONENT"
        },
        {
            "count": 157,
            "id": 2,
            "texts": [
                "files",
                "pre-defined list",
                "file extensions",
                ".xlsx",
                ".pptx",
                ".doc",
                ".docx",
                ".xls",
                ".ppt",
                "matching files",
                "files",
                "list",
                "file extensions",
                "regular timeframe",
                "files",
                "list",
                "file extensions",
                "files",
                "documents",
                "file",
                "discovery information",
                "information",
                "data",
                "data",
                "files",
                "directories",
                "valid credit card numbers",
                "username",
                "information",
                "domain name",
                "machine name",
                "text file",
                "data",
                "files",
                "extensions",
                "files",
                "frequent and scheduled data",
                "results",
                "file",
                "generated format",
                "dd-MM-yyyy}.txt",
                "continuous screenshots",
                "contents",
                "documents",
                "files",
                "array",
                "file extensions",
                "data",
                "USB drives",
                "screen images",
                "keystrokes",
                "report",
                "harvested credential data",
                "files",
                "extensions",
                "files",
                "files",
                "files",
                "list",
                "file extensions",
                "files",
                "data",
                "images",
                "documents",
                "extensions",
                "xlsx",
                "jpg",
                "png",
                "doc",
                "xlsm",
                "odp",
                "pptx",
                "xlm",
                "ods",
                "rtf",
                "jpeg",
                "xls",
                "txt",
                "ppt",
                "docx",
                "pdf",
                "odt",
                "documents",
                "Microsoft Word documents",
                "screenshots",
                "strings",
                "system information",
                "username",
                "domain name",
                "machine name",
                "data",
                "log file",
                "files",
                "extensions",
                "generated files",
                "list",
                "information",
                "system and network configuration information",
                "data",
                "memory",
                "information",
                "HTTP response/status code",
                "values",
                "data",
                "route",
                "HTTP response headers",
                "hops",
                "target C2 URL",
                "file types",
                "interest",
                "files",
                "files",
                "documents",
                "encrypted file",
                "files",
                "information",
                "device information",
                "CloudFormation templates",
                "AWS Inspector reports",
                "data",
                "EC2 user data",
                "IAM credential reports",
                "files",
                "extensions",
                ".lhz",
                ".bmp",
                ".hsf",
                ".tiff",
                ".zip",
                ".pdf",
                ".hse",
                ".jpeg",
                ".sbx",
                ".jpg",
                ".xls",
                ".pptx",
                ".rar",
                ".docx",
                ".kum",
                ".cr",
                ".doc",
                ".xlsx",
                ".tlg",
                "Active Directory files",
                "data",
                "information",
                "report",
                "files",
                "parm.txt",
                "keyword_parm.txt",
                "data",
                "SMS message data",
                "keyword",
                "IMSI number",
                "phone number",
                "list",
                "CSV file"
            ],
            "label": "DATA"
        },
        {
            "count": 27,
            "id": 3,
            "texts": [
                "*",
                "that",
                "send queue",
                ":",
                "0",
                "{",
                "archiving",
                "xlsx",
                "jpg",
                "png",
                "doc",
                "xlsm",
                "odp",
                "pptx",
                "xlm",
                "ods",
                "rtf",
                "jpeg",
                "xls",
                "txt",
                "ppt",
                "docx",
                "pdf",
                "odt",
                "one",
                "that",
                "later theft"
            ],
            "label": "OTHER"
        },
        {
            "count": 9,
            "id": 4,
            "texts": [
                "local user directory",
                "%temp%\\info.dat",
                "files",
                "directories",
                "directory",
                "directory",
                "directory",
                "C:\\",
                "directories"
            ],
            "label": "DIRECTORY"
        },
        {
            "count": 21,
            "id": 5,
            "texts": [
                "RAR tool",
                "archive",
                ".lhz",
                ".bmp",
                ".hsf",
                ".tiff",
                ".zip",
                ".pdf",
                ".hse",
                ".jpeg",
                ".sbx",
                ".jpg",
                ".xls",
                ".pptx",
                ".rar",
                ".docx",
                ".kum",
                ".cr",
                ".doc",
                ".xlsx",
                ".tlg"
            ],
            "label": "ENCRYPTION"
        },
        {
            "count": 70,
            "id": 6,
            "texts": [
                "scripts",
                "batch script",
                "script",
                "ROADTools",
                "Azure Graph API",
                "module",
                "PoshC2",
                "file system monitoring",
                "modification",
                "Empire",
                "batch script",
                "discovery techniques",
                "frequent and scheduled data",
                "processes",
                "automated scripts",
                "mouse clicks",
                "timers",
                "website browsing",
                "clipboard",
                "tool",
                "USBStealer",
                "USB drives",
                "screen images",
                "keystrokes",
                "module",
                "file searcher component",
                "changes",
                "file stealer",
                "initial scan",
                "follow up scans",
                "browsing activity",
                "Empire",
                "script",
                "events",
                "file stealer",
                "USBferry attack",
                "tools",
                "continuous retrieval",
                "HTTP response/status code",
                "values",
                "data",
                "route",
                "HTTP response headers",
                "hops",
                "target C2 URL",
                "command",
                "Mythic",
                "scripting",
                "file downloads",
                "agents",
                "custom batch scripts",
                "loop",
                "Helminth VBScript",
                "batch script",
                "commands",
                "command prompt",
                "RotaJakiro",
                "Linux distribution",
                "commands",
                "Pacu",
                "CloudFormation templates",
                "AWS Inspector reports",
                "data",
                "EC2 user data",
                "IAM credential reports",
                "Csvde tool",
                "instruction",
                "operators",
                "ShimRatReporter",
                "instructions"
            ],
            "label": "FUNCTION"
        },
        {
            "count": 21,
            "id": 7,
            "texts": [
                "remote C2",
                "control server",
                "DCCC and DNC networks",
                "control server",
                "URL",
                "C2",
                "HTTP response/status code",
                "values",
                "data",
                "route",
                "HTTP response headers",
                "hops",
                "target C2 URL",
                "C2 node",
                "packet",
                "hardcoded C2",
                "C2",
                "C2",
                "keyword",
                "IMSI number",
                "phone number"
            ],
            "label": "NETWORK"
        },
        {
            "count": 6,
            "id": 8,
            "texts": [
                "victim",
                "victim",
                "victim",
                "user",
                "host machine",
                "user"
            ],
            "label": "USER"
        },
        {
            "count": 1,
            "id": 9,
            "texts": [
                "custom DLLs"
            ],
            "label": "REGISTRY"
        }
    ],
    "graph_edges": [
        {
            "id": "0_1",
            "source": 0,
            "dest": 1,
            "count": 9
        },
        {
            "id": "0_2",
            "source": 0,
            "dest": 2,
            "count": 45
        },
        {
            "id": "1_2",
            "source": 1,
            "dest": 2,
            "count": 3
        },
        {
            "id": "2_3",
            "source": 2,
            "dest": 3,
            "count": 7
        },
        {
            "id": "2_4",
            "source": 2,
            "dest": 4,
            "count": 5
        },
        {
            "id": "2_1",
            "source": 2,
            "dest": 1,
            "count": 13
        },
        {
            "id": "0_5",
            "source": 0,
            "dest": 5,
            "count": 1
        },
        {
            "id": "5_2",
            "source": 5,
            "dest": 2,
            "count": 2
        },
        {
            "id": "0_6",
            "source": 0,
            "dest": 6,
            "count": 31
        },
        {
            "id": "6_1",
            "source": 6,
            "dest": 1,
            "count": 6
        },
        {
            "id": "3_2",
            "source": 3,
            "dest": 2,
            "count": 3
        },
        {
            "id": "0_7",
            "source": 0,
            "dest": 7,
            "count": 4
        },
        {
            "id": "6_2",
            "source": 6,
            "dest": 2,
            "count": 19
        },
        {
            "id": "2_7",
            "source": 2,
            "dest": 7,
            "count": 8
        },
        {
            "id": "6_4",
            "source": 6,
            "dest": 4,
            "count": 2
        },
        {
            "id": "2_8",
            "source": 2,
            "dest": 8,
            "count": 2
        },
        {
            "id": "0_4",
            "source": 0,
            "dest": 4,
            "count": 2
        },
        {
            "id": "0_3",
            "source": 0,
            "dest": 3,
            "count": 1
        },
        {
            "id": "2_6",
            "source": 2,
            "dest": 6,
            "count": 8
        },
        {
            "id": "1_8",
            "source": 1,
            "dest": 8,
            "count": 1
        },
        {
            "id": "8_7",
            "source": 8,
            "dest": 7,
            "count": 1
        },
        {
            "id": "7_3",
            "source": 7,
            "dest": 3,
            "count": 1
        },
        {
            "id": "6_0",
            "source": 6,
            "dest": 0,
            "count": 1
        },
        {
            "id": "0_9",
            "source": 0,
            "dest": 9,
            "count": 1
        },
        {
            "id": "9_6",
            "source": 9,
            "dest": 6,
            "count": 1
        },
        {
            "id": "6_7",
            "source": 6,
            "dest": 7,
            "count": 2
        },
        {
            "id": "7_1",
            "source": 7,
            "dest": 1,
            "count": 1
        },
        {
            "id": "6_5",
            "source": 6,
            "dest": 5,
            "count": 1
        },
        {
            "id": "5_4",
            "source": 5,
            "dest": 4,
            "count": 1
        },
        {
            "id": "4_8",
            "source": 4,
            "dest": 8,
            "count": 1
        },
        {
            "id": "1_6",
            "source": 1,
            "dest": 6,
            "count": 1
        },
        {
            "id": "2_5",
            "source": 2,
            "dest": 5,
            "count": 1
        },
        {
            "id": "3_6",
            "source": 3,
            "dest": 6,
            "count": 1
        },
        {
            "id": "7_2",
            "source": 7,
            "dest": 2,
            "count": 1
        },
        {
            "id": "3_0",
            "source": 3,
            "dest": 0,
            "count": 1
        }
    ],
    "verbs": {
        "search": 2,
        "for": 12,
        "with": 14,
        "of": 20,
        "to": 20,
        "collect": 23,
        "from": 15,
        "base": 2,
        "on": 10,
        "execute": 5,
        "archive": 3,
        "base on": 1,
        "deploy": 1,
        "scan": 3,
        "upload": 2,
        "store": 2,
        "in": 6,
        "use": 14,
        "about": 3,
        "gather": 4,
        "parse": 1,
        "contain": 2,
        "track": 1,
        "perform": 1,
        "send": 3,
        "monitor": 4,
        "copy": 2,
        "compress": 2,
        "into": 3,
        "pull": 1,
        "save": 2,
        "set": 1,
        "add": 1,
        "possess": 1,
        "download": 1,
        "build": 1,
        "under": 1,
        "generate": 2,
        "within": 2,
        "have": 1,
        "steal": 1,
        "conduct": 1,
        "tag": 1,
        "capture": 1,
        "match": 2,
        "iterate": 1,
        "bind": 1,
        "remove": 1,
        "develop": 1,
        "enumerate": 1,
        "as": 1,
        "relate to": 2,
        "receive from": 1,
        "run": 1,
        "compile": 1,
        "support": 1,
        "receive": 1,
        "depend": 1,
        "without": 2,
        "check": 2,
        "extract": 1,
        "by": 1
    }
}