{
    "id": "T1113",
    "tech_id": "T1113",
    "tech_name": "Screen Capture",
    "best_phrases": [],
    "tactics": [
        "TA0009"
    ],
    "features": [
        "DATA",
        "FUNCTION",
        "COMPONENT",
        "USER",
        "DIRECTORY",
        "NETWORK",
        "ENCRYPTION",
        "REGISTRY"
    ],
    "locations": [
        "Linux",
        "macOS",
        "Windows"
    ],
    "procedures": [
        "relationship--0471088d-7b45-4fec-8946-ae5bf463286b",
        "relationship--06b747a6-a3d2-441e-9a24-b79491be3647",
        "relationship--073215cd-bc1e-48e8-8f3a-7d24f18b32c6",
        "relationship--08109d9e-3258-4b9b-8e1d-ea90d05c18b9",
        "relationship--08b30f76-ca12-4d2c-9345-ee51bfd54e9f",
        "relationship--09869965-8dcd-4c20-a997-c075b6ed0434",
        "relationship--09c63f56-1c5b-4195-9d1a-73b77865ffb8",
        "relationship--0bd9fd2b-e2f7-48f1-8988-31c041691585",
        "relationship--0c1f6d5f-3094-4834-94a9-5a615e7c319c",
        "relationship--0f64f141-1f0f-4374-879d-b08f0fda8979",
        "relationship--11010986-1b4d-4158-b47d-bbff34306c98",
        "relationship--145d2112-b679-4d72-b484-7524f944e128",
        "relationship--147d2e66-25de-42ea-8592-eb51333f595c",
        "relationship--16d5d573-60bb-402c-88c3-2bc0af8388eb",
        "relationship--18ed716d-2865-4a7a-98f8-915f07c183dc",
        "relationship--1957974e-1995-4d35-a32b-e355ae219ff8",
        "relationship--1f7e10b8-f8ea-4731-af67-7201452d32be",
        "relationship--21c130df-4123-4f57-9ea2-9ceac05af597",
        "relationship--28d4a66d-2b1f-4662-9e8e-4ba8ff4bcaf0",
        "relationship--290c4e3b-00be-411f-b0c8-919e85e08a49",
        "relationship--2d840d1b-28d7-4387-86fd-6d3df8650171",
        "relationship--2d920718-61fc-4e10-ad09-df0a00d69cd4",
        "relationship--2fb2a011-a35a-403a-a86b-d5489b1fa5c6",
        "relationship--33fb5b08-700d-4c29-a971-c7493b904d1a",
        "relationship--36cdeef3-a216-44cd-ad79-dd8085e86fc3",
        "relationship--3982f2f1-8fdd-4ccd-84e6-6a13c919c4c9",
        "relationship--3a9117f6-9244-4d09-a69b-43afbb4d2998",
        "relationship--3d1fe308-5bef-4e7a-9daa-333680a11d7b",
        "relationship--3e2d4ce8-0006-4571-b8ea-dbfc4bf7302f",
        "relationship--3edc3698-c8a9-4212-b34e-1f3a44fbd00d",
        "relationship--4183341a-f5ed-4914-9dc5-0eb7c1d6c4e6",
        "relationship--45060bf9-f01b-48a2-8a03-082ad7e7945f",
        "relationship--45a1721f-67a3-479a-befe-d136ed0fdad3",
        "relationship--45cd89d8-68fd-42a2-94ba-7796a696bc47",
        "relationship--48f662fe-1ba2-4c19-b782-dd06d9fb67fa",
        "relationship--48fb8267-5d68-467b-a2c0-8302cc15ebed",
        "relationship--494a0c44-2822-4f53-977e-f36a949d8258",
        "relationship--49d50fde-cfbc-4007-befc-f4b22b9bc9f5",
        "relationship--4ab6eb52-821c-45da-b7d9-63840fe657cf",
        "relationship--4b3274fe-1960-4d1e-91d1-2091e467c45b",
        "relationship--4deeafce-daf7-4dc8-a949-80eaf086ca0e",
        "relationship--4e2f4bbd-ea3b-4996-bc2a-3d670d9f5cf5",
        "relationship--4ea07638-aca6-400b-9979-26b9002e990c",
        "relationship--4f2fb45a-8359-4c75-93ae-095fcf9f856e",
        "relationship--4f8e76b5-603e-4557-8635-465d988a4072",
        "relationship--513f6b4c-c9b1-4339-910e-376b2a908689",
        "relationship--516fd2f8-a709-43f4-86e1-c753e28113e1",
        "relationship--5249b0e7-878e-44db-9d59-f162067f1852",
        "relationship--535b87bb-31fd-4e14-8279-c64c301e912d",
        "relationship--5797b454-e7cc-45a3-9bf1-7708d7286531",
        "relationship--6184b127-47cf-43fc-880b-890554d9cc9a",
        "relationship--638b21af-b5d5-44dd-9d14-ea3c2be3eb4e",
        "relationship--65f7704a-358a-464d-b09b-fee5dd96adf3",
        "relationship--6c10bd99-6932-451d-b739-13adf1276a22",
        "relationship--6db82410-1fcf-483a-be5b-cf09c361b4eb",
        "relationship--6f01abdc-bd94-4645-afed-8d3bd365bba4",
        "relationship--6f6b8a04-916e-4f33-8837-ff48e00e771b",
        "relationship--717d87d5-df97-48a9-8766-c9a947541e1d",
        "relationship--7201204c-d21f-4560-a3d1-c75fabacb4c4",
        "relationship--7296e1e2-514d-4a6c-a1fe-18558a5e3b0f",
        "relationship--7331b11d-1d5e-4275-ba7e-a83ec4a59259",
        "relationship--75a82c43-c3f2-4cec-a9cb-3407b03f27b7",
        "relationship--778765e1-7eb6-46b1-a370-6dfe09081ee3",
        "relationship--77c31f47-883a-4381-a70e-96bd5f1371d3",
        "relationship--77fd0c13-d101-438a-a3fb-dfdcaa6e21ce",
        "relationship--792c5ad3-87ca-473f-998b-654f29a5b10f",
        "relationship--7ba62129-a4ba-42b4-9971-4a650682cb52",
        "relationship--7e1ace47-17af-4291-b5f1-6b3c64c8ea6d",
        "relationship--8140f09f-af3b-45e1-ae7c-f2dc85b8930e",
        "relationship--83c4e8d9-1746-43eb-af67-71e10a24da6f",
        "relationship--85fda77f-5129-4de7-bc44-f81ccc46f6d9",
        "relationship--8630a3fb-9f65-4c54-b3d6-c379d03029dc",
        "relationship--8852f9e4-c2f1-4d24-8bc6-8539ec4180a5",
        "relationship--89574823-b59e-4a8e-87b1-8bbb9531b603",
        "relationship--8a039d93-db2d-4a98-81d4-357425574bab",
        "relationship--8bcc4714-800c-4d13-8b85-2bdf107f5fb4",
        "relationship--8d761618-146f-4219-9b50-a4ceca6b2210",
        "relationship--8e69c855-db70-4b5e-866b-f9ce0b786156",
        "relationship--9069440f-f2d0-4548-94a8-6759a31b1425",
        "relationship--90ce2bf5-4fef-4d9d-b670-2a5ae8b7ba4d",
        "relationship--91718be6-b03a-48fd-a1ab-a54d7148ffa2",
        "relationship--932beba4-bb6a-4174-abe3-353d2e39337c",
        "relationship--9532ee14-8d66-41c1-855a-209fbb3ee3af",
        "relationship--97a68907-3642-4f23-aeae-55ad5bbd7b86",
        "relationship--988a0f0f-b3dc-4ff7-8062-29d3975cb897",
        "relationship--9ae45b84-016d-4617-a4fd-3a309dc94b57",
        "relationship--9cb17d40-fe0f-4b68-bac7-78778c8772d7",
        "relationship--a56aafe6-4a54-4ce5-b927-8b56826b3445",
        "relationship--a724a449-cd4d-419a-90a0-cdd5927c60b7",
        "relationship--a80ece05-37e1-4828-a9e8-27b30524960b",
        "relationship--a883e4c6-6a40-4660-9120-b2430099ccb6",
        "relationship--ac773743-8f22-4193-a2de-b562e7a13709",
        "relationship--ade60661-8dfb-473a-8d12-014ba0273934",
        "relationship--af7323ae-bb42-49fd-9c8d-218a1335f662",
        "relationship--b0a40611-da3c-4447-b0af-fa66f927b623",
        "relationship--b2ae2606-fea8-4caf-a79e-91f09932d6d4",
        "relationship--b2b873cd-8618-426e-9cae-9e6755acafad",
        "relationship--b4795040-fe94-429a-9853-f30c09ba05aa",
        "relationship--b5d200f9-2b85-46c8-980a-0692e49ccdfc",
        "relationship--b81d449d-9ebd-4fb8-a77a-bb6bca93581b",
        "relationship--b8a7be73-89a5-4689-8eea-280b745bd3cc",
        "relationship--b8bab261-69f2-49b4-83df-c2f8997753b1",
        "relationship--bb39cbf2-a9dc-4c31-9fb9-b6c456c2005c",
        "relationship--bd2f299e-e471-4f32-96b6-8dc32e872c74",
        "relationship--bec2b0d9-b76e-4acb-a9a4-adebe4c854c0",
        "relationship--c0223316-4b0b-461e-8947-01c0f5baeef2",
        "relationship--c2888af5-ccdd-43f1-947c-1abd69272ec2",
        "relationship--c4d751fa-60cc-4254-9737-d7df6518eabe",
        "relationship--c4f662d6-7e47-4161-bf8d-dd445ae901b1",
        "relationship--c67ddbdb-7e07-45b3-9f7d-5cdf959ac3b2",
        "relationship--c784f835-5d15-4fc6-a7ad-88d1a9050159",
        "relationship--ca71a63a-4481-46d2-98b2-b83cce190380",
        "relationship--cdb1549e-d3e6-4826-8f42-ca85fa9d08eb",
        "relationship--d0eaa321-d917-4dee-aca4-6644ed2df1df",
        "relationship--d5b4ef43-ddb4-4f95-95b9-6a352700bb77",
        "relationship--d8a844bc-373b-44aa-831a-da33d1505ae3",
        "relationship--d9338b91-b07b-4ea1-9e2f-4fe06e58ce62",
        "relationship--dd812f2c-a0a0-4543-af23-25e71c899bf4",
        "relationship--dd89d8a2-257a-47f9-8b55-8011ca53007b",
        "relationship--dde11422-660a-42b1-b231-fb2fd98ed644",
        "relationship--e1a70685-4492-4866-a10b-7630be265c86",
        "relationship--e43ab91c-ad83-4469-8a8f-ce3337cdcb12",
        "relationship--e67e4cbe-e8f6-433b-a1d2-e869c35f6a52",
        "relationship--e7477fbb-361f-4502-99d4-75576d6d3ac7",
        "relationship--e769177d-17b8-443b-b939-206d724fbb40",
        "relationship--e8a1c5ce-e02f-44f6-939d-a77378f06890",
        "relationship--e93c8f61-b2c9-4877-8c2c-12bd37aa5a87",
        "relationship--ea2f957a-b144-4f06-b3fe-891df62f9444",
        "relationship--eb2f2175-9c0f-4217-b5da-7e29b882e4e2",
        "relationship--ec8f73de-eab1-4d3b-88c0-7885716aa748",
        "relationship--ed522c9c-038b-43c0-af66-e81b954104f2",
        "relationship--ed592480-2e4d-4604-aa8d-89bf58d72f6b",
        "relationship--ed8a6815-fd13-4e73-9b17-6b4025c0861c",
        "relationship--ee1b1aee-a635-4008-813d-fab125f0b0a5",
        "relationship--f097324d-6665-4d2d-8d84-eb05bada0dd3",
        "relationship--f2f155f1-5152-4681-9c0b-b4a01968fa2e",
        "relationship--f443e72c-68a6-4d46-b2aa-96b1aafd5f6b",
        "relationship--f44842c1-f17d-4bb0-8803-3eee13cf831e",
        "relationship--f53a225d-093b-4d90-9916-1e5981dbf95a",
        "relationship--f590ef19-3b83-459d-993c-a599407b7ca0",
        "relationship--f6d23c00-158e-4e39-bf9b-f18344cd0151",
        "relationship--f7e3c06d-61a2-4008-89af-4380e7d71ced",
        "relationship--fb99048f-bb37-47be-b2a5-d03d9ff087f1",
        "relationship--fc67e15c-ae09-45e1-925f-8a6b0e8ca4ab",
        "relationship--fdde7cd5-dd87-4280-b2df-6bd01fae8ea6"
    ],
    "graph_nodes": [
        {
            "count": 126,
            "id": 0,
            "texts": [
                "Pteranodon",
                "GRIFFON",
                "FruitFly",
                "SMOKEDHAM",
                "Agent Tesla",
                "Dragonfly",
                "Daserf",
                "Turian",
                "HyperBro",
                "Socksbot",
                "metaMain",
                "BlackEnergy",
                "StoneDrill",
                "TURNEDUP",
                "Trojan.Karagany",
                "FinFisher",
                "Cobian RAT",
                "BADNEWS",
                "Ramsay",
                "Carbanak",
                "ObliqueRAT",
                "Chrommme",
                "RedLeaves",
                "CharmPower",
                "SysUpdate",
                "Cardinal RAT",
                "FIN7",
                "RainyDay",
                "RTM",
                "FlawedAmmyy",
                "Machete",
                "ZxShell",
                "ECCENTRICBANDWAGON",
                "Cadelspy",
                "SHUTTERSPEED",
                "Clambling",
                "PoetRAT",
                "CrossRAT",
                "StrifeWater",
                "Prikormka",
                "BRONZE BUTLER",
                "BISCUIT",
                "MacMa",
                "BADHATCH",
                "Janicab",
                "Octopus",
                "KONNI",
                "Zeus Panda",
                "KEYMARBLE",
                "DOGCALL",
                "Metamorfo",
                "Azorult",
                "njRAT",
                "Cannon",
                "TajMahal",
                "NETWIRE",
                "SharpStage",
                "gh0st RAT",
                "InvisiMole",
                "OilRig",
                "APT28",
                "RDAT",
                "Derusbi",
                "Matryoshka",
                "POORAIM",
                "Aria-body",
                "RCSession",
                "Valak",
                "POWERSTATS",
                "UPPERCUT",
                "GOLD SOUTHFIELD",
                "LitePower",
                "BadPatch",
                "Rover",
                "Lizar",
                "Peppy",
                "TinyZBot",
                "MuddyWater",
                "Crimson",
                "EvilGrab",
                "CHOPSTICK",
                "ZLib",
                "CosmicDuke",
                "Attor",
                "Silence",
                "SVCReady",
                "Flame",
                "VERMIN",
                "Ursnif",
                "Woody RAT",
                "LookBack",
                "Mafalda",
                "Kivars",
                "Group5",
                "APT39",
                "NightClub",
                "DustySky",
                "Bandook",
                "Hydraq",
                "Kasidet",
                "Kazuar",
                "HALFBAKED",
                "POWRUNER",
                "yty",
                "Micropsia",
                "KeyBoy",
                "XAgentOSX",
                "ROKRAT",
                "Revenge RAT",
                "Proton",
                "AppleSeed",
                "Remexi",
                "T9000",
                "Carberp",
                "BLUELIGHT",
                "MacSpy",
                "SLOTHFULMEDIA",
                "RogueRobin",
                "Chaes",
                "jRAT",
                "Dark Caracal",
                "HotCroissant",
                "Catchamas",
                "XCSSET",
                "QuietSieve",
                "MarkiRAT"
            ],
            "label": "ACTOR"
        },
        {
            "count": 125,
            "id": 1,
            "texts": [
                "screenshots",
                "configurable interval",
                "screenshot",
                "screenshots",
                "screenshot",
                "JPG image",
                "Screenshot",
                "screenshots",
                "hash",
                "screenshots",
                "screenshots",
                "desktop screenshot",
                "file",
                "screenshot",
                "seconds",
                "screen",
                "screenshot",
                "screenshots",
                "screenshots",
                "screenshot",
                "screen",
                "screenshots",
                "desktop video recordings",
                "webcam photos",
                "screen shots",
                "screenshots",
                "screenshots",
                "screenshots",
                "screenshots",
                "screen",
                "screenshots",
                "screenshots",
                "screenshots",
                "screenshot",
                "screenshots",
                "JPEG and BMP format",
                "screenshots",
                "content",
                "screenshots",
                "screen",
                "screenshots",
                "screenshot",
                "screenshots",
                "screenshot",
                "screenshot",
                "screenshots",
                "screenshots",
                "desktop screenshots",
                "PNG format",
                "screenshots",
                "system screenshots",
                "screenshots",
                ".jpg format",
                "them",
                "screenshots",
                "JPEG screenshots",
                "screenshot",
                "file",
                "screenshots",
                "screenshots",
                "screenshots",
                "screenshots",
                "periodic screenshots",
                "them",
                "screenshots",
                "screenshot",
                "screenshots",
                "regular intervals",
                "regular screenshots",
                "screenshots",
                "screenshot",
                "desktop screenshots",
                "screenshot",
                "file",
                "screenshots",
                "screenshots",
                "active display",
                "screen",
                "screenshots",
                "screenshots",
                "automated screenshots",
                "PNG screenshots",
                "main screen",
                "image",
                "live feed",
                "screenshots",
                "screen",
                "screenshots",
                "screenshot",
                "screenshots",
                "screenshots",
                "screenshots",
                "screenshots",
                "screenshots",
                "screenshots",
                "content",
                "screenshots",
                "screenshots",
                "interest",
                "screenshots",
                "byte XOR encrypted .dat files",
                "display screenshots",
                "screenshot",
                "5 minutes",
                "display",
                "screenshots",
                "screenshot",
                "\"Filter3.jpg",
                "$screenshot",
                "command",
                "screenshots",
                "screenshots",
                "screenshots",
                "screenshots",
                "screenshots",
                "screen",
                "screenshots",
                "keywords",
                "title",
                ".jpg extension",
                "numbered filename",
                "intervals",
                "screenshots",
                "screenshots",
                "scr.jpg"
            ],
            "label": "DATA"
        },
        {
            "count": 87,
            "id": 2,
            "texts": [
                "screenshot module",
                "JHUHUGIT variant",
                "VK_SCREENSHOT",
                "screen captures",
                "tool",
                "scr.exe",
                "ScreenUtil",
                "Pupy",
                "mouse-logger",
                "click",
                "apparent attempt",
                "feature",
                "screen capture",
                "command",
                "desktop video recording",
                "screenshots",
                "desktop video recordings",
                "webcam photos",
                "PcShare",
                "Empire",
                "screen captures",
                "module",
                "tool",
                "command",
                "CGWindowListCreateImageFromArray",
                "Core Graphic APIs",
                "malware",
                "variant",
                "Zebrocy",
                "instant messaging applications",
                "Beacon payload",
                "CANDYKING",
                "tool",
                "tools",
                "SILENTTRINITY",
                "plugins",
                "screen captures",
                "screen capturing",
                "Brute Ratel C4",
                "remote monitoring and management tool",
                "ConnectWise",
                "screen captures",
                "Magic Hound malware",
                "screen capture functionality",
                "malware",
                "command",
                "screen captures",
                "capability",
                "plugin",
                "target applications",
                "victim screen activity",
                "Get-TimedScreenshot Exfiltration module",
                "PowerSploit",
                "screen captures",
                "hooked APIs",
                "Sliver",
                "Malware",
                "FunnyDream ScreenCap component",
                "screen capture utility",
                "Remcos",
                "module",
                "component",
                "code",
                "screen captures",
                "keylogging",
                "Gdi32.BitBlt API",
                "operator",
                "command",
                "screen grabbing",
                "takeScreenShot (along with startTakeScreenShot and stopTakeScreenShot) functions",
                "CGGetActiveDisplayList, CGDisplayCreateImage, and NSImage:initWithCGImage methods",
                "ConnectWise",
                "gdi32 library",
                "plugin",
                "screen capture",
                "screencapture binary",
                "APIs",
                "C2 loop",
                "$screenshot",
                "command",
                "capability",
                "RemoteUtilities",
                "Windows malware",
                "AsyncRAT",
                "real time screen viewing",
                "screen capture",
                "Screen captures"
            ],
            "label": "FUNCTION"
        },
        {
            "count": 50,
            "id": 3,
            "texts": [
                "remote system",
                "clipboard",
                "windows",
                "system",
                "compromised machine",
                "Windows and macOS systems",
                "system",
                "windows",
                "machines",
                "machine",
                "compromised computer",
                "machine",
                "infected host",
                "windows",
                "infected system",
                "targeted systems",
                "compromised hosts",
                "compromised host",
                "compromised hosts",
                "machines",
                "system",
                "infected system",
                "targeted systems",
                "machine",
                "compromised system",
                "infected host",
                "machine",
                "Windows GDI+",
                "target machine",
                "infected host",
                "compromised host",
                "compromised host",
                "infected machine",
                "infected host",
                "victim machine",
                "remote hosts",
                "infected system",
                "compromised host",
                "windows",
                "desktop and target application windows",
                "monitors",
                "victim machine",
                "infected machine",
                "machine",
                "compromised host",
                "compromised hosts",
                "infected host",
                "window",
                "system",
                "system"
            ],
            "label": "COMPONENT"
        },
        {
            "count": 23,
            "id": 4,
            "texts": [
                "user",
                "user",
                "victim",
                "victims",
                "victim",
                "user",
                "victims",
                "victim",
                "victim",
                "victim",
                "user",
                "victims",
                "victim",
                "victim",
                "victim",
                "victim",
                "victim",
                "victim",
                "victim",
                "victim",
                "victim",
                "victim",
                "user"
            ],
            "label": "USER"
        },
        {
            "count": 1,
            "id": 5,
            "texts": [
                "\"Take Screenshot\" key"
            ],
            "label": "ENCRYPTION"
        },
        {
            "count": 21,
            "id": 6,
            "texts": [
                "desktop",
                "\\ProgramData\\Mail\\MailAg\\shot.png",
                "desktop",
                "desktop",
                "desktop",
                "desktop",
                "desktop",
                "%appdata%",
                "C:\\system\\screenshot.bmp",
                "desktop",
                "infected host desktop",
                "desktop",
                "desktop",
                "desktop",
                "user directories",
                "desktop",
                "local directory",
                "desktop",
                "local Application Data folder",
                "Temp\\SymbolSourceSymbols\\icons",
                "Temp\\ModeAuto\\icons"
            ],
            "label": "DIRECTORY"
        },
        {
            "count": 9,
            "id": 7,
            "texts": [
                "server",
                "messages",
                "C2",
                "C2",
                "C2",
                "C2",
                "C2",
                "C2",
                "VNC"
            ],
            "label": "NETWORK"
        },
        {
            "count": 10,
            "id": 8,
            "texts": [
                "that",
                "top",
                "Apple",
                "Group",
                "Strike",
                "case",
                "MoustachedBouncer",
                "GdipSaveImageToStream",
                "CreateCompatibleDC",
                "that"
            ],
            "label": "OTHER"
        },
        {
            "count": 1,
            "id": 9,
            "texts": [
                "screens_dll.dll plugin"
            ],
            "label": "REGISTRY"
        }
    ],
    "graph_edges": [
        {
            "id": "0_1",
            "source": 0,
            "dest": 1,
            "count": 69
        },
        {
            "id": "0_2",
            "source": 0,
            "dest": 2,
            "count": 45
        },
        {
            "id": "2_1",
            "source": 2,
            "dest": 1,
            "count": 37
        },
        {
            "id": "1_3",
            "source": 1,
            "dest": 3,
            "count": 37
        },
        {
            "id": "4_5",
            "source": 4,
            "dest": 5,
            "count": 1
        },
        {
            "id": "4_2",
            "source": 4,
            "dest": 2,
            "count": 1
        },
        {
            "id": "4_1",
            "source": 4,
            "dest": 1,
            "count": 2
        },
        {
            "id": "5_1",
            "source": 5,
            "dest": 1,
            "count": 1
        },
        {
            "id": "1_6",
            "source": 1,
            "dest": 6,
            "count": 18
        },
        {
            "id": "6_4",
            "source": 6,
            "dest": 4,
            "count": 5
        },
        {
            "id": "2_4",
            "source": 2,
            "dest": 4,
            "count": 1
        },
        {
            "id": "1_2",
            "source": 1,
            "dest": 2,
            "count": 6
        },
        {
            "id": "2_7",
            "source": 2,
            "dest": 7,
            "count": 5
        },
        {
            "id": "8_2",
            "source": 8,
            "dest": 2,
            "count": 2
        },
        {
            "id": "8_7",
            "source": 8,
            "dest": 7,
            "count": 1
        },
        {
            "id": "0_6",
            "source": 0,
            "dest": 6,
            "count": 6
        },
        {
            "id": "0_8",
            "source": 0,
            "dest": 8,
            "count": 2
        },
        {
            "id": "8_3",
            "source": 8,
            "dest": 3,
            "count": 1
        },
        {
            "id": "3_7",
            "source": 3,
            "dest": 7,
            "count": 1
        },
        {
            "id": "0_7",
            "source": 0,
            "dest": 7,
            "count": 3
        },
        {
            "id": "2_0",
            "source": 2,
            "dest": 0,
            "count": 1
        },
        {
            "id": "2_3",
            "source": 2,
            "dest": 3,
            "count": 11
        },
        {
            "id": "0_3",
            "source": 0,
            "dest": 3,
            "count": 8
        },
        {
            "id": "2_8",
            "source": 2,
            "dest": 8,
            "count": 4
        },
        {
            "id": "1_4",
            "source": 1,
            "dest": 4,
            "count": 7
        },
        {
            "id": "1_7",
            "source": 1,
            "dest": 7,
            "count": 4
        },
        {
            "id": "3_4",
            "source": 3,
            "dest": 4,
            "count": 7
        },
        {
            "id": "3_2",
            "source": 3,
            "dest": 2,
            "count": 1
        },
        {
            "id": "1_8",
            "source": 1,
            "dest": 8,
            "count": 1
        },
        {
            "id": "8_1",
            "source": 8,
            "dest": 1,
            "count": 2
        },
        {
            "id": "6_3",
            "source": 6,
            "dest": 3,
            "count": 2
        },
        {
            "id": "0_4",
            "source": 0,
            "dest": 4,
            "count": 1
        },
        {
            "id": "3_1",
            "source": 3,
            "dest": 1,
            "count": 1
        },
        {
            "id": "0_9",
            "source": 0,
            "dest": 9,
            "count": 1
        },
        {
            "id": "1_9",
            "source": 1,
            "dest": 9,
            "count": 1
        }
    ],
    "verbs": {
        "capture": 35,
        "at": 7,
        "use": 17,
        "take": 50,
        "of": 70,
        "press": 2,
        "access": 1,
        "to": 21,
        "save in": 1,
        "perform": 7,
        "match": 1,
        "drop": 1,
        "take around": 1,
        "send": 2,
        "save": 2,
        "into": 2,
        "on": 25,
        "for": 5,
        "in": 13,
        "hide": 1,
        "show": 1,
        "have": 10,
        "contain": 4,
        "open": 1,
        "from": 8,
        "obtain": 3,
        "exfiltrate": 2,
        "upload": 2,
        "watch": 1,
        "load": 1,
        "call": 3,
        "include": 1,
        "base on": 2,
        "stream": 1,
        "initiate": 2,
        "collect": 1,
        "with": 6,
        "as": 2,
        "over": 2,
        "name": 1,
        "view": 1,
        "do": 1,
        "base": 1,
        "under": 1
    }
}