{
    "id": "T1112",
    "tech_id": "T1112",
    "tech_name": "Modify Registry",
    "best_phrases": [],
    "tactics": [
        "TA0005"
    ],
    "features": [
        "REGISTRY",
        "FUNCTION",
        "DATA",
        "COMPONENT",
        "NETWORK",
        "ENCRYPTION",
        "DIRECTORY",
        "USER"
    ],
    "locations": [
        "Windows"
    ],
    "procedures": [
        "relationship--0167fba6-d37d-46ba-bb07-5fc70b864b3f",
        "relationship--052acd65-b05a-4645-943b-1c53a717c419",
        "relationship--052be04b-5ff3-4757-a5c1-de012997accc",
        "relationship--067ece2b-4e66-437f-88e0-8dc3f076331b",
        "relationship--072c3b1d-1ad6-447e-9512-2c6bc6e797fd",
        "relationship--0775a1ba-c95a-472e-ab1c-d21108acc907",
        "relationship--0841cd91-1151-411f-befc-0204e3a3eb30",
        "relationship--0ae212be-c07b-4f62-8c5e-9dfc0472254e",
        "relationship--0ccca05d-955c-40fa-9fd4-c10480abcf3d",
        "relationship--0cf14628-b4c0-470a-9059-43fc562717d8",
        "relationship--0dd74596-509c-4669-9d29-e1fb501c9c70",
        "relationship--0f4c2cab-c3ca-4f31-8557-485248b65761",
        "relationship--109b2118-d714-41bb-a39d-b1fd1b755b55",
        "relationship--10fb2420-a482-4909-90c6-fd9f7e5c24a6",
        "relationship--150667a8-2155-4500-b7bb-c2d6bbc568b8",
        "relationship--150f7dbe-3e64-4ee4-a621-6d416e53af63",
        "relationship--15cd99f1-29b4-4603-ae74-fdc204afead4",
        "relationship--1770cc28-c49c-4b70-b4d0-6976efaede16",
        "relationship--178116a9-6ac9-45c0-bc74-36fe9ba12686",
        "relationship--190057d5-13ad-40d2-a2f0-0177850e2905",
        "relationship--19161920-e6b5-481f-a240-62f05c624010",
        "relationship--1aae3796-86d5-4b31-ad21-e1dcc508a3b5",
        "relationship--1f5c6a39-aa0b-469e-aabe-67e4d237b213",
        "relationship--202b96f6-0f7c-4aed-8004-780f1d880059",
        "relationship--2606ed25-9f1d-4e85-822a-af39ce0d8e66",
        "relationship--2c927351-d98a-4734-83db-82ad3231e59f",
        "relationship--2dec6ce1-e459-4266-86d5-f336ab056f17",
        "relationship--2e126b9a-f902-4077-963e-64185c9544ff",
        "relationship--2e53dad4-17cc-4fe6-a3b9-d622075d78f7",
        "relationship--2e8e6362-ce7e-4fd5-8c9b-8b85b6f35a58",
        "relationship--2f11e661-a5a0-4420-b97e-b080fc4fa441",
        "relationship--2f603550-4368-4f34-89d9-50f69eed2fa9",
        "relationship--321c1e2e-c295-42db-87cf-4d71f6c7f164",
        "relationship--331f7990-d817-49ec-9d55-c4c64da7f4a6",
        "relationship--332ce4cd-311a-457f-ae10-6d8e3ef7bc77",
        "relationship--33823f15-f43f-41ef-bc14-7dea2ab21acf",
        "relationship--35317fb7-9426-4f6e-9c78-64bb7a2da67f",
        "relationship--3932fe52-ec80-4462-8598-a94a31918c43",
        "relationship--396a5415-67aa-4ec6-ae27-6be641d69e15",
        "relationship--3debe0d7-63bb-4e21-bf9b-ed5e23140e57",
        "relationship--40a8f80d-5497-4218-849c-3c0b63796641",
        "relationship--41de9761-477c-4674-aea7-64a0b0b4ab4b",
        "relationship--42a2aec6-4efb-44d0-8ae8-32a208c05da6",
        "relationship--45376fe9-2a43-4e09-942e-82be661ed572",
        "relationship--45f35ec0-73a8-42a6-b879-d800d27211c8",
        "relationship--4d58ff48-b6d8-48ba-aa29-2f34d4dc1264",
        "relationship--516712db-0e82-43a5-bd9f-f1a4cb4939c1",
        "relationship--519beaec-1b79-42d7-9739-8c22e896e0cd",
        "relationship--51b34c1f-4e2f-4bb7-98a1-fa90ed873eba",
        "relationship--53e09f15-3162-4480-8eb4-709e9c18d7fb",
        "relationship--541855dd-0249-4f63-8e95-0024f760484e",
        "relationship--552afd93-370d-4f8e-b2c0-e27d9d7e050e",
        "relationship--5abf323d-03be-4996-ab4b-89317883d0ab",
        "relationship--5bbe7733-4e20-4ee1-a29c-b8e7111781dd",
        "relationship--5edb6931-3262-40a9-acce-3016ac4153d4",
        "relationship--60202ca3-cadc-4756-99c8-a4b18e07d116",
        "relationship--61360c2f-0a26-49ca-ac7c-2758fcd26ea2",
        "relationship--631ba90c-982c-4415-a13c-75cf06e53252",
        "relationship--6592447f-31c8-46d0-8e88-47584fa301f0",
        "relationship--66a7d5ae-7975-448d-ae40-b0786a3a8cd6",
        "relationship--66f2f7b3-3df9-4d4a-bedc-ecacac3039e8",
        "relationship--66f5e718-f910-487f-852a-98a8d752b0ba",
        "relationship--676c5a2a-323b-4166-9c83-8c6e5e25bb1f",
        "relationship--67e6b603-a45d-4cbc-9b3e-546392934f7f",
        "relationship--69356661-76fb-46fe-94ce-d029ee7f8a64",
        "relationship--69bff194-c90e-4e30-a369-57da4cff014d",
        "relationship--6d39de5f-6fbd-43e3-8da8-03a4cbe46656",
        "relationship--710919f6-2c74-4f41-be51-af848ad691af",
        "relationship--713495d9-e481-4f48-af72-e3bfd474016b",
        "relationship--7431e309-f379-45a5-ae7d-0520f6b17a94",
        "relationship--75f0ea4c-5b88-4b14-9859-67379f4ba9b0",
        "relationship--76d2d007-1adb-4e04-8e79-dbd799ff57ef",
        "relationship--7a097ec6-c379-4aef-849e-fe7d9ea1e7d1",
        "relationship--7af7bfc3-7b1b-41aa-b162-47c222390815",
        "relationship--7e559e10-483a-42ca-8ddf-d8ca04ed8bd2",
        "relationship--83aedf08-e8eb-4c18-80c1-727ddb0f1d07",
        "relationship--83d63b2b-f287-4047-bbe4-82c8b100222a",
        "relationship--86245eed-44d6-4a2a-ad83-1dd6a700a7be",
        "relationship--87630bba-4308-46f2-9601-7d30795a2eb6",
        "relationship--8b3f4fd5-9acd-49e5-bae5-6996ae46aa0f",
        "relationship--8c29eb34-02dd-42c8-9324-bfad5cde2fc7",
        "relationship--8eb5293f-e310-429c-a801-596feb3903a0",
        "relationship--8ecc61b0-c0b9-4f3a-a6b4-53c88e1d9bb7",
        "relationship--8edfde6c-1ede-41eb-bc84-0d98fe24bebd",
        "relationship--91c175b7-5c8e-4534-82b1-9bdb1b709a34",
        "relationship--91f7282f-e496-462d-9fd5-6cf4d0170e91",
        "relationship--924b50b9-7de3-4036-b732-c87d08971122",
        "relationship--93addaa1-7baa-4fdd-ab92-3e58865a5ef2",
        "relationship--94b4de9a-1f83-4923-8d4b-e9bafdb1bef9",
        "relationship--98b39362-d743-49be-b07e-748b19e12158",
        "relationship--99c360a2-7395-46e4-88fc-dbd757bed5bf",
        "relationship--99eab281-6555-4aee-9d83-0e97bb3262ef",
        "relationship--9f00ebba-7e80-4495-8ba0-081e6a8cc0c8",
        "relationship--9fbc10b3-f72e-4cc8-9e94-34c6404c3a1f",
        "relationship--9fde7504-bd24-46f5-88d7-4afcb8d37f4a",
        "relationship--a21afd42-09ae-4e6b-a065-dc1b4454216d",
        "relationship--a5c59466-b7ac-44a0-804d-cdfbc88c8fba",
        "relationship--a5f5eee7-6cc2-4eb4-b918-fc771b927abc",
        "relationship--a6252cbd-82a6-4cd6-a5f6-74507cd49f72",
        "relationship--a679be02-156a-4e02-bfa5-ce07b60d147b",
        "relationship--a71256aa-a2e3-447c-ba4e-004ba4f062b2",
        "relationship--a7c6693e-d1e2-4396-982f-85978c9b97a3",
        "relationship--a9a0ecce-239c-4666-94e9-ef1fb64cf796",
        "relationship--ab11615f-a0d9-43c9-b71e-6ae83155bf3b",
        "relationship--aea0804f-e322-401f-a012-c16c25e0ac70",
        "relationship--af9347a3-00a9-4ece-b075-8c55bd4f4b9b",
        "relationship--b01341a2-dacf-4780-acf9-3325f8597409",
        "relationship--b29088a3-47cf-4799-a8e5-428472908d06",
        "relationship--b2cf7d18-daa0-45a1-b2c1-6b6056bb19c4",
        "relationship--b2d24622-d6ee-4a9f-84cc-ecb6efab9625",
        "relationship--b7dfc429-1f62-4bb1-933f-25dfd4fff9ad",
        "relationship--baabf444-1748-472f-b991-7a5b25e4e1bb",
        "relationship--bad90106-a150-4d76-b39f-f35aab4ac766",
        "relationship--bd8fec61-37c8-489b-a74b-424ff85222ad",
        "relationship--bef96df2-cc94-414d-8144-4c4875c59751",
        "relationship--c039483a-5e0f-47be-b614-0d766eda9e0f",
        "relationship--c0d119a2-c5f9-4c18-a18c-28bfa576ea9a",
        "relationship--c1566ee0-3ddb-4482-94dc-eb05e35e7afa",
        "relationship--c2496cf4-b502-44cf-ae85-efb9b882a4b1",
        "relationship--c27ceec5-2eaf-4b3b-8120-9fb691d6458b",
        "relationship--c2c31b26-7e42-43b6-964b-c959cabc53a4",
        "relationship--c75ec383-2acd-479f-b9b7-b2038ec10a7d",
        "relationship--c8475b1b-c98f-4fdc-89dd-c9b04e6fbd9c",
        "relationship--c88e7db9-47b1-4fe9-943a-98ebde29980b",
        "relationship--cacbb779-a901-470f-9bb2-cc2d98088713",
        "relationship--ceb66bd9-3e75-4559-a0b9-3339a926cde6",
        "relationship--d45fe5a0-f9e5-4f05-b40b-8693c8eab0f7",
        "relationship--d4f0554e-46bb-4fd5-94e8-900dfe3198cf",
        "relationship--d52b8760-abba-46f0-8c82-653b95cb2775",
        "relationship--d6bb4c39-f4d1-41aa-8b0a-363f198ed6ab",
        "relationship--d7983dcd-1970-4d84-82e7-a61d2125caeb",
        "relationship--d9cd513e-c863-4695-a6e0-b2e4e79c24e8",
        "relationship--dd0dbfef-065c-47c9-a9e3-ac8d02f7ca42",
        "relationship--e0999d7e-deec-446b-a86b-4c8988e20a96",
        "relationship--e0c53a14-01d3-42f6-9dea-6cb60ac72025",
        "relationship--e41eea8b-20d6-4050-96e6-6b59670f6e65",
        "relationship--e811f6e8-a736-4bb8-8cd9-c6edc9a7ebd8",
        "relationship--ec72af45-d362-41c1-99d1-7a225a823049",
        "relationship--f7ded6a1-043e-437a-8a0c-00ded73e5289",
        "relationship--f81b567d-9fd3-44f4-bd6b-9ba6f386609e",
        "relationship--f88fcb22-698b-4901-b894-a597192c2ba3",
        "relationship--f8ff17c3-2921-40c2-b4a9-19ee7678397a",
        "relationship--faa657c6-e223-4b45-8f92-b35fbd76bd56",
        "relationship--fe3c4134-ddef-45f8-b83a-6865a01b9764",
        "relationship--ff495a54-08f1-4b0f-b44d-6bbeb5240225"
    ],
    "graph_nodes": [
        {
            "count": 135,
            "id": 0,
            "texts": [
                "CharmPower",
                "Sandworm Team",
                "Turla",
                "ComRAT",
                "PlugX",
                "ShadowPad",
                "Netwalker",
                "Valak",
                "ROKRAT",
                "APT38",
                "HOPLIGHT",
                "Catchamas",
                "gh0st RAT",
                "SynAck",
                "SLOTHFULMEDIA",
                "GreyEnergy",
                "Conficker",
                "DCSrv",
                "Clambling",
                "SUNBURST",
                "attacker",
                "Explosive",
                "PolyglotDuke",
                "PoisonIvy",
                "KOCTOPUS",
                "LoJax",
                "PHOREAL",
                "PoetRAT",
                "REvil",
                "BACKSPACE",
                "DarkWatchman",
                "Grandoreiro",
                "Taidoor",
                "Stuxnet",
                "TinyTurla",
                "FELIXROOT",
                "RTM",
                "SMOKEDHAM",
                "Pillowmint",
                "PipeMon",
                "Mafalda",
                "Ember Bear",
                "Silence",
                "njRAT",
                "TA505",
                "CHOPSTICK",
                "HermeticWiper",
                "WarzoneRAT",
                "Cobalt Strike",
                "APT19",
                "Gelsemium",
                "WastedLocker",
                "metaMain",
                "Hydraq",
                "remote attackers",
                "BlackCat",
                "Black Basta",
                "PLAINTEE",
                "Gamaredon Group",
                "Uroburos",
                "Waterbear",
                "TrickBot",
                "SOUNDBITE",
                "zwShell",
                "StreamEx",
                "threat actors",
                "Caterpillar WebShell",
                "InvisiMole",
                "Metamorfo",
                "Mosquito",
                "TEARDROP",
                "Attor",
                "Lokibot",
                "ZxShell",
                "KONNI",
                "Wizard Spider",
                "APT32",
                "Pysa",
                "threat actors",
                "BADCALL",
                "Earth Lusca",
                "MegaCortex",
                "Prestige",
                "RegDuke",
                "Blue Mockingbird",
                "Neoichor",
                "Tarrask",
                "Bisonal",
                "TajMahal",
                "HyperStack",
                "Crimson",
                "Orz",
                "threat actors",
                "Dragonfly",
                "Chaes",
                "NanoCore",
                "Clop",
                "ThreatNeedle",
                "Ursnif",
                "PowerShower",
                "ADVSTORESHELL",
                "EVILNUM",
                "Zeus Panda",
                "Naid",
                "Shamoon",
                "SysUpdate",
                "LuminousMoth",
                "Mori",
                "Rover",
                "Volgmer",
                "QakBot",
                "Bankshot",
                "Kimsuky",
                "Agent Tesla",
                "Avaddon",
                "DarkTortilla",
                "Amadey",
                "APT41",
                "DarkComet",
                "Magic Hound",
                "TYPEFRAME",
                "KEYMARBLE",
                "Ferocious",
                "Cardinal RAT",
                "NightClub",
                "QUADAGENT",
                "NETWIRE",
                "Sibot",
                "BitPaymer",
                "RCSession",
                "Nerex",
                "ShimRat",
                "FIN8",
                "Regin",
                "Pandora"
            ],
            "label": "ACTOR"
        },
        {
            "count": 81,
            "id": 1,
            "texts": [
                "persistence-related artifacts",
                "in-registry Internet settings",
                "configuration block",
                "virtual file system",
                "information",
                "Managed Object Format (MOF) files",
                "proxy configuration",
                "value",
                "users",
                "encrypted JSON configuration files",
                "system information",
                "encryption parameters",
                "values",
                "Registry keys",
                "sub-keys",
                "keylogger",
                "configuration strings",
                "output",
                "configuration",
                "changing names",
                "ToolTech-RM",
                "driver files",
                "configuration parameters",
                "value",
                "Registry key",
                "RC4 encrypted configuration information",
                "colors",
                "crash dumps",
                "information",
                "compressed files",
                "desktop items",
                "folders",
                "process ID",
                "value",
                "file extensions",
                "icons",
                "encrypted files",
                "configuration information",
                "values",
                "value",
                "Registry key",
                "process names",
                "configuration values",
                "credentials",
                "plaintext credentials",
                "clear text",
                "memory",
                "memory",
                "configuration",
                "ransom note",
                "ransom contact information",
                "browser settings",
                "KeepPrintedJobs attribute",
                "name",
                "version number",
                "values",
                "keys",
                "stored information",
                "configuration data",
                "default",
                "configuration",
                "XML format",
                "information",
                "access",
                "network share",
                "configuration file",
                "data",
                "encoded configuration file",
                "configuration information",
                "data",
                "credentials",
                "encrypted configuration data",
                "data",
                "Class ID",
                "session identifier",
                "pre-shared key",
                "configuration information",
                "values",
                "configuration file",
                "remote Registry information",
                "encrypted token"
            ],
            "label": "DATA"
        },
        {
            "count": 185,
            "id": 2,
            "texts": [
                "Registry",
                "Registry values",
                "Registry keys",
                "Registry",
                "registry entry",
                "HKEY_CURRENT_USER\\SOFTWARE\\{8 random characters}",
                "Registry key HKCU\\Software\\ApplicationContainer\\Appsw64",
                "HKEY_CURRENT_USER\\Software\\Microsoft\\Office\\ registry key",
                "Registry keys",
                "Registry",
                "Registry keys",
                "InstallTime subkey",
                "Registry keys",
                "registry keys",
                "HKCU\\Software\\Microsoft\\Windows\\CurrentVersion\\Internet Settings\\ZoneMap registry",
                "Registry",
                "HKEY_LOCAL_MACHINE\\SYSTEM\\CurrentControlSet\\Services",
                "Registry locations",
                "Registry",
                "Registry keys",
                "HKLM\\SYSTEM\\CurrentControlSet\\services\\\\[service_name]\\\\Start registry entries",
                "registry keys",
                "previously-created Image File Execution Options (IFEO) Debugger registry values",
                "registry keys",
                "Resiliency Registry keys",
                "Registry values",
                "Registry",
                "Registry subkey",
                "Registry",
                "Registry key",
                "'HKEY_LOCAL_MACHINE\\SYSTEM\\CurrentControlSet\\Control\\Session Manager\\BootExecute'",
                "Registry",
                "Registry",
                "values",
                "Registry keys",
                "sub-keys",
                "Registry values",
                "Registry",
                "HKCU\\Software\\",
                "Registry",
                "RegCreateKeyExA",
                "RegDeleteValueA",
                "registry keys",
                "Registry",
                "Registry key HKCU\\Software\\Classes\\Applications\\rundll32.exe\\shell\\open",
                "Registry entries",
                "registry keys",
                "Registry key HKLM\\SOFTWARE\\Microsoft\\DRM",
                "Registry",
                "system registry",
                "Windows Defender registry keys",
                "value",
                "Registry key",
                "Registry",
                "Registry keys",
                "Registry keys",
                "HKCU\\Software\\Classes\\Folder\\shell\\open\\command",
                "registry key",
                "Registry values",
                "HKEY_CURRENT_USER\\Software\\Microsoft\\Office\\<Excel Version>\\Excel\\Security\\AccessVBOM\\",
                "Registry keys",
                "Registry",
                "Registry",
                "registry values",
                "Software\\Microsoft\\Windows\\CurrentVersion\\Internet Settings\\ZoneMap registry key",
                "HKEY_LOCAL_MACHINE\\SOFTWARE\\DDE\\tpid Registry value",
                "Registry",
                "Registry subkey",
                "subkeys",
                "registry key",
                "Registry",
                "reg add",
                "Registry Run key",
                "registry values",
                "HKCU\\Software\\Microsoft\\Office\\&lt;version&gt;\\&lt;product&gt;\\Security\\VBAWarnings",
                "HKCU\\Software\\Microsoft\\Office\\&lt;version&gt;\\&lt;product&gt;\\Security\\AccessVBOM",
                "registry keys",
                "Registry",
                "Registry",
                "DLL",
                "registry entries",
                "Registry",
                "Registry",
                "Registry",
                "value",
                "Registry key",
                "Registry",
                "Registry keys",
                "ExtendedUIHoverTime key",
                "Registry keys",
                "HKCU\\Software\\Microsoft\\[dllname",
                "Registry",
                "Run registry key",
                "Registry",
                "Registry entries",
                "registry keys",
                "Registry key HKLM\\System\\CurrentControlSet\\Control\\SecurityProviders\\WDigest",
                "UseLogonCredential registry value",
                "WDigest registry key",
                "Windows Registry",
                "registry key",
                "SOFTWARE\\Microsoft\\Windows\\CurrentVersion\\Policies\\System",
                "registry keys",
                "registry",
                "command reg add \"HKEY_CURRENT_USER\\Environment\" /v UserInitMprLogonScript /t REG_SZ /d \"[file path]\"",
                "Registry",
                "HKCR\\enc\\shell\\open\\command",
                "HKCR\\.enc",
                "registry keys",
                "legitimate Registry key",
                "Registry entries",
                "HKEY_CURRENT_USER\\Software\\Microsoft\\Internet Explorer",
                "Security Descriptor (SD) registry subkey",
                "Registry keys",
                "SOFTWARE\\\\Microsoft\\\\WindowsNT\\\\CurrentVersion\\\\Print\\\\Printers",
                "HKLM\\SYSTEM\\\\CurrentControlSet\\\\Services\\\\lanmanserver\\\\parameters\\NullSessionPipes",
                "Registry key",
                "HKLM\\SYSTEM\\\\ControlSet001\\\\Control\\\\SecurityProviders\\\\WDigest registry value",
                "Registry",
                "registry key",
                "HKCU\\Software\\Microsoft\\Office\\",
                "Registry values",
                "Registry",
                "Registry keys",
                "Registry",
                "RC4-encrypted Registry key",
                "HKLM\\SOFTWARE\\Microsoft\\Windows\\CurrentVersion\\GameCon",
                "registry key",
                "registry entries",
                "Registry values",
                "Regsitry",
                "Registry keys",
                "HKCU\\Software\\Microsoft\\Internet Explorer\\ PhishingFilter\\",
                "Registry",
                "Registry entries",
                "DLL",
                "Registry",
                "SOFTWARE\\Microsoft\\Windows\\CurrentVersion\\Policies\\System\\LocalAccountTokenFilterPolicy",
                "HKEY_CURRENT_USER",
                "HKEY_LOCAL_MACHINE",
                "Software\\Classes\\scConfig",
                "Registry keys",
                "HKLM\\Software\\NFC\\",
                "HKLM\\Software\\NFC\\IPA",
                "Registry values",
                "Windows Registry",
                "Registry",
                "HKEY_LOCAL_MACHINE\\SYSTEM\\CurrentControlSet\\Control\\WMI\\Security",
                "Registry",
                "named subkey",
                "HKCU\\Software\\Microsoft",
                "Registry key HKEY_LOCAL_MACHINE\\SOFTWARE\\Microsoft\\Pniumj",
                "Registry settings",
                "Registry key entries",
                "registry keys",
                "overwritten registry keys",
                "registry",
                "Registry value",
                "HKEY_CURRENT_USER\\Software\\DC3_FEXEC",
                "Registry Key HKEY_CURRENT_USER\\Software\\Microsoft\\Windows\\CurrentVersion\\Policies\\System Enable LUA=\"0\"",
                "Registry settings",
                "Registry key",
                "HKEY_LOCAL_MACHINE\\SOFTWARE\\Microsoft\\Windows\\CurrentVersion\\PrintConfigs",
                "HKEY_LOCAL_MACHINE\\SOFTWARE\\Microsoft\\Windows\\CurrentVersion\\ShellCompatibility\\Applications\\laxhost.dll",
                "registry",
                "Registry entries",
                "HKEY_CURRENT_USER\\SOFTWARE\\Microsoft\\WABE\\DataPath",
                "user Registry hive",
                "HKCU\\Software\\Microsoft\\WindowsNT\\CurrentVersion\\Windows\\Load",
                "Registry",
                "ServiceDLL",
                "HKCU Registry key",
                "Registry",
                "Registry",
                "HKEY_LOCAL_MACHINE\\SOFTWARE\\Microsoft\\Windows\\CurrentVersion\\sibot",
                "Registry",
                "Registry",
                "Registry subkey",
                "registry keys",
                "Registry keys",
                "HKEY_CURRENT_USER\\Software\\Classes\\",
                "HKLM\\SYSTEM\\CurrentControlSet\\services",
                "Registry keys",
                "registry keys",
                "Registry"
            ],
            "label": "REGISTRY"
        },
        {
            "count": 117,
            "id": 3,
            "texts": [
                "rundll32.exe",
                "malware",
                "encrypted orchestrator code",
                "payloads",
                "module",
                "downloads",
                "C2",
                "VB object model",
                "VBOM",
                "CLEANTOAD",
                "tool",
                "capability",
                "commands",
                "Windows Service",
                "commands",
                "services",
                "activity",
                "Patchwork payload",
                "apparent effort",
                "Microsoft Office applications",
                "function",
                "'autocheck autochk *'",
                "'autocheck autoche *'",
                "registry modifications",
                "behavior",
                "keylogger",
                "configuration strings",
                "output",
                "components",
                "credential caching",
                "payload",
                "encrypted payload",
                "open source batch script",
                "modification",
                "malware",
                "Port 22 malware variant",
                "CSPY Downloader",
                "tasks",
                "components",
                "target process",
                "reflective loading activity",
                "QuasarRAT",
                "command",
                "created service",
                "backdoor",
                "VBA macro",
                "SILENTTRINITY",
                "initialization vector",
                "Uroburos components",
                "zwShell",
                "Remcos",
                "ability",
                "control",
                "command",
                "IE browser features",
                "launcher",
                "Windows service",
                "dispatcher",
                "UAC bypass process",
                "xmlProv",
                "ComSysApp",
                "Svchost",
                "backdoor",
                "backdoor",
                "batch files",
                "command reg add \"HKEY_CURRENT_USER\\Environment\" /v UserInitMprLogonScript /t REG_SZ /d \"[file path]\"",
                "extension handler",
                "Windows Registry modifications",
                "DLL payload",
                "scheduled tasks",
                "activity",
                "document stealing",
                "Registry operations",
                "Wdigest",
                "techniques",
                "Reg",
                "CrackMapExec",
                "wdigest",
                "Gorgon Group malware",
                "security mechanisms",
                "capability",
                "modifications",
                "Registry modifications",
                "installation routine",
                "future powershell.exe instances",
                "dropper process",
                "modifications",
                "phishing filters",
                "Exaramel",
                "created service",
                "RemoteRegistry service",
                "RegConnectRegistryW",
                "UAC remote restrictions",
                "malware",
                "Reg",
                "functionality",
                "macros",
                "malware variant",
                "GOODLUCK",
                "installation routine",
                "security tools",
                "PcShare",
                "persistence mechanisms",
                "command",
                "persistence mechanisms",
                "executable",
                "service",
                "malware",
                "second-stage script",
                "service",
                "Threat Group-3390 tool",
                "post compromise cleanup activities",
                "AADInternals",
                "pass-by authentication agent",
                "functionality",
                "processing",
                "remote commands"
            ],
            "label": "FUNCTION"
        },
        {
            "count": 13,
            "id": 4,
            "texts": [
                "Internet",
                "C2s",
                "downloads",
                "C2",
                "HTTP proxy",
                "compromised networks",
                "Remote Desktop Protocol",
                "RDP",
                "remote control",
                "configured printers",
                "communication pipe",
                "C2 communications",
                "shim databases"
            ],
            "label": "NETWORK"
        },
        {
            "count": 21,
            "id": 5,
            "texts": [
                "internet security",
                "configuration block",
                "virtual file system",
                "compromised host",
                "system device",
                "victim system",
                "compromised hosts",
                "compromised host",
                "Windows Defender",
                "machine",
                "safe mode",
                "security settings",
                "connected machine",
                "compromised host",
                "machine",
                "Microsoft Office",
                "Windows",
                "disk",
                "local or remote system",
                "command-line interface",
                "default file associations"
            ],
            "label": "COMPONENT"
        },
        {
            "count": 19,
            "id": 6,
            "texts": [
                "which",
                "itself",
                "part",
                "itself",
                "itself",
                "]",
                "itself",
                "part",
                "1",
                "entries",
                "0",
                "1",
                "use",
                "part",
                "off-screen",
                "that",
                "that",
                "1",
                "part"
            ],
            "label": "OTHER"
        },
        {
            "count": 7,
            "id": 7,
            "texts": [
                "keys",
                "keys",
                "encryption key",
                "values",
                "keys",
                "session identifier",
                "pre-shared key"
            ],
            "label": "ENCRYPTION"
        },
        {
            "count": 6,
            "id": 8,
            "texts": [
                "including%username%and",
                "desktop items",
                "folders",
                "the%windir%variable",
                "path",
                "firewall Registry key SYSTEM\\CurrentControlSet\\Services\\SharedAccess\\Parameters\\FirewallPolicy\\StandardProfileGloballyOpenPorts\\\\List"
            ],
            "label": "DIRECTORY"
        },
        {
            "count": 1,
            "id": 9,
            "texts": [
                "victim"
            ],
            "label": "USER"
        }
    ],
    "graph_edges": [
        {
            "id": "0_1",
            "source": 0,
            "dest": 1,
            "count": 45
        },
        {
            "id": "0_2",
            "source": 0,
            "dest": 2,
            "count": 125
        },
        {
            "id": "1_2",
            "source": 1,
            "dest": 2,
            "count": 29
        },
        {
            "id": "3_4",
            "source": 3,
            "dest": 4,
            "count": 4
        },
        {
            "id": "0_5",
            "source": 0,
            "dest": 5,
            "count": 8
        },
        {
            "id": "0_3",
            "source": 0,
            "dest": 3,
            "count": 60
        },
        {
            "id": "6_4",
            "source": 6,
            "dest": 4,
            "count": 2
        },
        {
            "id": "3_2",
            "source": 3,
            "dest": 2,
            "count": 28
        },
        {
            "id": "1_3",
            "source": 1,
            "dest": 3,
            "count": 5
        },
        {
            "id": "1_4",
            "source": 1,
            "dest": 4,
            "count": 4
        },
        {
            "id": "3_5",
            "source": 3,
            "dest": 5,
            "count": 4
        },
        {
            "id": "0_7",
            "source": 0,
            "dest": 7,
            "count": 3
        },
        {
            "id": "7_2",
            "source": 7,
            "dest": 2,
            "count": 4
        },
        {
            "id": "2_1",
            "source": 2,
            "dest": 1,
            "count": 6
        },
        {
            "id": "2_4",
            "source": 2,
            "dest": 4,
            "count": 3
        },
        {
            "id": "2_3",
            "source": 2,
            "dest": 3,
            "count": 13
        },
        {
            "id": "3_1",
            "source": 3,
            "dest": 1,
            "count": 8
        },
        {
            "id": "3_6",
            "source": 3,
            "dest": 6,
            "count": 5
        },
        {
            "id": "6_2",
            "source": 6,
            "dest": 2,
            "count": 3
        },
        {
            "id": "2_5",
            "source": 2,
            "dest": 5,
            "count": 10
        },
        {
            "id": "1_5",
            "source": 1,
            "dest": 5,
            "count": 1
        },
        {
            "id": "1_8",
            "source": 1,
            "dest": 8,
            "count": 2
        },
        {
            "id": "5_3",
            "source": 5,
            "dest": 3,
            "count": 1
        },
        {
            "id": "2_8",
            "source": 2,
            "dest": 8,
            "count": 2
        },
        {
            "id": "0_6",
            "source": 0,
            "dest": 6,
            "count": 7
        },
        {
            "id": "1_6",
            "source": 1,
            "dest": 6,
            "count": 1
        },
        {
            "id": "6_3",
            "source": 6,
            "dest": 3,
            "count": 6
        },
        {
            "id": "5_9",
            "source": 5,
            "dest": 9,
            "count": 1
        },
        {
            "id": "3_0",
            "source": 3,
            "dest": 0,
            "count": 4
        },
        {
            "id": "0_4",
            "source": 0,
            "dest": 4,
            "count": 2
        },
        {
            "id": "4_5",
            "source": 4,
            "dest": 5,
            "count": 1
        },
        {
            "id": "0_8",
            "source": 0,
            "dest": 8,
            "count": 2
        },
        {
            "id": "2_6",
            "source": 2,
            "dest": 6,
            "count": 7
        },
        {
            "id": "8_3",
            "source": 8,
            "dest": 3,
            "count": 1
        },
        {
            "id": "2_7",
            "source": 2,
            "dest": 7,
            "count": 1
        },
        {
            "id": "3_7",
            "source": 3,
            "dest": 7,
            "count": 1
        },
        {
            "id": "6_1",
            "source": 6,
            "dest": 1,
            "count": 1
        },
        {
            "id": "7_4",
            "source": 7,
            "dest": 4,
            "count": 1
        }
    ],
    "verbs": {
        "remove": 3,
        "from": 12,
        "use": 17,
        "launch": 2,
        "communicate": 1,
        "modify": 63,
        "lower": 1,
        "with": 4,
        "over": 1,
        "store": 19,
        "have": 13,
        "maintain": 1,
        "add": 14,
        "regard": 1,
        "bypass": 2,
        "on": 13,
        "run": 2,
        "within": 3,
        "create": 16,
        "alter": 3,
        "manipulate": 4,
        "delete": 18,
        "change": 5,
        "of": 20,
        "to": 39,
        "at": 4,
        "stop": 1,
        "set": 10,
        "clean": 2,
        "relate to": 1,
        "in": 23,
        "trick": 1,
        "write": 9,
        "register": 5,
        "make": 3,
        "save": 2,
        "under": 16,
        "load": 2,
        "enable": 9,
        "disable": 7,
        "by": 6,
        "for": 12,
        "about": 2,
        "as": 12,
        "execute": 2,
        "into": 4,
        "edit": 3,
        "uninstall": 1,
        "decrypt": 2,
        "establish": 1,
        "cache": 1,
        "specify": 1,
        "configure": 1,
        "hide": 1,
        "indicate": 1,
        "perform": 2,
        "deactivate": 1,
        "during": 3,
        "point": 2,
        "drop to": 1,
        "steal": 1,
        "install": 2
    }
}