{
    "id": "T1124",
    "tech_id": "T1124",
    "tech_name": "System Time Discovery",
    "best_phrases": [],
    "tactics": [
        "TA0007"
    ],
    "features": [
        "DATA",
        "FUNCTION",
        "COMPONENT",
        "NETWORK",
        "USER"
    ],
    "locations": [
        "Windows",
        "Network"
    ],
    "procedures": [
        "relationship--0024d82d-97ea-4dc5-81a1-8738862e1f3b",
        "relationship--04d60222-e8da-4de5-bc58-dcfae65986f5",
        "relationship--07eea18c-048c-4187-a6f1-ca97e9bfc846",
        "relationship--088c3553-db7f-4e97-9f32-75e483d59cba",
        "relationship--08d7395b-b3e6-4ae2-be46-31347d1d5eaa",
        "relationship--0c3f8b3b-a6a3-472c-b792-6f5c7ccfbb24",
        "relationship--0d2a66c5-fb8e-4cbb-9526-579b5c9c881c",
        "relationship--0f38f2dd-e2cf-4571-bb6c-065e50412bac",
        "relationship--10cf6efc-6415-4a80-834a-565057e76474",
        "relationship--12455fe5-42dd-420e-839e-8a96886488f7",
        "relationship--14e836d1-af9e-423e-8a8d-ad2ab169667f",
        "relationship--16f64842-8ba8-4827-a47f-e7d665f942ae",
        "relationship--1a192f9a-d515-4d5c-9c52-e904bac96f61",
        "relationship--23c72a20-1982-4207-9905-d3aa45f94c23",
        "relationship--242236fe-a0b6-4cf0-b604-beb57ce9925a",
        "relationship--2ff84270-830f-4de8-b93c-4ee3a9a46781",
        "relationship--3074f3bd-5a30-4ad2-9a2c-45b1573a454e",
        "relationship--30ee835f-64a1-4e14-8c9c-648e24fc9b0b",
        "relationship--33e3573b-0f18-417c-be17-727863fc21ec",
        "relationship--38248217-7c11-4ae9-a13e-7296dead0df8",
        "relationship--3881653b-bd16-4eba-ab35-81da1872c5c8",
        "relationship--39f8de6f-9df3-4e6b-9076-bd3464a2d5d2",
        "relationship--3ce0fee3-3ad5-49b9-8213-871484674d93",
        "relationship--401790f5-abf5-4523-ac98-b200d3b34a7e",
        "relationship--40a2c8e2-df1c-41a8-beec-951214c8e101",
        "relationship--4113afe0-e84a-44ba-9180-3033de06d72e",
        "relationship--4467fb1b-60fe-4e13-a32a-8c1f60a66782",
        "relationship--4a5b8515-18ee-45bb-a1e7-48ede93bf56a",
        "relationship--4a990ccb-7004-43b8-9328-37668e1a3b6d",
        "relationship--4c3890f0-378d-4cef-8db7-0258161ff3f7",
        "relationship--4d9b9464-1ade-45e9-9d7b-1c4c967abd81",
        "relationship--509a61b8-292e-4292-b4e8-c1c9901582ec",
        "relationship--5113edc5-a4ee-4888-89b1-0c3353ea05da",
        "relationship--52516649-550a-4930-8ed1-27391aad0379",
        "relationship--54399f5a-a8ee-4f77-a363-23dd0033af12",
        "relationship--56465210-d279-4982-a9fa-94a69f5b0b80",
        "relationship--576c98f3-5753-4242-a5e3-7c0f769c27a1",
        "relationship--5c160f0c-1c12-4ab0-bd6e-a30f8d5bc168",
        "relationship--5c6dfc28-fa7c-4941-a144-890a428f9951",
        "relationship--6316bedb-6962-4da1-8714-08b414fa7c73",
        "relationship--6b38f460-e309-4ab1-bbc9-bd0bb30f4af9",
        "relationship--6c053469-7bd4-4b55-90b2-289a09aa53fa",
        "relationship--6d9f427b-f016-4100-a30a-c13648536e81",
        "relationship--77c63e89-71fe-47e3-babb-13e7722932ad",
        "relationship--856ebcb0-cfec-484a-a741-900bb4d7f38a",
        "relationship--87b74ba7-99c4-464c-86d2-1dd8c8b578b1",
        "relationship--8b6dbaf7-d578-4bc6-8f16-07e7c1aeedc8",
        "relationship--8dc0845d-c807-4e30-ac26-086f086b248f",
        "relationship--9158696f-fdc6-4869-a395-5d94c7c13d26",
        "relationship--9414386b-adbf-4117-ba5b-81a242714d83",
        "relationship--9494b0d8-26d9-48ae-8dd1-c9d8966b23a0",
        "relationship--96f5f2ec-28e6-4ed4-853e-9c6cadbe3dda",
        "relationship--9736ff6e-3b76-47be-a523-3be6076ce5eb",
        "relationship--9d30b96a-6518-449e-a665-3033dfcb44db",
        "relationship--a3d44c1d-2833-4355-b560-2a7a4fcaac14",
        "relationship--b6f54741-1424-4a3c-b83e-1c94df063186",
        "relationship--bff9fc96-0b27-4c84-ad42-dcea53b907bf",
        "relationship--c5e582d2-aea4-4828-8b9c-5bfe1ca72504",
        "relationship--c7c1411a-42c8-4d7e-9b56-0465370759de",
        "relationship--c8a023b1-b472-40fc-98be-5709180e2628",
        "relationship--ce1c1257-f244-4844-8aa5-16992430f9ef",
        "relationship--d0327dce-ca02-48ba-8830-85fcc574113c",
        "relationship--d060e004-9eb7-425e-924c-0555fa80e083",
        "relationship--d1d27a0f-ae6d-4058-b0ad-581aaf939e4a",
        "relationship--d8427910-3c8f-4633-966f-e1a2a8d7c31c",
        "relationship--db4fbefd-e9ed-495a-89af-67c4b6780508",
        "relationship--e0292b89-50c2-4b62-8471-6a1b27dc7fc3",
        "relationship--e0b5c501-c949-4b60-8e2e-37a584dba8fe",
        "relationship--e2250609-d3e3-4297-8564-aff8516f8dc3",
        "relationship--e6f9ae1e-7002-4c62-be60-f45eca42061e",
        "relationship--e7622538-5858-4804-960e-e9ef427a1a43",
        "relationship--ec134ae1-153b-46bb-b5f8-d1b9ac5275df",
        "relationship--f2ce9aae-bb45-4018-a5f3-922b9fcdf26a",
        "relationship--f368f221-bcd5-400d-b350-83173de26423",
        "relationship--ff019484-a6dc-4250-a9eb-9094f5c9d30f"
    ],
    "graph_nodes": [
        {
            "count": 69,
            "id": 0,
            "texts": [
                "Shamoon",
                "Astaroth",
                "Azorult",
                "DarkWatchman",
                "Zebrocy",
                "ShadowPad",
                "White Company",
                "Taidoor",
                "EvilBunny",
                "KEYPLUG",
                "Sidewinder",
                "SombRAT",
                "Epic",
                "StoneDrill",
                "Torisma",
                "threat actors",
                "UPPERCUT",
                "GoldMax",
                "Conficker",
                "threat actors",
                "Stuxnet",
                "GravityRAT",
                "AppleSeed",
                "NOKKI",
                "Agent Tesla",
                "ccf32",
                "BADHATCH",
                "GRIFFON",
                "QakBot",
                "Carbon",
                "Higaisa",
                "Egregor",
                "Bazar",
                "SHARPSTATS",
                "Green Lambert",
                "Crimson",
                "Metamorfo",
                "RTM",
                "Grandoreiro",
                "DRATzarus",
                "build_downer",
                "ZIRCONIUM",
                "BLUELIGHT",
                "TajMahal",
                "BendyBear",
                "DCSrv",
                "PowerDuke",
                "BRONZE BUTLER",
                "MoonWind",
                "FunnyDream",
                "Turla",
                "InvisiMole",
                "FELIXROOT",
                "StrifeWater",
                "Cannon",
                "SVCReady",
                "Zeus Panda",
                "PipeMon",
                "Chimera",
                "Clambling",
                "TAINTEDSCRIBE",
                "threat actors",
                "ComRAT",
                "Lazarus Group",
                "HOPLIGHT",
                "Okrum",
                "Bisonal",
                "AvosLocker",
                "WindTail"
            ],
            "label": "ACTOR"
        },
        {
            "count": 82,
            "id": 1,
            "texts": [
                "system time",
                "timestamp",
                "timezone and date information",
                "timezone information",
                "date",
                "time",
                "system time",
                "time metrics",
                "system time",
                "tick count",
                "system time",
                "local or remote system time",
                "time",
                "system time",
                "date and timezone information",
                "date",
                "time",
                "timestamp",
                "timezone information",
                "date-time value",
                "timestamp",
                "UTC victim system date",
                "date",
                "time",
                "date",
                "time",
                "timestamp",
                "local time",
                "time",
                "date",
                "system time",
                "information",
                "time",
                "time",
                "local/system time",
                "date",
                "time",
                "system time",
                "victim timezone",
                "time",
                "system time",
                "local time",
                "hours",
                "time",
                "local time",
                "time",
                "configuration value",
                "start time information",
                "time",
                "timezone",
                "local time",
                "current time",
                "system time",
                "files",
                "system time",
                "timezone information",
                "local system time",
                "timezone",
                "system time",
                "timezone information",
                "system time",
                "UTC",
                "timezone information",
                "system time",
                "time",
                "local time",
                "time",
                "date",
                "business hours",
                "Monday",
                "Friday",
                "system time",
                "system time",
                "system time",
                "\"Daylight\" time",
                "timezone",
                "time",
                "date",
                "system time",
                "system time",
                "time",
                "date"
            ],
            "label": "DATA"
        },
        {
            "count": 34,
            "id": 2,
            "texts": [
                "infected machine",
                "system",
                "victim system",
                "sandbox",
                "infected computer",
                "compromised host",
                "machine",
                "victim machine",
                "machine",
                "compromised system",
                "compromised system",
                "system",
                "machine",
                "targeted machines",
                "compromised machine",
                "system",
                "targeted host",
                "system",
                "compromised host",
                "victim machine",
                "compromised host",
                "compromised host",
                "infected host",
                "compromised host",
                "target system",
                "system",
                "machine",
                "compromised host",
                "compromised host",
                "system",
                "victim machines",
                "system",
                "compromised system",
                "infected host"
            ],
            "label": "COMPONENT"
        },
        {
            "count": 46,
            "id": 3,
            "texts": [
                "GetLocalTime",
                "GetSystemTime",
                "API calls",
                "GetTickCount",
                "GetSystemTimeAsFileTime",
                "NtQuerySystemTime",
                "checks",
                "malware",
                "installation",
                "tools",
                "net time command",
                "Net",
                "getinfo",
                "net time command",
                "net time command",
                "advanced reconnaissance",
                "capability",
                "hardcoded execution trigger",
                "domain generation",
                "time command",
                "reconnaissance module",
                "command net time \\\\127.0.0.1",
                "function",
                "functionality",
                "JavaScript",
                "IPinfo",
                "GetTickCount and GetSystemTimeAsFileTime API calls",
                "malware installation",
                "tool",
                "encryption process",
                "SILENTTRINITY",
                "commands",
                "net time",
                "changes",
                "net time command",
                "check-in",
                "Darkhotel malware",
                "net time \\\\ip/hostname",
                "time /t",
                "GetLocalTime",
                "command",
                "net view /all time",
                "tasks",
                "Destover-like implant",
                "Proxysvc",
                "data reconnaissance phase"
            ],
            "label": "FUNCTION"
        },
        {
            "count": 6,
            "id": 4,
            "texts": [
                "part",
                "part",
                "DATETIME",
                "9",
                "part",
                "region"
            ],
            "label": "OTHER"
        },
        {
            "count": 4,
            "id": 5,
            "texts": [
                "victim",
                "victim",
                "victim",
                "victim"
            ],
            "label": "USER"
        },
        {
            "count": 7,
            "id": 6,
            "texts": [
                "C2",
                "time servers",
                "C2",
                "C2",
                "C2",
                "compromised network",
                "C2"
            ],
            "label": "NETWORK"
        }
    ],
    "graph_edges": [
        {
            "id": "0_1",
            "source": 0,
            "dest": 1,
            "count": 52
        },
        {
            "id": "0_2",
            "source": 0,
            "dest": 2,
            "count": 10
        },
        {
            "id": "1_2",
            "source": 1,
            "dest": 2,
            "count": 30
        },
        {
            "id": "0_3",
            "source": 0,
            "dest": 3,
            "count": 27
        },
        {
            "id": "1_4",
            "source": 1,
            "dest": 4,
            "count": 2
        },
        {
            "id": "4_3",
            "source": 4,
            "dest": 3,
            "count": 3
        },
        {
            "id": "3_2",
            "source": 3,
            "dest": 2,
            "count": 3
        },
        {
            "id": "1_3",
            "source": 1,
            "dest": 3,
            "count": 5
        },
        {
            "id": "3_1",
            "source": 3,
            "dest": 1,
            "count": 13
        },
        {
            "id": "0_4",
            "source": 0,
            "dest": 4,
            "count": 2
        },
        {
            "id": "3_4",
            "source": 3,
            "dest": 4,
            "count": 3
        },
        {
            "id": "2_5",
            "source": 2,
            "dest": 5,
            "count": 3
        },
        {
            "id": "0_6",
            "source": 0,
            "dest": 6,
            "count": 3
        },
        {
            "id": "1_6",
            "source": 1,
            "dest": 6,
            "count": 5
        },
        {
            "id": "4_2",
            "source": 4,
            "dest": 2,
            "count": 1
        },
        {
            "id": "3_6",
            "source": 3,
            "dest": 6,
            "count": 2
        },
        {
            "id": "1_5",
            "source": 1,
            "dest": 5,
            "count": 1
        },
        {
            "id": "2_3",
            "source": 2,
            "dest": 3,
            "count": 1
        },
        {
            "id": "2_1",
            "source": 2,
            "dest": 1,
            "count": 1
        },
        {
            "id": "4_1",
            "source": 4,
            "dest": 1,
            "count": 1
        }
    ],
    "verbs": {
        "obtain": 11,
        "collect": 11,
        "from": 19,
        "gather": 5,
        "of": 18,
        "use": 20,
        "as": 5,
        "in": 2,
        "during": 5,
        "determine": 8,
        "execute": 2,
        "discover": 3,
        "on": 12,
        "get": 5,
        "have": 2,
        "check": 6,
        "send": 2,
        "to": 11,
        "for": 3,
        "retrieve": 2,
        "identify": 1,
        "contain": 1,
        "query": 1,
        "by": 2,
        "inspect": 1,
        "capture": 1,
        "with": 4,
        "compare": 1,
        "start": 1,
        "survey": 1,
        "upon": 1,
        "perform": 1,
        "grab": 1,
        "set on": 1,
        "generate": 1
    }
}