{
    "id": "T1120",
    "tech_id": "T1120",
    "tech_name": "Peripheral Device Discovery",
    "best_phrases": [],
    "tactics": [
        "TA0007"
    ],
    "features": [
        "COMPONENT",
        "FUNCTION",
        "DATA",
        "NETWORK",
        "USER",
        "DIRECTORY"
    ],
    "locations": [
        "Windows",
        "macOS",
        "Linux"
    ],
    "procedures": [
        "relationship--062ebca3-abf7-449a-ad84-f04a3cada4dd",
        "relationship--0882cca9-ed77-4c71-85e4-78988d79236f",
        "relationship--09c8ec4f-c76b-4a36-994f-4ed4d87b7ad8",
        "relationship--0c93519a-28a4-4d29-99bc-02c4d0e53ae2",
        "relationship--0e1de5dd-5f5c-4014-899b-0ab676322d80",
        "relationship--1555866c-1eca-4de3-aded-d745fdd47d1c",
        "relationship--30180ece-4504-4b6a-9182-5a2fbe3292df",
        "relationship--3146b7d3-26c9-47c4-b114-d39a4a786fc9",
        "relationship--33e0178f-c9b2-43db-9e63-3e664ae6bef0",
        "relationship--3f58682a-dc04-40f6-b224-42bab6ef6f67",
        "relationship--45f3afcd-d0b7-494b-a61a-cad724dbf72a",
        "relationship--45f9e4b6-a6a0-4f9f-aae9-9e8a69f5681d",
        "relationship--483772af-6fc0-487b-aa3f-4006253708b3",
        "relationship--5047ac79-8ed7-4f22-bfa2-fad8195f72b8",
        "relationship--55d84559-7bb9-4e17-be60-7694e4219877",
        "relationship--56d023cf-4390-40d9-afc6-cb0d40b4cdd1",
        "relationship--57e57dc4-b813-4e5c-882a-0021c7e0ff22",
        "relationship--5cceffd9-5818-4481-bce6-4e326548d6b4",
        "relationship--62a7f7c2-435d-4ef6-aee3-add933fb241d",
        "relationship--68ab9dc7-4258-439c-b011-945175476fb7",
        "relationship--69e4b520-6a9f-4dc0-b11e-805886ce8257",
        "relationship--6b15c0bd-7b39-408b-91fa-cf942a52a933",
        "relationship--7cac6ccb-d070-47da-8ebf-4034b0fddb7c",
        "relationship--7dd2714d-aa8a-40ce-bae1-98634090ac01",
        "relationship--8dd1ec07-e429-473d-84db-125fd22ab709",
        "relationship--94a9ee1e-ac65-47aa-a8f4-6695f02d6040",
        "relationship--96640478-b6a5-40b6-8928-b1c0cc5ad3ef",
        "relationship--97361e60-4c54-48f6-a661-e3bd36b9745e",
        "relationship--a0f1273a-e422-4801-a911-e7cb223ebea2",
        "relationship--a6959fa0-405c-49b9-983e-653569247dbd",
        "relationship--adc3fbb4-955e-4861-ac19-4c2b546d562d",
        "relationship--add3bfcd-3e6d-4978-9e2c-ac6fad18fc5a",
        "relationship--b3f7d095-c7eb-4a4b-909d-e3b831c7ed16",
        "relationship--b71a28d8-a1b1-41b4-a0ac-f92bef513c6e",
        "relationship--be8f7d93-1de8-4376-bec9-4db0a15f7542",
        "relationship--c596d308-22af-45db-9c72-2ce1b3695f90",
        "relationship--d30d8fa0-7f24-41e5-ae8d-e4449e88d2f0",
        "relationship--d758de81-c572-45dc-94ed-67a4dc1da3fe",
        "relationship--de727da1-d36f-4e33-99a1-05ce2df29094",
        "relationship--dfdd269c-9d78-46da-8b31-3141a5398bfd",
        "relationship--ea79bf34-c1ba-4523-879f-441d6a4a9e5e",
        "relationship--ea93ff11-939f-449a-a222-4273d9fc9f3c",
        "relationship--ee1558f7-5b93-49c7-89c8-b3151cbefb84",
        "relationship--eeb5eeab-3fa1-4670-a7ab-f6a8f7193be9",
        "relationship--f0a42be5-d7ec-475e-a9cd-2c4728153bb8",
        "relationship--f7740e3c-c143-40b7-a8da-e797f5d74b50",
        "relationship--f9c7d0e1-135f-4e21-8251-3049bc24c18d",
        "relationship--ff2f9b25-f36a-4031-8013-1e746cc40948"
    ],
    "graph_nodes": [
        {
            "count": 42,
            "id": 0,
            "texts": [
                "Equation",
                "threat actors",
                "APT37",
                "jRAT",
                "Mongall",
                "WannaCry",
                "Zebrocy",
                "RTM",
                "ObliqueRAT",
                "Crimson",
                "DustySky",
                "USBferry",
                "Bandook",
                "Ramsay",
                "APT28",
                "MoonWind",
                "Attor",
                "SVCReady",
                "Ferocious",
                "BlackEnergy",
                "Turla",
                "OilRig",
                "Stuxnet",
                "ADVSTORESHELL",
                "NightClub",
                "WastedLocker",
                "QuietSieve",
                "QakBot",
                "threat actors",
                "Machete",
                "TeamTNT",
                "Gamaredon Group",
                "BackdoorDiplomacy",
                "Heyoka Backdoor",
                "Cadelspy",
                "Ragnar Locker",
                "TajMahal",
                "SharpDisco",
                "Turian",
                "USBStealer",
                "BADNEWS",
                "DarkWatchman"
            ],
            "label": "ACTOR"
        },
        {
            "count": 31,
            "id": 1,
            "texts": [
                "tools",
                "functionality",
                "fsutil fsinfo drives command",
                "advanced reconnaissance",
                "Bluetooth device harvester",
                "Windows Bluetooth APIs",
                "FunnyDream FilepakMonitor component",
                "removable drive insertion",
                "initial infection",
                "njRAT",
                "module",
                "Prikormka",
                "thread",
                "smart card readers",
                "module",
                "plugin",
                "GET.WORKSPACE",
                "fsutil fsinfo drives",
                "tools",
                "infection",
                "card reader",
                "insertion",
                "lspci",
                "Gamaredon Group tools",
                "application",
                "malware",
                "executable",
                "T9000 searches",
                "plugin",
                "insertion",
                "smartcard readers"
            ],
            "label": "FUNCTION"
        },
        {
            "count": 20,
            "id": 2,
            "texts": [
                "information",
                "information",
                "camera",
                "information",
                "files",
                "information",
                "files",
                "documents",
                "notification",
                "number",
                "information",
                "number",
                "information",
                "drive geometry",
                "device instance ID",
                "file name extensions",
                "performance",
                "information",
                "documents",
                "data"
            ],
            "label": "DATA"
        },
        {
            "count": 3,
            "id": 3,
            "texts": [
                "that",
                "part",
                "one"
            ],
            "label": "OTHER"
        },
        {
            "count": 60,
            "id": 4,
            "texts": [
                "attached hard drive",
                "connected Bluetooth devices",
                "removable drives",
                "compromised machine",
                "system",
                "victim system",
                "removable drives",
                "removable media",
                "compromised hosts",
                "disk drives",
                "printers",
                "attached drives",
                "attached device",
                "connected storage devices",
                "pluggable/removable drives",
                "USB devices",
                "connected USB devices",
                "removable media",
                "USB mass storage device",
                "removable drives",
                "inserted storage devices",
                "phone devices",
                "modems",
                "devices",
                "infected host",
                "Microsoft Excel",
                "attached USB devices",
                "connected drives",
                "mouse",
                "targeted system",
                "removable drives",
                "usable smart card",
                "connected devices",
                "removable drives",
                "removable drives",
                "peripheral devices",
                "targeted systems",
                "removable disks",
                "system",
                "devices",
                "attached VGA devices",
                "USB flash drives",
                "removable drives",
                "USB flash drives",
                "removable media",
                "removable media",
                "machines",
                "removable drives",
                "mapped network drives",
                "connected drives",
                "removable storage devices",
                "connected Apple devices",
                "external drives",
                "removable media",
                "drives",
                "removable drives",
                "system",
                "USB devices",
                "hard drives",
                "signed PnP drivers"
            ],
            "label": "COMPONENT"
        },
        {
            "count": 10,
            "id": 5,
            "texts": [
                "firmware",
                "UPnP ports",
                "disk drives",
                "printers",
                "inserted storage devices",
                "phone devices",
                "modems",
                "WM_DEVICECHANGE window message",
                "printers",
                "WM_DEVICECHANGE window message"
            ],
            "label": "NETWORK"
        },
        {
            "count": 7,
            "id": 6,
            "texts": [
                "victim",
                "victim",
                "victim",
                "victim",
                "victims",
                "second victim",
                "victim"
            ],
            "label": "USER"
        },
        {
            "count": 1,
            "id": 7,
            "texts": [
                "C:\\Users\\Public\\It3.exe"
            ],
            "label": "DIRECTORY"
        }
    ],
    "graph_edges": [
        {
            "id": "0_1",
            "source": 0,
            "dest": 1,
            "count": 18
        },
        {
            "id": "0_2",
            "source": 0,
            "dest": 2,
            "count": 9
        },
        {
            "id": "0_3",
            "source": 0,
            "dest": 3,
            "count": 2
        },
        {
            "id": "2_4",
            "source": 2,
            "dest": 4,
            "count": 10
        },
        {
            "id": "2_5",
            "source": 2,
            "dest": 5,
            "count": 4
        },
        {
            "id": "1_3",
            "source": 1,
            "dest": 3,
            "count": 1
        },
        {
            "id": "3_1",
            "source": 3,
            "dest": 1,
            "count": 1
        },
        {
            "id": "1_2",
            "source": 1,
            "dest": 2,
            "count": 4
        },
        {
            "id": "0_5",
            "source": 0,
            "dest": 5,
            "count": 3
        },
        {
            "id": "4_2",
            "source": 4,
            "dest": 2,
            "count": 4
        },
        {
            "id": "4_1",
            "source": 4,
            "dest": 1,
            "count": 4
        },
        {
            "id": "2_1",
            "source": 2,
            "dest": 1,
            "count": 1
        },
        {
            "id": "1_4",
            "source": 1,
            "dest": 4,
            "count": 8
        },
        {
            "id": "0_4",
            "source": 0,
            "dest": 4,
            "count": 24
        },
        {
            "id": "3_2",
            "source": 3,
            "dest": 2,
            "count": 1
        },
        {
            "id": "1_6",
            "source": 1,
            "dest": 6,
            "count": 1
        },
        {
            "id": "4_6",
            "source": 4,
            "dest": 6,
            "count": 3
        },
        {
            "id": "0_6",
            "source": 0,
            "dest": 6,
            "count": 3
        },
        {
            "id": "2_6",
            "source": 2,
            "dest": 6,
            "count": 1
        },
        {
            "id": "4_7",
            "source": 4,
            "dest": 7,
            "count": 1
        },
        {
            "id": "6_1",
            "source": 6,
            "dest": 1,
            "count": 1
        }
    ],
    "verbs": {
        "use": 10,
        "search": 2,
        "with": 1,
        "about": 5,
        "overwrite": 1,
        "as": 2,
        "of": 7,
        "have": 3,
        "find": 1,
        "on": 5,
        "map": 1,
        "into": 3,
        "detect": 5,
        "during": 2,
        "connect to": 2,
        "identify": 4,
        "attach to": 4,
        "in": 3,
        "collect": 3,
        "contain": 3,
        "scan": 2,
        "encrypt": 1,
        "enumerate": 4,
        "obtain": 2,
        "discover": 2,
        "extract": 1,
        "for": 14,
        "receive": 1,
        "insert": 1,
        "from": 2,
        "plug into": 1,
        "run": 1,
        "gather": 1,
        "include": 1,
        "list": 3,
        "connect": 2,
        "to": 2,
        "listen": 2,
        "check": 1,
        "steal": 1,
        "by": 1,
        "drop": 2,
        "monitor": 2
    }
}