{
    "id": "T1137.003",
    "tech_id": "T1137.003",
    "tech_name": "Outlook Forms",
    "best_phrases": [],
    "tactics": [
        "TA0003"
    ],
    "features": [
        "FUNCTION",
        "COMPONENT"
    ],
    "locations": [
        "Windows",
        "Office 365"
    ],
    "procedures": [
        "relationship--66620243-f978-4038-8bf3-d574b5ce5b90"
    ],
    "graph_nodes": [
        {
            "count": 2,
            "id": 0,
            "texts": [
                "Ruler",
                "abuse"
            ],
            "label": "FUNCTION"
        },
        {
            "count": 1,
            "id": 1,
            "texts": [
                "Outlook Forms"
            ],
            "label": "COMPONENT"
        }
    ],
    "graph_edges": [
        {
            "id": "0_1",
            "source": 0,
            "dest": 1,
            "count": 1
        }
    ],
    "verbs": {
        "automate": 1,
        "of": 1
    }
}