{
    "id": "T1137",
    "tech_id": "T1137",
    "tech_name": "Office Application Startup",
    "best_phrases": [],
    "tactics": [
        "TA0003"
    ],
    "features": [
        "FUNCTION",
        "DATA",
        "COMPONENT"
    ],
    "locations": [
        "Windows",
        "Office 365"
    ],
    "procedures": [
        "relationship--e1f7179b-37ac-4f47-8368-0f55814a6447",
        "relationship--f78a5009-59ec-4ae2-89a0-44b8be49a140"
    ],
    "graph_nodes": [
        {
            "count": 2,
            "id": 0,
            "texts": [
                "APT32",
                "Gamaredon Group"
            ],
            "label": "ACTOR"
        },
        {
            "count": 2,
            "id": 1,
            "texts": [
                "VbaProject.OTM file",
                "documents"
            ],
            "label": "DATA"
        },
        {
            "count": 5,
            "id": 2,
            "texts": [
                "backdoor macro",
                "macros",
                "previously delivered VBA project",
                "Application.Startup event",
                "/altvba option"
            ],
            "label": "FUNCTION"
        },
        {
            "count": 2,
            "id": 3,
            "texts": [
                "Outlook",
                "Microsoft Outlook"
            ],
            "label": "COMPONENT"
        }
    ],
    "graph_edges": [
        {
            "id": "0_1",
            "source": 0,
            "dest": 1,
            "count": 2
        },
        {
            "id": "0_2",
            "source": 0,
            "dest": 2,
            "count": 4
        },
        {
            "id": "1_3",
            "source": 1,
            "dest": 3,
            "count": 1
        },
        {
            "id": "0_3",
            "source": 0,
            "dest": 3,
            "count": 1
        },
        {
            "id": "2_1",
            "source": 2,
            "dest": 1,
            "count": 1
        },
        {
            "id": "3_2",
            "source": 3,
            "dest": 2,
            "count": 1
        }
    ],
    "verbs": {
        "replace": 1,
        "install": 1,
        "of": 2,
        "insert": 1,
        "into": 2,
        "load": 1,
        "relaunche": 1,
        "receive": 1,
        "with": 1
    }
}