{
    "id": "T1132.001",
    "tech_id": "T1132.001",
    "tech_name": "Standard Encoding",
    "best_phrases": [],
    "tactics": [
        "TA0011"
    ],
    "features": [
        "NETWORK",
        "ENCRYPTION",
        "DATA",
        "FUNCTION",
        "COMPONENT"
    ],
    "locations": [
        "Linux",
        "macOS",
        "Windows"
    ],
    "procedures": [
        "relationship--0b71ce5b-7174-4491-8890-c699d93907e7",
        "relationship--0edefa7f-0b1b-48b7-ab51-e0107b48c683",
        "relationship--0f41364e-e72b-4186-980f-a5a5a5d07395",
        "relationship--103f1ad4-feec-4be3-9da7-ee0b2503c318",
        "relationship--118c427e-fcd2-4464-a32a-a6edb0d6ead5",
        "relationship--130f35b1-17d5-45bf-9000-2040adbcc56c",
        "relationship--13c97dd2-5c0b-4f18-84ab-533949fbeb25",
        "relationship--185020c6-9b2a-4b08-8936-7d407ea753b4",
        "relationship--1b1a7abf-72bc-44fa-8f90-4321003f0553",
        "relationship--1b6f0ec5-55d5-4aee-a90b-30238599d13c",
        "relationship--21295e0f-33f4-44dc-a649-87d0e55f8ed7",
        "relationship--215c28bd-3698-4962-b8a9-c632f27c9c82",
        "relationship--21caad94-1568-4e40-8e38-c0f7e854aede",
        "relationship--261937ca-8c05-430a-9c85-280b78505f65",
        "relationship--27e7969b-a0bf-4db6-90bf-1f17c5e0c853",
        "relationship--2db32876-d6f5-4862-b760-f0a9dfb28c3c",
        "relationship--2efd43af-7571-4fd6-81cd-c26d7f769133",
        "relationship--30f98441-b9cd-49ab-ba95-c7f19a82becd",
        "relationship--35d35ecf-1326-4690-b105-23280e29c120",
        "relationship--37f48df4-80b1-4f5b-917c-8ac699e5cc0e",
        "relationship--3a1883a0-8626-4cf0-8e0f-19bf9cf39a30",
        "relationship--434a9327-8e08-4336-adbd-f24a0ee9eba6",
        "relationship--466ea5cf-ebe7-49da-9197-047c70cabaeb",
        "relationship--46e84bd8-d38f-43e7-b62b-ea211231abef",
        "relationship--48a7db34-eee7-4358-918b-0cc802aaec03",
        "relationship--4919cec0-77ce-4505-91e5-5a538fe1b198",
        "relationship--4abcf209-1dab-435b-a347-b8ff318ac5d8",
        "relationship--4de4cf78-542c-4f7a-a83b-f876a59e2553",
        "relationship--4ec9a523-e27f-4984-9bde-4af785e5e75a",
        "relationship--50f0d6ac-0cfa-41d6-9795-e6843101c524",
        "relationship--545a618f-9fe4-4573-a0a0-ecfcef0b407c",
        "relationship--54e27824-ac46-49ca-8b58-dc5726b6cefb",
        "relationship--553dc864-7d6b-41f9-bb1c-9fc6ee3724b7",
        "relationship--56e55812-7622-4e84-96c6-6fc46dd2b541",
        "relationship--578a4fd8-7c24-44b2-a7c3-1a47786d3c9a",
        "relationship--596f9132-84e2-42c9-ad58-8833fe38b1e6",
        "relationship--5ccf856f-abd9-4ef6-b17f-803ecb20435f",
        "relationship--5ef73661-0bc8-47f5-bae6-2beb5342a68e",
        "relationship--6a4eafba-a7fb-46d1-8c50-033e1e3d7409",
        "relationship--6d10e49f-ebd6-47c5-9042-96bd54f7ca79",
        "relationship--6d69c030-d557-4d35-b5dc-99ee973f10eb",
        "relationship--6f9916d0-70c3-4504-93cf-cd0e8dd7ead1",
        "relationship--7123a6ee-2026-4db8-a983-cbc2932c2a09",
        "relationship--74499e24-ecca-46bb-87fb-e8beb25f1c11",
        "relationship--7898362c-a930-4cd4-9c94-019a253af141",
        "relationship--791b12bb-cb49-4fc6-a4a5-ea7773fce408",
        "relationship--79f0712b-2cb1-47df-8ea1-26fb1502a831",
        "relationship--7a4ed5e2-6a96-4faf-b647-2372490cfcb2",
        "relationship--7ac39d41-f859-447e-947b-5da935d30894",
        "relationship--7d13961a-5fcc-4c97-aeda-f3e42325aabf",
        "relationship--7f1c30eb-051f-4d1a-9d81-1ee46f7779c7",
        "relationship--801f139f-1361-4d79-965e-078787f8ec36",
        "relationship--813e4416-bee6-4192-a712-6b5f80a7fff3",
        "relationship--81682d49-acb2-4439-a7da-1a28126cea94",
        "relationship--827f9dc6-9dbd-4556-a817-efb9b115cac1",
        "relationship--83a949a2-ed5d-4ae5-a45f-885e58a7d931",
        "relationship--83ac6dba-c74f-4a9e-aba3-3581a67588bf",
        "relationship--86dddc68-9032-4467-be3c-a48d3bacfd06",
        "relationship--90126438-03a9-47c8-98c1-222a1d79ef21",
        "relationship--91180074-16cd-448f-8955-628d06965e22",
        "relationship--94e051ad-2f6d-4322-a854-6ee1944a8904",
        "relationship--96076f66-3ad6-4e54-b816-c9c3f90fa43a",
        "relationship--97beb535-e226-4581-a329-de9fabe7a49d",
        "relationship--98b19c5d-efbc-4e00-b7cc-71df5a1109e0",
        "relationship--9cf37d0b-a23d-4514-961d-94d1cc6e2bef",
        "relationship--9dffc323-ae0a-430e-b9de-e059862432a1",
        "relationship--9e472909-7f89-430f-8782-8bf20ef265d4",
        "relationship--a12a471b-39b2-4abf-80d0-af88d5a4f038",
        "relationship--a1fc4800-c670-4bc1-bc42-2b5fe66d0297",
        "relationship--a70a6fbd-379d-4104-8323-ce25a950c892",
        "relationship--a805a8d5-632c-48df-909d-c3d745652475",
        "relationship--a98804cf-b3f8-40c5-beac-2a82a18c891f",
        "relationship--ac5089b3-db8b-401d-924d-76e35bce7e9c",
        "relationship--b108443a-669a-42a3-b065-3c97ba318fcf",
        "relationship--b732b424-4648-48a5-8ecc-a2d55fda04c6",
        "relationship--b9109cd5-1b13-4376-a761-b68302879351",
        "relationship--bd41e985-806d-4bc5-b7ef-fd00fc96cd3c",
        "relationship--be99408a-dc65-41a0-83db-235d8495e55c",
        "relationship--c035e54b-c504-4e4f-9915-c2f37236ef34",
        "relationship--c0677c42-7c1f-48ee-9a96-de3686917405",
        "relationship--c128b821-b39b-481a-91a1-a2bad7d6dda2",
        "relationship--c16854fa-add6-4be3-9547-05cc479861d8",
        "relationship--c667befa-7242-47f8-bdc1-1056f62bb466",
        "relationship--cbf79556-91df-45cf-a64b-1dd01025ac8d",
        "relationship--d1b46f3e-b25c-43c0-9ab2-ef6e5ff8270c",
        "relationship--d4ee44c8-c389-4c02-8601-ee7c194d249e",
        "relationship--d514d73a-27de-409d-bff9-d7e48f2859a6",
        "relationship--d9302591-bba1-420e-96ac-401304d37258",
        "relationship--df2a0a3b-1a23-4148-a0f7-ed5b45a0d095",
        "relationship--e1492807-b520-412b-9df7-105aefc29deb",
        "relationship--e48c9be7-6a02-4170-a63a-204c6308a825",
        "relationship--e550d34c-3828-416b-92ec-a7a6f9524823",
        "relationship--e68ff1c2-ef03-486b-96df-167a1652a97b",
        "relationship--ee6e6954-706f-4b19-9081-f9603c3f9e3e",
        "relationship--ef09248a-8356-4636-88da-a58e17e72a45",
        "relationship--f1bd5050-739b-4a22-a1a6-f80e70cb8192",
        "relationship--f8fe4311-f367-42bb-a51d-688753d0218b"
    ],
    "graph_nodes": [
        {
            "count": 86,
            "id": 0,
            "texts": [
                "Cobalt Strike",
                "SideTwist",
                "Ramsay",
                "APT33",
                "SMOKEDHAM",
                "Dipsind",
                "SysUpdate",
                "PingPull",
                "BADNEWS",
                "BLINDINGCAN",
                "xCaon",
                "CreepySnail",
                "Patchwork",
                "Prikormka",
                "Fysbis",
                "POWERSTATS",
                "DnsSystem",
                "Flagpro",
                "Stuxnet",
                "Team",
                "Octopus",
                "Okrum",
                "Chaes",
                "down_new",
                "Saint Bot",
                "PowerShower",
                "SpeakUp",
                "Torisma",
                "QUADAGENT",
                "Kevin",
                "Mis-Type",
                "njRAT",
                "S-Type",
                "SUNBURST",
                "Mafalda",
                "Mongall",
                "Astaroth",
                "attacker",
                "ChChes",
                "RotaJakiro",
                "Emotet",
                "Daserf",
                "RDAT",
                "GrimAgent",
                "Bumblebee",
                "attacker",
                "Kazuar",
                "Spark",
                "MechaFlounder",
                "Denis",
                "OopsIE",
                "Machete",
                "TA551",
                "Revenge RAT",
                "OSX_OCEANLOTUS.D",
                "HOPLIGHT",
                "Squirrelwaffle",
                "TrickBot",
                "AutoIt backdoor",
                "DarkWatchman",
                "WellMess",
                "Kessel",
                "Tropic Trooper",
                "BabyShark",
                "Ixeshe",
                "KONNI",
                "Bisonal",
                "MuddyWater",
                "Cobian RAT",
                "BS2005",
                "More_eggs",
                "Sardonic",
                "POWRUNER",
                "Valak",
                "Mori",
                "Ebury",
                "gh0st RAT",
                "attacker",
                "Elise",
                "QakBot",
                "Zebrocy",
                "Carbanak",
                "STARWHALE",
                "CharmPower",
                "QUIETCANARY",
                "HAFNIUM"
            ],
            "label": "ACTOR"
        },
        {
            "count": 57,
            "id": 1,
            "texts": [
                "Base64",
                "NetBIOS encoding",
                "base64",
                "URL-safe Base64",
                "Base64",
                "base64",
                "Base64",
                "Base64 encoding",
                "Base64",
                "base64 encoding",
                "HTML tags",
                "base64 encoding",
                "Base64",
                "base64",
                "C2 POST data base64",
                "Base64 encoding",
                "Base64",
                "Base64",
                "Base64",
                "ZLIB Compression",
                "custom base64 encoding",
                "base64",
                "Base64",
                "base64",
                "base16 encoded strings",
                "base64 encoding",
                "Base64",
                "zlib",
                "standard Base64",
                "bzip2",
                "reverse XOR",
                "RSA-2048",
                "Zlib compression",
                "Base64",
                "base64",
                "RogueRobin base64",
                "Base64 encoding",
                "base64 encoding",
                "custom base64 key",
                "Base64",
                "ASCII",
                "Base64 encoding",
                "Base64 encoding",
                "basE91 encoding",
                "encryption",
                "Base64",
                "Zlib",
                "Base64",
                "Base64",
                "URL/Percent Encoding",
                "Base64",
                "hex",
                "gzip",
                "standard encoding techniques",
                "base64",
                "base64",
                "ASCII encoding"
            ],
            "label": "ENCRYPTION"
        },
        {
            "count": 58,
            "id": 2,
            "texts": [
                "C2 traffic",
                "encoded C2 traffic",
                "C2 traffic",
                "C2",
                "C2 traffic",
                "bidirectional data communications",
                "target system",
                "C2",
                "communication traffic",
                "C2",
                "C2 communication",
                "C2 communications",
                "C2 traffic",
                "C2",
                "C2",
                "HTTP traffic",
                "base32-encoded subdomains",
                "C2",
                "Pisloader C2",
                "C2 responses",
                "C2 replies",
                "C2",
                "communications",
                "C2",
                "C2",
                "C2 channel",
                "initial C2 communications",
                "custom TCP C2 protocol",
                "C2s",
                "communications",
                "C2s",
                "C2 response",
                "C2",
                "DNS tunnel",
                "C2",
                "communication",
                "C2",
                "C2 traffic",
                "Misdat network traffic",
                "C2 communications",
                "communications",
                "C2",
                "communication",
                "C2 communication",
                "C2",
                "base64 encoded C2 communications",
                "C2 traffic",
                "C2",
                "C2 traffic",
                "communications",
                "C2",
                "C2",
                "HTTP traffic",
                "C2",
                "C2",
                "HTTP",
                "C2 communications",
                "C2 traffic"
            ],
            "label": "NETWORK"
        },
        {
            "count": 55,
            "id": 3,
            "texts": [
                "data",
                "encrypted binary data",
                "ASCII string",
                "URL parameter value",
                "base64 encoding",
                "HTML tags",
                "chunks",
                "output files",
                "information",
                "data",
                "data",
                "C2 data",
                "data",
                "data",
                "data",
                "data",
                "data",
                "hexadecimal format",
                "encoded ASCII text",
                "information",
                "data",
                "data",
                "data",
                "data",
                "hexadecimal representation",
                "strings",
                "hexadecimal-encoded subdomain fields",
                "data",
                "command strings",
                "data",
                "message body",
                "stolen data",
                "binary data",
                "Base64",
                "ASCII",
                "Base64-encoded plaintext",
                "message body",
                "client ID data",
                "32 uppercase hex characters",
                "C2 data",
                "encoded ASCII",
                "hexadecimal format",
                "C2 communications data",
                "data",
                "cookie values",
                "system information",
                "data",
                "message body",
                "ASCII",
                "data",
                "\"Cookie\" field",
                "data",
                "ASCII characters",
                "hexadecimal values",
                "data"
            ],
            "label": "DATA"
        },
        {
            "count": 28,
            "id": 4,
            "texts": [
                "ADVSTORESHELL",
                "BCS-server tool",
                "JHUHUGIT variant",
                "custom technique",
                "BRONZE BUTLER tools",
                "Backdoor.Oldrea samples",
                "communications payload",
                "C2 commands",
                "Lazarus Group malware sample",
                "DNS queries",
                "certutil",
                "custom Base64 encoding schemes",
                "HTTP requests",
                "tools",
                "HTTP request",
                "Felismus samples",
                "custom method",
                "Base64 encoded JSON libraries",
                "APT19 HTTP malware variant",
                "HTTP POST requests",
                "Sliver",
                "hex",
                "gzip",
                "standard encoding techniques",
                "C2 communication payload",
                "modules",
                "Helminth",
                "HTTP requests"
            ],
            "label": "FUNCTION"
        },
        {
            "count": 3,
            "id": 5,
            "texts": [
                "target system",
                "C2",
                "infected host"
            ],
            "label": "COMPONENT"
        },
        {
            "count": 5,
            "id": 6,
            "texts": [
                "Protobufs",
                "Responses",
                "0x52",
                "some",
                "that"
            ],
            "label": "OTHER"
        }
    ],
    "graph_edges": [
        {
            "id": "0_1",
            "source": 0,
            "dest": 1,
            "count": 27
        },
        {
            "id": "0_2",
            "source": 0,
            "dest": 2,
            "count": 29
        },
        {
            "id": "1_2",
            "source": 1,
            "dest": 2,
            "count": 7
        },
        {
            "id": "0_3",
            "source": 0,
            "dest": 3,
            "count": 36
        },
        {
            "id": "3_2",
            "source": 3,
            "dest": 2,
            "count": 13
        },
        {
            "id": "1_3",
            "source": 1,
            "dest": 3,
            "count": 6
        },
        {
            "id": "2_4",
            "source": 2,
            "dest": 4,
            "count": 1
        },
        {
            "id": "2_1",
            "source": 2,
            "dest": 1,
            "count": 3
        },
        {
            "id": "2_5",
            "source": 2,
            "dest": 5,
            "count": 1
        },
        {
            "id": "4_0",
            "source": 4,
            "dest": 0,
            "count": 2
        },
        {
            "id": "4_3",
            "source": 4,
            "dest": 3,
            "count": 11
        },
        {
            "id": "4_1",
            "source": 4,
            "dest": 1,
            "count": 10
        },
        {
            "id": "4_2",
            "source": 4,
            "dest": 2,
            "count": 6
        },
        {
            "id": "0_4",
            "source": 0,
            "dest": 4,
            "count": 8
        },
        {
            "id": "3_4",
            "source": 3,
            "dest": 4,
            "count": 5
        },
        {
            "id": "0_6",
            "source": 0,
            "dest": 6,
            "count": 2
        },
        {
            "id": "6_2",
            "source": 6,
            "dest": 2,
            "count": 2
        },
        {
            "id": "3_1",
            "source": 3,
            "dest": 1,
            "count": 5
        },
        {
            "id": "3_6",
            "source": 3,
            "dest": 6,
            "count": 1
        },
        {
            "id": "6_1",
            "source": 6,
            "dest": 1,
            "count": 2
        },
        {
            "id": "6_3",
            "source": 6,
            "dest": 3,
            "count": 1
        },
        {
            "id": "2_3",
            "source": 2,
            "dest": 3,
            "count": 4
        },
        {
            "id": "3_5",
            "source": 3,
            "dest": 5,
            "count": 1
        }
    ],
    "verbs": {
        "use": 41,
        "for": 15,
        "encode": 34,
        "send to": 3,
        "from": 3,
        "between": 2,
        "transform": 1,
        "into": 4,
        "as": 3,
        "of": 7,
        "in": 14,
        "send": 4,
        "to": 8,
        "with": 17,
        "utilize": 3,
        "compresses": 1,
        "serialize": 1,
        "obfuscate": 4,
        "by": 5,
        "post": 1,
        "over": 7,
        "compress": 2,
        "after": 1,
        "decrypt": 1,
        "receive from": 1,
        "base64-encode": 1,
        "identify": 1,
        "exfiltrate": 3,
        "hide": 1,
        "deliver from": 1,
        "be": 1,
        "return": 1,
        "use in": 1,
        "encrypt": 1,
        "on": 2,
        "hex-encode": 1,
        "encode with": 1,
        "convert": 1
    }
}