{
    "id": "T1140",
    "tech_id": "T1140",
    "tech_name": "Deobfuscate/Decode Files or Information",
    "best_phrases": [],
    "tactics": [
        "TA0005"
    ],
    "features": [
        "FUNCTION",
        "DATA",
        "ENCRYPTION",
        "NETWORK",
        "REGISTRY",
        "COMPONENT",
        "USER",
        "DIRECTORY"
    ],
    "locations": [
        "Windows",
        "Linux",
        "macOS"
    ],
    "procedures": [
        "relationship--026a63ae-dd3d-4ea6-8a32-c40c9b37b893",
        "relationship--026d4fb6-4683-4e64-a69c-82e39dd11b23",
        "relationship--0303acd0-64a4-4e40-b8e3-29e1c43694d2",
        "relationship--03303147-db81-4cb3-9368-98ee4f963c1a",
        "relationship--03b52236-a63f-4ffe-88bd-15cb5ac69a66",
        "relationship--03e6a535-5c95-47e7-a369-aed653022c7c",
        "relationship--045da2d4-f599-447b-931b-c11e8692fa1c",
        "relationship--0575a941-3af6-4b7b-93df-30f6001760ac",
        "relationship--0686ee2f-ff46-418b-b6e8-1766e4dc33a8",
        "relationship--06f8a778-eebf-4d73-86d3-6ebdbf94ce46",
        "relationship--07516f04-c7aa-46c7-9cca-0f81b84043e2",
        "relationship--075c6890-45e1-495e-a83e-b81ab05a8b4e",
        "relationship--07bbfaa8-c62f-4abc-845c-55b28434d058",
        "relationship--089eeb46-323e-410b-a27b-dc5ff4467c40",
        "relationship--0924ca96-c26b-4bd1-8c50-d3c1a9e1e25b",
        "relationship--095f6266-2535-4991-ad6b-64388513d6e7",
        "relationship--0977c267-10f9-4e4d-a947-464359c7a4ba",
        "relationship--09e94c75-2a53-4f13-a290-a4acf5dd4e71",
        "relationship--0c4af99b-e82d-422f-86da-ccc94e55d763",
        "relationship--0e3d54bf-90de-450d-af1c-c4372488b4f8",
        "relationship--102849c0-0ed7-4e85-9d0b-791bcb7ef7ab",
        "relationship--114f4fb4-3c0a-44b0-aeaf-2e2a3ba50fa5",
        "relationship--128e8365-7645-41fa-832e-5ff4d8639035",
        "relationship--1387ec64-ba36-42cd-b659-c29e708d8281",
        "relationship--13bc2a82-c51d-4410-9e62-223df287b8f7",
        "relationship--1477187e-7bd8-4622-8c2d-e5978c1fd29f",
        "relationship--198cddce-40f7-43eb-aeac-60171f111065",
        "relationship--19f9e4af-3ad9-4d0d-b4af-db145f514be9",
        "relationship--1a06ec1e-319c-4229-8ec7-b368f3886791",
        "relationship--1b1e5d59-20a4-4915-a553-4db606d8121d",
        "relationship--1c7681f4-4dc4-4722-9fcc-a79712fe502e",
        "relationship--1c9d4988-d9ea-4dd5-aef1-adb0232e87a3",
        "relationship--1f67c603-a567-42d1-b1ee-48fe9564c9bc",
        "relationship--21281614-d7cc-4211-9365-d318c99cb906",
        "relationship--2310e7b8-a4c7-460d-a89d-8d5854c59a44",
        "relationship--23679538-e90c-430d-b375-6d8bbf8ec723",
        "relationship--239cb026-369a-43f0-922c-cdc38d124430",
        "relationship--25446e74-d461-4113-8ff9-9d6984696680",
        "relationship--26303f07-87f0-4740-b6ea-e81e8c01b267",
        "relationship--26a6be0e-6d53-4f54-b190-af359bfab4fc",
        "relationship--27d0ccf1-00df-40f5-ad96-807e54862467",
        "relationship--283bdd5f-f356-43a2-864c-6f8211073d45",
        "relationship--2b062058-3345-4993-9715-6ad6e98dc2ad",
        "relationship--2ca546e0-6a3f-4a9f-82c3-2e41ffa67b79",
        "relationship--2d822996-4574-402d-8d0f-1cfc0e963850",
        "relationship--2e2e3a71-51b6-4779-a376-a9cc2750b5da",
        "relationship--309652a1-45a4-4479-9e84-dfab33d0a1f5",
        "relationship--31fa2481-0b4f-40d4-b438-1d04a7eb0888",
        "relationship--33d24077-13af-4e14-ba79-87ca145c5383",
        "relationship--3471a32a-47fc-4ba7-ac67-887d9872e316",
        "relationship--347ee2ed-7def-45ac-9935-063a679859ae",
        "relationship--352e6e5a-f1e0-46f8-826a-978981f6d893",
        "relationship--353dd407-0850-4bc4-a447-cd1b708b3833",
        "relationship--356aa4b0-e6c2-4ef7-a3b2-837c25c283b3",
        "relationship--3733dda5-9dd9-43d1-ac3a-24f1b5fb86e7",
        "relationship--383301a1-1cf9-4a74-ab22-2ed1a8c2a42b",
        "relationship--386f2d28-9b7b-43b7-bc06-d7d8ffc644e2",
        "relationship--3921c748-c29e-4c2f-b5cb-bcc7c0237219",
        "relationship--3967e156-2135-4416-b3c3-79372d19d610",
        "relationship--39e0a84e-24de-4b0f-a0e4-3a821b8f963a",
        "relationship--3a6a72e8-0637-41db-b455-6b5d629aba28",
        "relationship--3c8467e6-0878-4c62-afe6-55f124872089",
        "relationship--3cd2c187-587c-4969-957d-122ce654fc2a",
        "relationship--43c68bb8-28e2-4ee0-91aa-ffc16dcc45bc",
        "relationship--45e9de66-7203-48e9-bd9b-096c289f35db",
        "relationship--45f7f495-2de8-4f78-87ec-14201cfc1d46",
        "relationship--4800e509-0653-4895-a9f0-e0b538592875",
        "relationship--4975b6f9-c542-4ad9-bfeb-6182c4db895f",
        "relationship--497aec05-cb34-424d-943f-4fdfbf2585b4",
        "relationship--49f9b769-57d1-4d73-8194-59b584a72c1b",
        "relationship--4a8098a6-da49-4a36-805b-acce98efa827",
        "relationship--4b3f0b38-d4e2-49e8-a8f9-6a186c31967f",
        "relationship--4ca73e82-4e56-4044-a21a-d613a80f171c",
        "relationship--4e3a250d-c168-4544-82c5-3b1414be826d",
        "relationship--4f89d6c4-29ec-4777-bbc9-b0ea78064c42",
        "relationship--4ffef54e-be6b-40cf-9446-d886f298d79c",
        "relationship--512b3fed-39aa-407d-b274-5a65229688b7",
        "relationship--52893247-a6d6-4119-881a-09e10121edf5",
        "relationship--52a5b303-b759-424e-86b8-5c855976e5ea",
        "relationship--53b64a61-b521-4767-9c3a-bb73d518aa15",
        "relationship--5412525e-cba5-4fa1-89ff-7e6fa2b92e24",
        "relationship--54c703f9-67ef-4622-afed-0ebbd2563e9e",
        "relationship--54d9e07f-eff6-41e9-8821-3bb7ac657c8c",
        "relationship--54e76e33-91b4-409f-a784-7e181f82b216",
        "relationship--566d783a-2d86-4b9a-8ca0-5013de5f7fb4",
        "relationship--582215ef-b7dd-43c3-a4ca-3a4a14edde59",
        "relationship--584bbe94-c7bf-4039-970c-545da4e2bf92",
        "relationship--58545f9a-d2cf-4466-bc7f-9cdbdce25d70",
        "relationship--5918cee6-c2f1-41be-ab96-36f3d17e5293",
        "relationship--5998186f-20af-4b30-8ae7-4d4648d96327",
        "relationship--5b928b39-ce48-47b8-82bc-d4ec63b1e3f4",
        "relationship--63b6fd1d-65a7-4c94-8045-16fd198802f1",
        "relationship--66044dfc-ab9a-4de4-a20b-cfed6d3f6236",
        "relationship--67469b79-67e2-4932-9776-b09a82871723",
        "relationship--68896b85-a0ed-4b99-a776-dbdd3092ac07",
        "relationship--68cfc5f9-3c65-4f24-8018-cf811d7b6c9f",
        "relationship--6cb89bfe-73f6-47d8-beb5-f8b2d66e0bfd",
        "relationship--6d1074cb-a9eb-4237-b8b2-d823cfa1408b",
        "relationship--6e73108a-836f-47ad-b88a-6b9a70ebcb7b",
        "relationship--6ee02f06-6250-4c75-b20f-c3271442f59e",
        "relationship--6f64c3b9-7882-4bcf-9ff2-3dcce03cf632",
        "relationship--70b94aa6-7cf1-4cf5-b00b-aed156036f1e",
        "relationship--73622af3-6412-4fb9-b0ba-6a127c0db558",
        "relationship--748cd538-d2a0-470c-b6fb-68e73b8069b1",
        "relationship--74e1dbd9-baad-488f-9b30-4430420e15d3",
        "relationship--753b0a84-4455-4706-babf-f9bf75e530be",
        "relationship--7562ef46-c452-4338-9e06-3afdcf2c0e04",
        "relationship--77b9e1c5-8241-4260-8125-4bc2e1206b9c",
        "relationship--7ce7aa48-afa9-4eb6-8bc2-8f04fd6cf00e",
        "relationship--7d37a0f1-1aea-456c-ade6-6d463a14fc14",
        "relationship--7e4db234-1923-4bfb-ab32-284f31182c76",
        "relationship--7e941100-b4aa-43fa-a7c5-328fb211ecce",
        "relationship--7ee1407c-ee33-47bc-824a-6f0dcd385462",
        "relationship--817dc3ce-3e77-4e91-a9e4-9c8c8579e722",
        "relationship--8183d862-5383-4a42-acbd-be58e120cb25",
        "relationship--8265aa36-4e63-4ee9-8cfe-4ed82839efce",
        "relationship--843aedaa-bbf0-4f29-bcfd-bd226ca7ef31",
        "relationship--848313af-f9c3-4b51-a24a-d2e88487ab53",
        "relationship--8580c1e0-84fd-4da9-a9e8-1ae17f1b67d2",
        "relationship--85b0be36-c9fb-4359-b9b6-4e13300e374b",
        "relationship--8631491d-bda8-4eee-93ec-5f3fc6340c3f",
        "relationship--86bcc5c3-456e-4bac-a419-54f54af80325",
        "relationship--883822b2-c788-4a60-b9ad-e73e363b1ea6",
        "relationship--8a2fbf8a-a05c-44d7-a270-afe092de9db5",
        "relationship--8a36b1bf-52a8-4e93-bac2-e28c60b7d64d",
        "relationship--8bba06f3-fac2-4484-a177-53d5716f80a6",
        "relationship--8bed4012-0b27-409b-8236-1b5238dd477d",
        "relationship--8e2b7383-c6dc-40c1-bb88-3176ff98c9dc",
        "relationship--8ea64034-60a6-466d-9434-19d05180626c",
        "relationship--8fe32611-4206-4bef-9698-dbcefde08090",
        "relationship--9191026d-2410-4e6d-98fe-26786a5b8bf1",
        "relationship--921c2a85-eab7-4cfc-9ac5-98a463262c17",
        "relationship--952412b3-a7b1-402c-a92e-96830df4d14b",
        "relationship--959092cf-5647-4c25-b64e-3e84061511a5",
        "relationship--95fc8b91-eda2-49e9-b2fb-b3cdfacc0eaa",
        "relationship--97323d60-9623-4b3e-8ff9-50370fef4e5b",
        "relationship--980a5f66-14d7-42c6-82f7-ef96cbab77bb",
        "relationship--994846d3-7130-4374-bd6e-278ad870fa94",
        "relationship--99e6e6cb-c19e-4689-8c92-b5429c709b91",
        "relationship--9a36085f-d0a9-41f2-a9cf-97e81c286ef2",
        "relationship--9a74aca4-4a5e-4a12-bd98-6a4d2df1b1a1",
        "relationship--9b8ff6e6-8b67-4182-9752-fa1cf15c0485",
        "relationship--9d293200-1425-4a77-8a2e-75a1ffb78310",
        "relationship--9dcec42b-174d-4b74-8aab-c5727a71c25c",
        "relationship--a0ff37b8-1a73-45dd-a645-fe2a43fad9f6",
        "relationship--a4105315-b63d-47c9-9526-3dd388d892b4",
        "relationship--a412040d-d8ed-48b4-979c-7cbc6f9ced1c",
        "relationship--a4cc226c-2858-4040-a90d-5cf1297fd78c",
        "relationship--a511a41e-0ab0-4088-8617-5de975b5d9a8",
        "relationship--a575b110-f622-4813-9fa7-bef6287bcb7b",
        "relationship--a6944696-304c-4813-8285-56275e926f9f",
        "relationship--a6bb9c7f-3e1c-429a-a81d-0d446f4abe9a",
        "relationship--a6bf495a-9769-433b-8754-e57f5e9045b7",
        "relationship--a6ddb76d-4317-4cfd-9e1d-57d8a0c5fb21",
        "relationship--aafa7447-cb73-4309-ac75-5326ab0d1079",
        "relationship--abeb8fca-e470-4119-a07f-a6ec2f4b4667",
        "relationship--abece522-51dc-4904-b0f9-585db7fb0223",
        "relationship--ac47da26-22ae-43b9-947b-ed4ea6943d42",
        "relationship--ac5693ea-3d10-47bd-b91b-a65177dd5462",
        "relationship--ad8fdfa4-5e0b-437d-9723-9bc5a272f465",
        "relationship--ade847d9-4ce6-4b63-accb-7070c926e5b5",
        "relationship--ae788f2a-e2d8-4615-8714-f1263c987b23",
        "relationship--af7c56df-ced8-45b7-9aef-be1039e30cea",
        "relationship--afd2f545-557a-4113-bc0a-3191e71bcbea",
        "relationship--b105573a-4d07-4253-8a5b-82f68357e098",
        "relationship--b1065110-5387-4dee-b27e-f671d75f403f",
        "relationship--b10f18a6-43a8-436f-8d9c-f180428f0a0d",
        "relationship--b16b1e0e-63b0-4c5b-8809-476d9645948c",
        "relationship--b1a30826-465a-4342-8ceb-e0bd4ef50063",
        "relationship--b3f66735-fafe-49be-b55c-4d087d1351a7",
        "relationship--b4016d43-d8c4-4ca2-b119-0681ebe8aaff",
        "relationship--b6a89ded-fa53-42b9-8f40-03c845123ac0",
        "relationship--b6df63b7-34af-4918-8d1d-cf3dad0287f8",
        "relationship--b71e10b8-e566-470b-8a5c-b634ddfd3965",
        "relationship--b7f13afc-0e1c-4142-b05c-def10c17a8d6",
        "relationship--b8333924-1556-4c3f-b60f-105984e1f715",
        "relationship--b99e218f-942b-4643-b4de-35649d2a4cbd",
        "relationship--bb870870-2dfb-4ff3-9e17-6a75476d9be4",
        "relationship--bccf4511-1e01-42ed-ab75-65d558e3fa3f",
        "relationship--bdd9a384-2d57-4238-bddd-5500e667d620",
        "relationship--be07fb4e-06db-4bb0-a1e0-23f34b24a97f",
        "relationship--bf9adcbf-3d35-4d70-b681-e7180f3c08da",
        "relationship--bfe474ce-d88f-4372-9918-a04470ba080e",
        "relationship--c89f4447-e8dc-4b6f-aa52-fade3ced3268",
        "relationship--c8fdab57-1e10-4f66-a1de-59a876c99ab1",
        "relationship--c9256d21-a464-477a-8756-96eae300b0e4",
        "relationship--c935af5a-b6e3-41b8-afa8-f9d7ad593201",
        "relationship--c958d98c-d3d9-40cf-9702-5d9cb2cdf719",
        "relationship--c9759e33-1cdd-472a-b3fc-f3263f218fdb",
        "relationship--c9aa1bb6-874a-4de6-84c8-e1e9d1d112d0",
        "relationship--c9ebddf7-337f-4002-84fd-84a7744b78e1",
        "relationship--cb67b57d-2ab3-4971-9b8d-83768df36df0",
        "relationship--cd82d148-f6b1-4247-8ccf-49fadbe7f245",
        "relationship--d0146a8e-8658-40c4-8232-bec51e1ab9a2",
        "relationship--d0a02e9b-9247-4bce-9070-649d7c908640",
        "relationship--d1a489c9-f937-4cc8-85d0-b4ce6b961a62",
        "relationship--d1b6a397-4f29-4274-8394-1d5ca4fe9fc7",
        "relationship--d2bc4516-c074-4d44-9931-07ab518de60a",
        "relationship--d4240d9a-1499-4863-a654-a52a1dbf48b4",
        "relationship--d4bffc31-3d7a-4f05-a85d-fdaaaa70853d",
        "relationship--d68120b8-9ef8-4a40-ae4c-d2b597336140",
        "relationship--d7702458-8b9d-49e8-a494-b5d87681f2c5",
        "relationship--d850589b-a36f-446e-9864-ae4d4a62b724",
        "relationship--d87615c7-501a-4b78-87fb-ba2c1a2faffb",
        "relationship--d98b5525-3cc5-4058-baf5-d614b91eb814",
        "relationship--d99ad754-c9fa-4244-b4fa-69a0b2191e24",
        "relationship--d9e7b8b3-6275-4c26-b9d2-4adfa1143c1b",
        "relationship--df0ee75f-5e10-40d7-a0ac-e6c281e0d4b9",
        "relationship--df98db39-fdfd-463c-96b3-e9a8b049f316",
        "relationship--dfcd4d41-11f4-4891-9e49-7a725ab18d1d",
        "relationship--e1fba82d-1cd2-4906-92db-ba3aafad72ca",
        "relationship--e359da34-bc39-4e72-9db1-49aa5da6c8b4",
        "relationship--e3be5269-92fd-488e-be35-ddc91030f7c3",
        "relationship--e6aed3c5-9f4a-4178-b03b-5805b2f61c81",
        "relationship--e823be4b-50b9-4430-9010-e960b46bdfcc",
        "relationship--e98ae201-7492-4aef-9b17-6499956bbe2b",
        "relationship--ea027248-40a2-403b-a0e9-748bdc8c5667",
        "relationship--ebbb5d6e-9949-436b-85c5-5cd90a681042",
        "relationship--ebd78850-caf0-4e14-8338-0f7347063afc",
        "relationship--ec218695-e481-4895-97a2-5383949cb04d",
        "relationship--ed6d663f-510b-4702-9c2a-ef40cc4d88c7",
        "relationship--f16f0b46-3363-48bd-9a13-c8751fdedf1c",
        "relationship--f2034fc3-e721-42ce-be50-d58668c5da4b",
        "relationship--f264330f-3c9f-4a2a-a6f6-904a9139bbf5",
        "relationship--f2cb5393-d33f-4ee3-a2c0-197c1e032ea5",
        "relationship--f2d433c3-d134-4985-8dc1-b35d407b330a",
        "relationship--f304b74c-85c7-4bd6-85bc-bec918a4fb7e",
        "relationship--f3d0ffd9-5bda-46fd-ba44-ef1b1def9506",
        "relationship--f649505a-555f-4939-980e-916a511c3134",
        "relationship--f813e8ab-96d7-4880-a3c2-50e164d4bd66",
        "relationship--f84b2658-a891-45a8-93ff-14dc0a86df10",
        "relationship--f8e31b9d-941d-4f58-ae3a-3bdbf4b2a923",
        "relationship--fa22812f-01a4-420a-be11-7cb5822026e5",
        "relationship--fbe5352c-7c4f-437c-a439-d212ba6d439b",
        "relationship--fd2f1a44-2ae7-4df0-b53c-42bc96af2da1",
        "relationship--fdb22ee1-d90b-496b-a7f7-baf155a1930c",
        "relationship--fe2eb5b7-7ae1-4df1-a49e-ad13f50510e8",
        "relationship--ff10b414-cc17-4335-9030-1262e5401b39",
        "relationship--ff8241d6-2a4c-41ea-b86d-43082ca0fb48",
        "relationship--ffecf9e6-6966-4535-934f-4fd4696875b0"
    ],
    "graph_nodes": [
        {
            "count": 290,
            "id": 0,
            "texts": [
                "ZeroT shellcode",
                "RC4-encrypted payload",
                "encoded payloads",
                "them",
                "commands",
                "second-stage PowerShell script",
                "PowerShell scripts",
                "detection",
                "runtime",
                "obfuscation",
                "decryption mechanism",
                "certutil",
                "custom section",
                "components",
                "deobfuscation process",
                "custom decryption routine",
                "encrypted PowerShell payloads",
                "PowerShell Profile",
                "WMI filter",
                "artifacts",
                "payload",
                "malware",
                "XOR cipher",
                "AES algorithm",
                "bit shifts",
                "function",
                "head and key sections",
                "encrypted stack strings",
                "rotate",
                "function",
                "malware components",
                "payload",
                "associated configuration elements",
                "DLLs",
                "shellcode",
                "code",
                "XOR operation",
                "payload",
                "Expand",
                "packed binaries",
                "final payload",
                "main backdoor code",
                "custom Base64 routine",
                "strings",
                "scripts",
                "VBS script",
                "XOR-encoded shellcode",
                "Gorgon Group malware",
                "payload",
                "VBScripts",
                "upload",
                "payload",
                "Imminent Monitor",
                "malware components",
                "packers",
                "droppers",
                "payloads",
                "custom parsing routine",
                "command codes",
                "parameters",
                "shellcode",
                "payload",
                "main DLL payload",
                "payload",
                "Expand",
                "executable",
                "code",
                "Python code",
                "Chinoxy dropping function",
                "fromCharCode() deobfuscation method",
                "code",
                "execution commands",
                "PowerShell script",
                "obfuscation",
                "Netwalker DLL",
                "files",
                "payloads",
                "XOR-based algorithm",
                "AES encrypted payloads",
                "embedded .Net Framework assembly",
                "Winnti",
                "modules",
                "malware",
                "DUSTPAN loader",
                "embedded payloads",
                "imports",
                "strings",
                "command",
                "routine",
                "decode routine",
                "bit shifting",
                "XOR operations",
                "rotate function",
                "DCSrv payload",
                "single-byte XOR scheme",
                "Rising Sun",
                "runtime",
                "encoded PE file",
                "certutil",
                "encrypted internal code",
                "commands",
                "strings",
                "code",
                "commands",
                "configuration files",
                "binary",
                "certutil command",
                "RC4 algorithm",
                "AES256 algorithm",
                "exploit code",
                "base64-encoded PowerShell commands",
                "VBS file",
                "certutil",
                "binaries",
                "configuration data",
                "modules",
                "malware",
                "command",
                "OilRig macro",
                "PowerShell command",
                "certutil",
                "ISO files",
                "payload",
                "RC4 encrypted payload",
                "Exaramel",
                "Raindrop malware",
                "tasking",
                "TYPEFRAME variant",
                "decrypted malicious DLL module",
                "variant",
                "networking APIs",
                "modules",
                "embedded executables",
                "obfuscated code",
                "Brute Ratel C4",
                "payload",
                "custom routines",
                "commands",
                "configuration values",
                "gh0st RAT DLL",
                "Gamaredon Group tools",
                "payloads",
                "base64-encoded source code",
                "downloader",
                "scripts",
                "Base64-encoded strings",
                "OSX/Shlayer",
                "encrypted and password-protected code",
                "payload",
                "PcShare",
                "XOR operation",
                "decompression",
                "payload",
                "persistence modules",
                "code",
                "Threat Group-3390 malware",
                "code",
                "Metasploit",
                "APT28 macro",
                "command certutil -decode",
                "base64 encoded payload",
                "unzip binary",
                "archive",
                "Resource Manager",
                "payload",
                "existence",
                "impersonated antivirus component",
                "shellcode",
                "XOR encrypted payloads",
                "components",
                "script",
                "WeaveWorks Scope",
                "Rijndael symmetric encryption algorithm",
                "sections",
                "binary",
                "detection",
                "scripts",
                "encoded PowerShell commands",
                "certutil",
                "macro",
                "UPPERCUT",
                "embedded Cobalt Strike beacon stage shellcode",
                "included shellcode",
                "shellcode",
                "DLLs",
                "shellcode",
                "macros",
                "runtime",
                "ELF files",
                "orchestrator payload",
                "communications module",
                "shellcode",
                "Beacon sessions",
                "IronNetInjector",
                "embedded .NET and PE payloads",
                "custom XOR algorithm",
                "payload",
                "loader",
                "backdoor code",
                "loader",
                "variations",
                "Data Protection API",
                "two-key triple DES",
                "decoding function",
                "payload",
                "scripts",
                "scripts",
                "SUNBURST",
                "JavaScript backdoors",
                "custom rolling XOR algorithm",
                "customized Cobalt Strike payload",
                "PowerShell",
                "base64-encoded assembly",
                "unique, custom de-obfuscation technique",
                "payload binary",
                "PowerShell loader",
                "XOR operations",
                "decryption algorithm",
                "Rotate on Right (RoR",
                "Rotate on Left (RoL) functionality",
                "embedded .NET module",
                "runtime",
                "XOR based algorithm",
                "payload",
                "CryptOne",
                "Microsoft API call",
                "shellcode",
                "VBA macro",
                "payload",
                "shellcode",
                "unpacking code",
                "packed executable",
                "password-protected executables",
                "custom XOR algorithm",
                "stage 3 malware",
                "shellcode",
                "payload",
                "XOR algorithm",
                "payload",
                "certutil",
                "custom malware",
                "Base64-encoded commands",
                "script",
                "script",
                "payload",
                "code functions",
                "Winnti",
                "Winnti for Windows dropper",
                "payloads",
                "runtime",
                "LZMA and base64 libraries",
                "obfuscated scripts",
                "VBS backdoor",
                "Triple DES algorithm",
                "custom decryption algorithm",
                "VBS code",
                "payloads",
                "secondary payload",
                "strings",
                "payloads",
                "execution process",
                "code",
                "custom routine",
                "instructions",
                "download",
                "PowerShell script",
                "agent",
                "function",
                "commands",
                "Metamorfo",
                "embedded payloads",
                "embedded executable",
                "code",
                "command",
                "APT19 HTTP malware variant",
                "fileless loader modules",
                "certutil",
                "Base64 binaries",
                "runtime",
                "strings",
                "APIs",
                "function",
                "custom algorithm",
                "malware",
                "Cobalt Strike payload",
                "AES-256 encryption algorithm",
                "sample",
                "decryption routine",
                "executable physical patch",
                "executables"
            ],
            "label": "FUNCTION"
        },
        {
            "count": 218,
            "id": 1,
            "texts": [
                "Avenger",
                "AppleJeus",
                "Action RAT",
                "BRONZE BUTLER",
                "KOCTOPUS",
                "Snip3",
                "PowGoop",
                "BendyBear",
                "LiteDuke",
                "P.A.S. Webshell",
                "KONNI",
                "Turla",
                "Machete",
                "BOOSTWRITE",
                "APT39",
                "RotaJakiro",
                "More_eggs",
                "DarkTortilla",
                "Gelsemium",
                "Smoke Loader",
                "Clop",
                "SDBbot",
                "Babuk",
                "BBSRAT",
                "SysUpdate",
                "Lokibot",
                "POWERSTATS",
                "QUADAGENT",
                "WIRTE",
                "VaporRage",
                "Kimsuky",
                "Lucifer",
                "Grandoreiro",
                "Avaddon",
                "Pteranodon",
                "SombRAT",
                "FIVEHANDS",
                "Heyoka Backdoor",
                "AppleSeed",
                "Clambling",
                "Mongall",
                "FoggyWeb",
                "threat actors",
                "Aria-body",
                "ShadowPad",
                "QUIETCANARY",
                "Starloader",
                "TSCookie",
                "Conti",
                "Kwampirs",
                "RainyDay",
                "DDKONG",
                "Denis",
                "Bumblebee",
                "Final1stspy",
                "Ke3chang",
                "BoomBox",
                "Azorult",
                "Astaroth",
                "QakBot",
                "Stuxnet",
                "Netwalker",
                "Squirrelwaffle",
                "ABK",
                "BBK",
                "KEYPLUG",
                "CharmPower",
                "Ebury",
                "Valak",
                "Mafalda",
                "Molerats",
                "Bisonal",
                "APT41",
                "Darkhotel",
                "OSX_OCEANLOTUS.D",
                "PyDCrypt",
                "Rising Sun",
                "Crimson",
                "Torisma",
                "Earth Lusca",
                "Chrommme",
                "VERMIN",
                "LightNeuron",
                "Kessel",
                "ISMInjector",
                "Sardonic",
                "ZIRCONIUM",
                "MuddyWater",
                "TrickBot",
                "metaMain",
                "Taidoor",
                "RDAT",
                "Egregor",
                "OilRig",
                "EnvyScout",
                "Bundlore",
                "HyperBro",
                "Dyre",
                "Waterbear",
                "Ursnif",
                "APT29",
                "AvosLocker",
                "YAHOYAH",
                "BabyShark",
                "Saint Bot",
                "IceApple",
                "Mori",
                "Emotet",
                "WarzoneRAT",
                "Green Lambert",
                "Proton",
                "Kobalos",
                "Carbon",
                "HermeticWiper",
                "Remexi",
                "gh0st RAT",
                "Gamaredon Group",
                "Woody RAT",
                "TA505",
                "CookieMiner",
                "DropBook",
                "RegDuke",
                "Shamoon",
                "Skidmap",
                "ROKRAT",
                "Siloscape",
                "ShimRat",
                "Drovorub",
                "GoldMax",
                "MegaCortex",
                "TeamTNT",
                "Lizar",
                "Turian",
                "SideTwist",
                "REvil",
                "Agent Tesla",
                "MacMa",
                "DEADEYE",
                "WellMail",
                "threat actors",
                "CoinTicker",
                "DarkWatchman",
                "WellMess",
                "SharpStage",
                "menuPass",
                "Sibot",
                "NativeZone",
                "Pillowmint",
                "Lazarus Group",
                "Hildegard",
                "ComRAT",
                "Cobalt Strike",
                "Shark",
                "Spark",
                "Okrum",
                "WindTail",
                "InvisiMole",
                "HiddenWasp",
                "ThreatNeedle",
                "SQLRat",
                "SUNSPOT",
                "Leviathan",
                "TEARDROP",
                "PUNCHBUGGY",
                "NOKKI",
                "PS1",
                "Cardinal RAT",
                "WhisperGate",
                "Rocke",
                "GrimAgent",
                "FYAnti",
                "Goopy",
                "WastedLocker",
                "PlugX",
                "Kerrdown",
                "DanBot",
                "PingPull",
                "BADFLICK",
                "Uroburos",
                "PipeMon",
                "RGDoor",
                "FinFisher",
                "Tropic Trooper",
                "Amadey",
                "threat actors",
                "AuditCred",
                "Bazar",
                "PoetRAT",
                "Team",
                "PowerLess",
                "OnionDuke",
                "attackers",
                "Zebrocy",
                "Zeus Panda",
                "BackConfig",
                "Cyclops Blink",
                "BLINDINGCAN",
                "Chaes",
                "Bandook",
                "SoreFang",
                "Ramsay",
                "MirageFox",
                "xCaon",
                "KGH_SPY",
                "CostaBricks",
                "RogueRobin",
                "attacker",
                "Industroyer",
                "ZxxZ",
                "Ecipekac",
                "Higaisa",
                "FatDuke",
                "Volgmer",
                "LookBack",
                "PolyglotDuke",
                "Raindrop",
                "Dtrack",
                "Hancitor"
            ],
            "label": "ACTOR"
        },
        {
            "count": 195,
            "id": 2,
            "texts": [
                "files",
                "function blocks",
                "user supplied password",
                "key and salt values",
                "PowerShell Profile",
                "WMI filter",
                "artifacts",
                "downloaded data",
                "data",
                "encrypted CAB files",
                "resources",
                "head and key sections",
                "encrypted stack strings",
                "payload",
                "associated configuration elements",
                "strings",
                "memory",
                "executable content",
                "memory",
                "server response hex string",
                "strings",
                "scripts",
                "contents",
                "contents",
                "file",
                "encrypted internal strings",
                "encrypted strings",
                "encrypted data strings",
                "files",
                "memory",
                "payload DLL",
                "loader configuration",
                "binary blob",
                "command codes",
                "parameters",
                "Stars.jps",
                "file",
                "DLL",
                "resources",
                "copy",
                "embedded configuration",
                "important strings",
                "base64-encoded strings",
                "Base64-encoded shellcode strings",
                "AES-encrypted files",
                "config file",
                "content",
                "code strings",
                "resources",
                "memory",
                "memory",
                "files",
                "payloads",
                "resources",
                "configuration file",
                "XOR encoded strings",
                "configuration",
                "C2 domain ownership",
                "TXT record",
                "files",
                "data",
                "strings",
                "imports",
                "strings",
                "length",
                "string",
                "configuration data",
                "C2 data",
                "string",
                "cabinet file",
                "XOR strings",
                "commands",
                "strings",
                "code",
                "commands",
                "configuration files",
                "configuration",
                "payload file",
                "certificate files",
                "Base64 information",
                "configuration data",
                "modules",
                "strings",
                "base64-encoded and AES-encrypted files",
                "file contents",
                "base64-encoded files",
                "AES encrypted payload data",
                "data",
                "resources",
                "crypto key information",
                "configuration file",
                "XOR-encoded strings",
                "strings",
                "files",
                "value",
                "strings",
                "files",
                "hard-coded buffer offsets",
                "strings",
                "encrypted file",
                "commands",
                "configuration values",
                "strings",
                "task and configuration files",
                "driver files",
                "configuration data",
                "memory",
                "scripts",
                "Base64-encoded strings",
                "Versions",
                "strings",
                "data",
                "strings",
                "base64-encoded string",
                "XOR cipher",
                "contents",
                ".txt file",
                "strings",
                "hostname",
                "password",
                "data",
                "byte",
                "contents",
                "files",
                "parm.txt",
                "keyword_parm.txt",
                "files",
                "configuration file",
                "Base64-encoded version",
                "configuration data",
                "encrypted strings",
                "strings",
                "file",
                "custom delta",
                "string",
                "place",
                "initially-downloaded hidden encoded file",
                "data",
                "base64-encoded content",
                "dropper document",
                "files",
                "data",
                "file",
                "memory",
                "unique per machine passwords",
                "file",
                "metadata",
                "strings",
                "resources",
                "blobs",
                "AES128-CBC encrypted blobs",
                "files",
                "embedded resources",
                "reverse byte order",
                "strings",
                "Right",
                "received data",
                "command parameters",
                "Base64 strings",
                "strings",
                "encrypted resources",
                "image files",
                "base64 encoded versions",
                "antivirus name strings",
                "data blob",
                "strings",
                "artifacts",
                "Base64-encoded data",
                "received information",
                "strings",
                "strings",
                "payloads",
                "strings",
                "strings",
                "AES encrypted binary file",
                "files",
                "exfiltrated data",
                "body",
                "document",
                "data",
                "C2 configuration information",
                "strings",
                "encrypted strings",
                "bytecode",
                "strings",
                "files",
                "strings",
                "data",
                "strings",
                "APIs",
                "data",
                "strings",
                "name",
                "filename",
                "Word document"
            ],
            "label": "DATA"
        },
        {
            "count": 36,
            "id": 3,
            "texts": [
                "C2",
                "C2 communications",
                "C2 communications",
                "C2 address",
                "C2",
                "C2 communication",
                "C2 responses",
                "C2",
                "C2 address",
                "C2 protocols",
                "C2",
                "openssl",
                "Tor clients",
                "initial communication",
                "C2",
                "openssl",
                "C2",
                "C2",
                "WebSocket messages",
                "C2 domains",
                "IP addresses",
                "messages",
                "C2",
                "C2",
                "OpenSSL",
                "C2",
                "email",
                "C2",
                "C2",
                "C2",
                "C2",
                "C2",
                "C2",
                "remote C2",
                "AES encrypted C2 communications",
                "Base64 encoded URLs"
            ],
            "label": "NETWORK"
        },
        {
            "count": 120,
            "id": 4,
            "texts": [
                "Base64",
                "XOR key",
                "base64 encoded strings",
                "AES",
                "32-byte long multi-XOR key",
                "XOR cipher",
                "AES algorithm",
                "bit shifts",
                "Rijndael cipher",
                "XOR",
                "CAB file",
                "hard-coded keys",
                "XOR",
                "AES",
                "preshared key",
                "Base64",
                "Base64",
                "Lightweight Encryption Algorithm (LEA)-128 key",
                "XOR key",
                "hardcoded AES-256 key",
                "XOR key",
                "XOR",
                "local or remote CAB file",
                "decryption",
                "XOR key",
                "Base64",
                "embedded RSA public key",
                "ZIP files",
                "XOR",
                "RC4",
                "RC4",
                "variable key",
                "default XOR key",
                "Base64",
                "XOR",
                "Bankshot decodes",
                "XOR",
                "AES",
                "hardcoded decryption key",
                "SHA1 derived key",
                "stream cipher",
                "RC4",
                "base64",
                "hardcoded key",
                "7-Zip",
                "Base64-encoded AES key",
                "archive",
                "RC4 key",
                "self-extracting RAR file",
                "XOR",
                "LZCopy",
                "XOR",
                "25-character keys",
                "XOR operation",
                "decompression",
                "implemented LZM algorithm",
                "XOR key",
                "decryption and extraction operations",
                "key",
                "ciphertext",
                "base64-encoded string",
                "XOR cipher",
                "LZNT1 compression",
                "shikata_ga_nai encoder",
                "command certutil -decode",
                "tar.gz files",
                "key",
                "byte by byte XOR",
                "unzip binary",
                "archive",
                "MESSAGETAP XOR",
                "Base64 key",
                "XOR decryption key",
                "AES-128-EBC",
                "FromBase'+0x40+'String",
                "FromBase64String",
                "base64",
                "RAR archive",
                "certutil -decode",
                "AES",
                "hardcoded XOR key",
                "rolling XOR",
                ".zip files",
                "custom XOR cipher",
                "RC4",
                "decryption",
                "hard-coded AES keys",
                "variations",
                "Data Protection API",
                "two-key triple DES",
                "XOR cipher",
                "cipher",
                "one-byte XORing",
                "RC4",
                "AES",
                "XOR key",
                "tar.gz files",
                "polymorphic decryptor",
                "custom cryptor",
                "an XOR ",
                "RtlDecompressBuffer",
                "AES",
                "custom rotating XOR cipher",
                "XOR",
                "RC4",
                "decryption",
                "GZip",
                "base64 and AES ECB decryption",
                "XOR",
                "AES",
                "XOR",
                "AES",
                "string decryption",
                "base64",
                "XOR key",
                "single-byte XOR keys",
                "16-byte XOR key",
                "CBC mode",
                "unique key",
                "ZIP files"
            ],
            "label": "ENCRYPTION"
        },
        {
            "count": 8,
            "id": 5,
            "texts": [
                "victim",
                "victim",
                "victims",
                "victim",
                "victim",
                "victim",
                "victim",
                "recipient"
            ],
            "label": "USER"
        },
        {
            "count": 38,
            "id": 6,
            "texts": [
                "itself",
                "layers",
                "which",
                "XOR cipher",
                "AES algorithm",
                "bit shifts",
                "rotate",
                "function",
                "that",
                "itself",
                "stages",
                "that",
                "them",
                "that",
                "layers",
                "OopsIE concatenates",
                "bit shifting",
                "XOR operations",
                "reporting",
                "that",
                "computation",
                "itself",
                "that",
                "Studio",
                "which",
                "which",
                "use",
                "group",
                "which",
                "many",
                "Left",
                "itself",
                "itself",
                "layers",
                "which",
                "FIN13",
                "itself",
                "part"
            ],
            "label": "OTHER"
        },
        {
            "count": 16,
            "id": 7,
            "texts": [
                "system",
                "storage",
                "system",
                "targeted hosts",
                "Linux",
                "disk",
                "machine",
                "disk",
                "disk",
                "Linux",
                "Chrome",
                "disk",
                "system",
                "machine",
                "Windows",
                "machine"
            ],
            "label": "COMPONENT"
        },
        {
            "count": 19,
            "id": 8,
            "texts": [
                "DLLs",
                "shellcode",
                "payload DLL",
                "loader configuration",
                "DLL",
                "resources",
                "Netwalker DLL",
                "Registry",
                "gh0st RAT DLL",
                "packed DLLs",
                "Registry",
                "core DLL",
                ".dll",
                "DLLs",
                "shellcode",
                "DLL",
                "DLL",
                "SeDll",
                "DLLs"
            ],
            "label": "REGISTRY"
        },
        {
            "count": 3,
            "id": 9,
            "texts": [
                "/tmp folder",
                "the%temp%folder",
                "created folder"
            ],
            "label": "DIRECTORY"
        }
    ],
    "graph_edges": [
        {
            "id": "1_2",
            "source": 1,
            "dest": 2,
            "count": 110
        },
        {
            "id": "2_3",
            "source": 2,
            "dest": 3,
            "count": 15
        },
        {
            "id": "1_4",
            "source": 1,
            "dest": 4,
            "count": 64
        },
        {
            "id": "1_3",
            "source": 1,
            "dest": 3,
            "count": 13
        },
        {
            "id": "1_0",
            "source": 1,
            "dest": 0,
            "count": 159
        },
        {
            "id": "1_5",
            "source": 1,
            "dest": 5,
            "count": 1
        },
        {
            "id": "0_5",
            "source": 0,
            "dest": 5,
            "count": 1
        },
        {
            "id": "1_6",
            "source": 1,
            "dest": 6,
            "count": 12
        },
        {
            "id": "4_0",
            "source": 4,
            "dest": 0,
            "count": 11
        },
        {
            "id": "6_0",
            "source": 6,
            "dest": 0,
            "count": 11
        },
        {
            "id": "0_2",
            "source": 0,
            "dest": 2,
            "count": 38
        },
        {
            "id": "2_0",
            "source": 2,
            "dest": 0,
            "count": 24
        },
        {
            "id": "6_2",
            "source": 6,
            "dest": 2,
            "count": 11
        },
        {
            "id": "2_1",
            "source": 2,
            "dest": 1,
            "count": 1
        },
        {
            "id": "2_4",
            "source": 2,
            "dest": 4,
            "count": 8
        },
        {
            "id": "0_6",
            "source": 0,
            "dest": 6,
            "count": 7
        },
        {
            "id": "4_6",
            "source": 4,
            "dest": 6,
            "count": 1
        },
        {
            "id": "0_7",
            "source": 0,
            "dest": 7,
            "count": 11
        },
        {
            "id": "6_7",
            "source": 6,
            "dest": 7,
            "count": 2
        },
        {
            "id": "1_8",
            "source": 1,
            "dest": 8,
            "count": 10
        },
        {
            "id": "4_2",
            "source": 4,
            "dest": 2,
            "count": 10
        },
        {
            "id": "1_7",
            "source": 1,
            "dest": 7,
            "count": 7
        },
        {
            "id": "2_7",
            "source": 2,
            "dest": 7,
            "count": 3
        },
        {
            "id": "0_3",
            "source": 0,
            "dest": 3,
            "count": 8
        },
        {
            "id": "0_4",
            "source": 0,
            "dest": 4,
            "count": 21
        },
        {
            "id": "0_1",
            "source": 0,
            "dest": 1,
            "count": 5
        },
        {
            "id": "8_2",
            "source": 8,
            "dest": 2,
            "count": 4
        },
        {
            "id": "6_4",
            "source": 6,
            "dest": 4,
            "count": 5
        },
        {
            "id": "7_5",
            "source": 7,
            "dest": 5,
            "count": 3
        },
        {
            "id": "2_5",
            "source": 2,
            "dest": 5,
            "count": 4
        },
        {
            "id": "2_8",
            "source": 2,
            "dest": 8,
            "count": 1
        },
        {
            "id": "3_7",
            "source": 3,
            "dest": 7,
            "count": 1
        },
        {
            "id": "2_9",
            "source": 2,
            "dest": 9,
            "count": 2
        },
        {
            "id": "0_9",
            "source": 0,
            "dest": 9,
            "count": 2
        },
        {
            "id": "8_4",
            "source": 8,
            "dest": 4,
            "count": 1
        },
        {
            "id": "4_7",
            "source": 4,
            "dest": 7,
            "count": 2
        },
        {
            "id": "4_8",
            "source": 4,
            "dest": 8,
            "count": 1
        },
        {
            "id": "4_3",
            "source": 4,
            "dest": 3,
            "count": 2
        },
        {
            "id": "6_8",
            "source": 6,
            "dest": 8,
            "count": 1
        },
        {
            "id": "8_0",
            "source": 8,
            "dest": 0,
            "count": 1
        },
        {
            "id": "4_1",
            "source": 4,
            "dest": 1,
            "count": 1
        },
        {
            "id": "3_2",
            "source": 3,
            "dest": 2,
            "count": 1
        },
        {
            "id": "1_9",
            "source": 1,
            "dest": 9,
            "count": 2
        }
    ],
    "verbs": {
        "decompress": 14,
        "decode": 56,
        "receive from": 5,
        "use": 118,
        "download": 1,
        "on": 11,
        "deobfuscate": 19,
        "execute": 8,
        "decrypt": 110,
        "evade": 2,
        "during": 3,
        "of": 42,
        "process": 1,
        "devote": 1,
        "perform": 4,
        "pull": 1,
        "from": 25,
        "inside": 1,
        "in": 14,
        "use for": 3,
        "to": 24,
        "unpack": 2,
        "into": 12,
        "deliver": 2,
        "encode": 1,
        "write": 5,
        "run": 2,
        "upload": 1,
        "extract": 7,
        "by": 3,
        "download from": 3,
        "initiate": 1,
        "hide": 1,
        "re-assemble": 1,
        "load": 4,
        "determine": 1,
        "for": 6,
        "hold": 1,
        "verify": 1,
        "combine": 2,
        "as": 4,
        "with": 17,
        "depend": 1,
        "drop": 2,
        "at": 7,
        "embed": 1,
        "be": 1,
        "hide inside": 1,
        "any": 2,
        "target": 1,
        "store in": 3,
        "drop to": 1,
        "install": 1,
        "resolve": 2,
        "store": 2,
        "after": 2,
        "copy": 1,
        "pass": 1,
        "apply": 1,
        "unarchive": 1,
        "obtain": 2,
        "hardcode": 1,
        "compress": 1,
        "embed within": 2,
        "check": 1,
        "read": 1,
        "de-obsfuscate": 1,
        "encrypt with": 2,
        "contain in": 1,
        "attach to": 1,
        "map": 1,
        "within": 1,
        "implement": 1,
        "have": 3,
        "base on": 2,
        "rotate": 2,
        "basedon": 1,
        "send": 1,
        "contain": 2,
        "utilize": 1,
        "reveal": 1,
        "parse": 1,
        "send from": 1,
        "trigger": 1,
        "unzip": 1,
        "connect": 1,
        "per": 1,
        "insert": 1
    }
}