{
    "id": "T1218.011",
    "tech_id": "T1218.011",
    "tech_name": "Rundll32",
    "best_phrases": [
        "c:\\\\windows\\system32\\rundll32.exe \"c:\\programdata\\thumbnail\\thumbnail.db\"",
        "rundll32.exe",
        "rundll32 commands",
        "rundll32.exe \"c:\\windows\\twain_64.dll\"",
        "hkey_current_user \\software\\microsoft\\windows\\currentversion\\run\\\"vert\" = \"rundll32.exe c:\\windows\\temp\\pvcu.dll , qszdez\"",
        "rundll32",
        "Rundll32"
    ],
    "tactics": [
        "TA0005"
    ],
    "features": [
        "FUNCTION",
        "REGISTRY",
        "DATA",
        "NETWORK",
        "COMPONENT",
        "USER",
        "ENCRYPTION"
    ],
    "locations": [
        "Windows"
    ],
    "procedures": [
        "relationship--078fe5f7-91b4-4864-960a-24c64b14996e",
        "relationship--0ab3b4aa-55d9-44bb-8563-d7e614641d5a",
        "relationship--0e8a4965-f609-4cf1-bded-2b4a1ef5c5f3",
        "relationship--107267dc-0620-42b3-8287-f49ce2ea4f8f",
        "relationship--11abcf3d-3fe2-4b5e-8590-9509a881d877",
        "relationship--12904c83-67ad-430f-96ae-20e9081c2b5d",
        "relationship--138da0bb-befa-45cd-9ca4-c74b86ac61ff",
        "relationship--190c819e-d4c9-4fa6-b809-9c7d76c0810a",
        "relationship--19a6f8fb-22c6-476c-9343-93956d9c1b77",
        "relationship--1ad1048f-05ce-4bde-a570-6b4be5fbeb4c",
        "relationship--1b4ee147-dc39-43d2-b468-fcd308e6cbae",
        "relationship--1c6f35f0-1169-4218-9881-7291e1765cd8",
        "relationship--1cbf5583-626a-4a24-bc59-f3b973752cee",
        "relationship--1fadec32-a069-4103-bac1-1f61cf2e90e0",
        "relationship--216ab163-818b-4303-beb6-a743b90c98bf",
        "relationship--218617ce-6474-4fd4-920e-88207c5aa219",
        "relationship--29e9bfd8-e2d3-4e25-8683-6605d99538de",
        "relationship--2f25c2ba-ee4b-41e7-9cf9-7a0960f3e77c",
        "relationship--37ab6b56-033c-4cb6-8d1b-e7ff5dcf668d",
        "relationship--3832d04e-41aa-456d-8104-b0a1fa2c12bb",
        "relationship--3bcfc38f-5fe8-4c66-8352-d3ba71c4f3ec",
        "relationship--3c58b596-6a79-4c28-be76-40e7ae9afd8a",
        "relationship--439e52b5-9aa1-4afb-b759-2b99b9fc5049",
        "relationship--49b4d1e6-1f0c-4e66-a9f1-51dc32615e69",
        "relationship--4b1cb3cd-5315-487b-8e4b-554b4679d00d",
        "relationship--504b9a6b-bb70-4055-876b-12aafb342f69",
        "relationship--511ed53b-8445-4da7-8890-49d1b4e98077",
        "relationship--539f8bc3-3fb4-43af-8918-9a65239cdff6",
        "relationship--555e47f2-54bb-4c97-8804-536aa354126c",
        "relationship--57597bcb-9cbc-49d4-adfb-fb4c0fe6090e",
        "relationship--58565141-69f5-45c4-a7a9-f3eec03f403b",
        "relationship--592324b4-064a-430c-8ffc-7f7acd537778",
        "relationship--5a771636-9b4d-423c-b7ba-1f274cbfb5b7",
        "relationship--5e617da4-3359-4e40-b29d-679e05ef2e31",
        "relationship--66513679-0866-4091-a346-2679db5e3cca",
        "relationship--6924c49b-0f86-4712-9600-f91b21fa5691",
        "relationship--6b11697f-be6c-4cd7-b445-4d277a8d7346",
        "relationship--6e24d8d1-7376-493f-a85c-75448c80efed",
        "relationship--6fd94786-4ffe-4053-851b-ee62fa558652",
        "relationship--749fb1ed-d73c-4317-8c0f-6c059cff094f",
        "relationship--768dd2dd-8840-45e3-ad15-c30512a35c05",
        "relationship--7920e13a-6c7f-4609-9a6a-729c053242eb",
        "relationship--797a925e-7fe8-4d88-a372-88160f24b111",
        "relationship--7af072a8-2a24-42c4-9cdc-7e060693849e",
        "relationship--7cd04afd-b216-468b-a4af-71700c9fbefd",
        "relationship--841acdc1-42c3-4f7d-9840-c9e4057bc2ab",
        "relationship--849e3f46-81a5-4865-9a14-fbbf67bfd00a",
        "relationship--8925d506-5fa7-4d8d-82bd-09c650029469",
        "relationship--896cd1de-ffa7-4f69-a981-2859cc756601",
        "relationship--898211c4-915c-469f-be47-321d2d44af90",
        "relationship--8b587fdb-cae2-4c5f-b434-86ad325077d2",
        "relationship--8cba1710-1963-4d83-99dd-88a1d6b2580f",
        "relationship--8e6cbb16-a5cb-4957-8654-dfde2471c3de",
        "relationship--8f269f6c-9e8b-4296-ab47-2f60c9156b58",
        "relationship--9088b52e-8e07-4fd4-ac80-66df7f877adf",
        "relationship--94a67c86-e7f6-4874-b41f-83a3bfc35be3",
        "relationship--95f2f687-4a70-4611-a420-2b8b53e2ee26",
        "relationship--a20b8e4c-330f-4e91-b4f6-e58e5800d690",
        "relationship--a2d91513-68d5-4df2-ab2f-05a25b72f419",
        "relationship--a6e374d3-1de7-4f5e-8fce-42cc326886bc",
        "relationship--a79ff150-e765-4303-9668-ff553d6000cd",
        "relationship--abc5f1e1-82b7-4d5d-b623-ce0f3e91b9d3",
        "relationship--ac43f0bd-db6c-4000-8efe-7f33520780d9",
        "relationship--b1d2f617-f0ca-43b8-921c-687fad920f39",
        "relationship--b244899c-bb0a-46c0-8f38-23d867a8a8b2",
        "relationship--b258b8da-ddd2-4f0e-b5da-83a89f018d54",
        "relationship--b3877b02-98e4-4c4a-8034-5af9f1e65c2c",
        "relationship--b5c85267-6a3e-4254-a851-3529f4f80b55",
        "relationship--b697e1d0-b537-4be0-bd16-fd3f7ade80e8",
        "relationship--b7f5a141-2db6-4f76-b3d7-bbd665035f84",
        "relationship--bdb9f6a6-7fe0-47e5-b708-3cb92360f6f9",
        "relationship--c07df1c1-3ae1-4974-af37-9c1b04cef14a",
        "relationship--c18efb6c-f31d-43b8-8ddb-5d6ffce64018",
        "relationship--c27c2970-ae12-46a0-99f8-2aa9137a8de3",
        "relationship--c406dfb3-d860-4895-858d-e3092cabd5bb",
        "relationship--ccc38b61-c517-4186-909a-760f12ef65e8",
        "relationship--cd70a632-a961-4adb-aea9-9995ef8e2b54",
        "relationship--ced15447-281b-4d92-941e-b5df9747a3d5",
        "relationship--ced83af5-76c5-4319-8d30-9682f71fe84f",
        "relationship--cfde6757-e167-4792-a7ba-f40520f7d136",
        "relationship--d4e351be-ccdc-4c51-a52a-b4d6a55cbeca",
        "relationship--dd9c1644-259d-4980-8058-fdc3c72fac7b",
        "relationship--dde93711-fffc-4426-8e23-7de234278302",
        "relationship--e22af0ee-ab7a-4989-9077-fe538a3ad03d",
        "relationship--ea11624f-1025-46a9-820b-0b87866f534d",
        "relationship--ea33531e-7a8f-45a1-a408-c8f405512aaa",
        "relationship--f176cbd3-81e9-4e7e-b5e2-d6a44c7bf789",
        "relationship--f32e0356-d326-4dd7-9c5f-4c1c304d8862",
        "relationship--fe26276a-d93c-400b-8907-1fcc9415ee38"
    ],
    "graph_nodes": [
        {
            "count": 77,
            "id": 0,
            "texts": [
                "Lazarus Group",
                "Heyoka Backdoor",
                "SVCReady",
                "InvisiMole",
                "Mongall",
                "threat actors",
                "PUNCHBUGGY",
                "NativeZone",
                "Comnie",
                "BLINDINGCAN",
                "HAFNIUM",
                "FlawedAmmyy",
                "NOKKI",
                "BoomBox",
                "Egregor",
                "ADVSTORESHELL",
                "Kwampirs",
                "Briba",
                "MegaCortex",
                "GreyEnergy",
                "StreamEx",
                "PowerDuke",
                "JHUHUGIT",
                "PolyglotDuke",
                "Squirrelwaffle",
                "Mosquito",
                "Blue Mockingbird",
                "Sibot",
                "ZxShell",
                "SDBbot",
                "Prikormka",
                "TA505",
                "TA551",
                "FIN7",
                "APT19",
                "Attor",
                "FunnyDream",
                "Kimsuky",
                "EnvyScout",
                "Backdoor.Oldrea",
                "threat actors",
                "Carbanak",
                "APT3",
                "Magic Hound",
                "DDKONG",
                "Wizard Spider",
                "DEADEYE",
                "SUNBURST",
                "Bumblebee",
                "Lazarus Group",
                "CopyKittens",
                "APT41",
                "APT29",
                "Sandworm Team",
                "APT28",
                "Bisonal",
                "USBferry",
                "Pteranodon",
                "Sakula",
                "ServHelper",
                "FatDuke",
                "RTM",
                "KONNI",
                "FELIXROOT",
                "threat actors",
                "EVILNUM",
                "APT38",
                "CORESHELL",
                "Matryoshka",
                "LazyScripter",
                "NotPetya",
                "Cobalt Strike",
                "HermeticWizard",
                "Ragnar Locker",
                "MuddyWater",
                "QakBot",
                "threat actors"
            ],
            "label": "ACTOR"
        },
        {
            "count": 148,
            "id": 1,
            "texts": [
                "malware",
                "C:\\\\windows\\system32\\rundll32.exe \"C:\\ProgramData\\ThumbNail\\thumbnail.db\"",
                "CtrlPanel S-6-81-3811-75432205-060098-6872 0 0 905",
                "rundll32.exe",
                "rundll32.exe",
                "Cobalt Strike Beacon loader",
                "Rundll32",
                "rundll32",
                "RunDLL32",
                "rundll32",
                "rundll32.exe",
                "rundll32",
                "rundll32.exe",
                "PsExec",
                "rundll32.exe",
                "rundll32",
                "exported function",
                "Variants",
                "Emissary",
                "rundll32.exe",
                "rundll32.exe",
                "launcher",
                "rundll32.exe",
                "main backdoor capability",
                "rundll32.exe",
                "Gamaredon Group malware",
                "rundll32",
                "components",
                "variant",
                "Elise",
                "rundll32.exe",
                "rundll32.exe",
                "malware",
                "payload",
                "rundll32.exe",
                "installer plugin",
                "rundll32.exe",
                "dispatcher",
                "rundll32",
                "rundll32.exe",
                "malware",
                "scripts",
                "Rundll32",
                "rundll32",
                "rundll32",
                "svchost process",
                "VNC server software",
                "rundll32",
                "tool",
                "rundll32.exe",
                "MiniDump",
                "Rundll32",
                "gh0st RAT variant",
                "rundll32",
                "rundll32.exe",
                "ransomware commands",
                "Winnti",
                "Winnti for Windows installer",
                "rundll32",
                "CozyCar dropper",
                "rundll32.exe",
                "main CozyCar component",
                "malware",
                "rundll32.exe",
                "rundll32.exe",
                "SHELL32.DLL",
                "living off the land binaries",
                "APT32 malware",
                "rundll32.exe",
                "initial infection process",
                "Rundll32",
                "payloads",
                "rundll32",
                "rundll32",
                "payloads",
                "rundll32",
                "PcShare",
                "rundll32.exe",
                "rundll32",
                "tools",
                "lateral movement tool",
                "Cobalt Strike",
                "shellcode",
                "Vminst",
                "rundll32.exe",
                "loader",
                "Rundll32.exe",
                "payloads",
                "backdoor",
                "rundll32.exe",
                "CHOPSTICK",
                "rundll32.exe \"C:\\Windows\\twain_64.dll\"",
                "rundll32 commands",
                "rundll32.exe",
                "stage dropper",
                "APT28 loader Trojan",
                "batch script",
                "rundll32",
                "DLL payload",
                "rundll32.exe",
                "rundll32.exe",
                "detection",
                "functions",
                "rundll32.exe",
                "rundll32",
                "cmd.exe",
                "module",
                "rundll32.exe",
                "rundll32",
                "rundll32.exe",
                "Rundll32",
                "loader",
                "privilege escalation purposes",
                "Rundll32",
                "dropper program",
                "rundll32.exe",
                "installers",
                "commands",
                "scripts",
                "rundll32",
                "rundll32.exe",
                "Control Panel Item files",
                "scripts",
                "binaries",
                "code",
                "security tools",
                "rundll32.exe",
                "persistence mechanism",
                "Rundll32.exe",
                "Flame",
                "command-line",
                "rundll32.exe",
                "Koadic stagers",
                "rundll32.exe",
                "rundll32.exe",
                "command line",
                "process",
                "rundll32",
                "rundll32.exe",
                "components",
                "malware",
                "rundll32.exe",
                "Rundll32.exe",
                "Koadic",
                "Rundll32",
                "payloads",
                "rundll32",
                "Mimikatz"
            ],
            "label": "FUNCTION"
        },
        {
            "count": 33,
            "id": 2,
            "texts": [
                "DLL",
                "DLLs",
                "DLL",
                "Registry value",
                "DLLs",
                "DLL",
                "Registry values",
                "Registry Key value",
                "custom-compiled XMRIG miner DLLs",
                "DLLs",
                "named pipes",
                "DLL",
                "DLL file",
                "DLL file",
                "DLLs",
                "DLLs",
                "comsvcs.dll",
                "DLL",
                "SHELL32.DLL",
                "living off the land binaries",
                "DLL",
                "supplied DLL",
                ".dll",
                "HKEY_CURRENT_USER \\Software\\Microsoft\\Windows\\CurrentVersion\\Run\\\"vert\" = \"rundll32.exe c:\\windows\\temp\\pvcu.dll , Qszdez\"",
                "Registry Run key",
                "DLL files",
                "DLLs",
                "core DLL file",
                "Registry Run key value",
                "DLL",
                ".dll",
                "Registry Run key",
                "DLLs"
            ],
            "label": "REGISTRY"
        },
        {
            "count": 16,
            "id": 3,
            "texts": [
                "Registry Run Keys / Startup Folder entries",
                "itself",
                "that",
                "itself",
                "use",
                "land",
                "Rabbit",
                "C",
                "part",
                "\"init",
                "\"InitW.",
                "export",
                "part",
                "way",
                "itself",
                "that"
            ],
            "label": "OTHER"
        },
        {
            "count": 1,
            "id": 4,
            "texts": [
                "file encryption"
            ],
            "label": "ENCRYPTION"
        },
        {
            "count": 12,
            "id": 5,
            "texts": [
                "highest privileges",
                "LSASS memory",
                "system file",
                "install location",
                "copy",
                "memory",
                "Control Panel Item files",
                "scripts",
                "binaries",
                "\"init",
                "\"InitW.",
                "export"
            ],
            "label": "DATA"
        },
        {
            "count": 3,
            "id": 6,
            "texts": [
                "NTAUTHORITY\\SYSTEM",
                "victim",
                "victims"
            ],
            "label": "USER"
        },
        {
            "count": 9,
            "id": 7,
            "texts": [
                "custom-compiled XMRIG miner DLLs",
                "DLLs",
                "named pipes",
                "DLL",
                "compromised network",
                "network",
                "WebDAV",
                "proxy",
                "C2 communication"
            ],
            "label": "NETWORK"
        },
        {
            "count": 5,
            "id": 8,
            "texts": [
                "instance",
                "Windows",
                "compromised host",
                "remote systems",
                "VirtualBox"
            ],
            "label": "COMPONENT"
        }
    ],
    "graph_edges": [
        {
            "id": "0_1",
            "source": 0,
            "dest": 1,
            "count": 84
        },
        {
            "id": "0_2",
            "source": 0,
            "dest": 2,
            "count": 14
        },
        {
            "id": "1_2",
            "source": 1,
            "dest": 2,
            "count": 14
        },
        {
            "id": "0_3",
            "source": 0,
            "dest": 3,
            "count": 4
        },
        {
            "id": "1_3",
            "source": 1,
            "dest": 3,
            "count": 6
        },
        {
            "id": "2_4",
            "source": 2,
            "dest": 4,
            "count": 1
        },
        {
            "id": "1_5",
            "source": 1,
            "dest": 5,
            "count": 6
        },
        {
            "id": "1_6",
            "source": 1,
            "dest": 6,
            "count": 2
        },
        {
            "id": "1_0",
            "source": 1,
            "dest": 0,
            "count": 2
        },
        {
            "id": "0_7",
            "source": 0,
            "dest": 7,
            "count": 3
        },
        {
            "id": "3_2",
            "source": 3,
            "dest": 2,
            "count": 4
        },
        {
            "id": "1_7",
            "source": 1,
            "dest": 7,
            "count": 3
        },
        {
            "id": "7_6",
            "source": 7,
            "dest": 6,
            "count": 1
        },
        {
            "id": "2_1",
            "source": 2,
            "dest": 1,
            "count": 4
        },
        {
            "id": "3_1",
            "source": 3,
            "dest": 1,
            "count": 4
        },
        {
            "id": "0_5",
            "source": 0,
            "dest": 5,
            "count": 4
        },
        {
            "id": "8_3",
            "source": 8,
            "dest": 3,
            "count": 1
        },
        {
            "id": "3_7",
            "source": 3,
            "dest": 7,
            "count": 1
        },
        {
            "id": "1_8",
            "source": 1,
            "dest": 8,
            "count": 3
        },
        {
            "id": "5_1",
            "source": 5,
            "dest": 1,
            "count": 2
        },
        {
            "id": "2_3",
            "source": 2,
            "dest": 3,
            "count": 2
        },
        {
            "id": "3_8",
            "source": 3,
            "dest": 8,
            "count": 1
        }
    ],
    "verbs": {
        "execute": 33,
        "with": 6,
        "use": 62,
        "load": 8,
        "in": 12,
        "within": 2,
        "for": 5,
        "at": 3,
        "call": 3,
        "of": 11,
        "start": 1,
        "launch": 2,
        "copy": 3,
        "to": 4,
        "on": 5,
        "configure": 1,
        "inject": 1,
        "schedule": 1,
        "by": 7,
        "install": 2,
        "have": 1,
        "run": 4,
        "dump": 1,
        "from": 2,
        "utilize": 1,
        "deploy": 1,
        "live": 1,
        "as": 4,
        "name": 1,
        "save": 1,
        "avoid": 1,
        "contain": 1,
        "trigger": 1,
        "create": 1,
        "drop": 1,
        "enable": 1
    }
}