{
    "id": "T1218.012",
    "tech_id": "T1218.012",
    "tech_name": "Verclsid",
    "best_phrases": [
        "Verclsid",
        "verclsid.exe"
    ],
    "tactics": [
        "TA0005"
    ],
    "features": [
        "FUNCTION"
    ],
    "locations": [
        "Windows"
    ],
    "procedures": [
        "relationship--331c41dc-7452-4328-a370-7556f659e8cb"
    ],
    "graph_nodes": [
        {
            "count": 1,
            "id": 0,
            "texts": [
                "Hancitor"
            ],
            "label": "ACTOR"
        },
        {
            "count": 2,
            "id": 1,
            "texts": [
                "verclsid.exe",
                "script"
            ],
            "label": "FUNCTION"
        }
    ],
    "graph_edges": [
        {
            "id": "0_1",
            "source": 0,
            "dest": 1,
            "count": 2
        }
    ],
    "verbs": {
        "use": 1,
        "execute": 1
    }
}