{
    "id": "T1218.009",
    "tech_id": "T1218.009",
    "tech_name": "Regsvcs/Regasm",
    "best_phrases": [
        "Regsvcs/Regasm"
    ],
    "tactics": [
        "TA0005"
    ],
    "features": [
        "FUNCTION",
        "COMPONENT"
    ],
    "locations": [
        "Windows"
    ],
    "procedures": [
        "relationship--30b4b9c6-1117-4242-80c4-fd7dc7016a08"
    ],
    "graph_nodes": [
        {
            "count": 1,
            "id": 0,
            "texts": [
                "Agent Tesla"
            ],
            "label": "ACTOR"
        },
        {
            "count": 2,
            "id": 1,
            "texts": [
                "RegAsm.exe",
                "activity"
            ],
            "label": "FUNCTION"
        },
        {
            "count": 1,
            "id": 2,
            "texts": [
                "systems"
            ],
            "label": "COMPONENT"
        }
    ],
    "graph_edges": [
        {
            "id": "0_1",
            "source": 0,
            "dest": 1,
            "count": 2
        },
        {
            "id": "0_2",
            "source": 0,
            "dest": 2,
            "count": 1
        },
        {
            "id": "1_2",
            "source": 1,
            "dest": 2,
            "count": 1
        }
    ],
    "verbs": {
        "drop": 1,
        "onto": 2,
        "perform": 1
    }
}