{
    "id": "T1222.001",
    "tech_id": "T1222.001",
    "tech_name": "Windows File and Directory Permissions Modification",
    "best_phrases": [],
    "tactics": [
        "TA0005"
    ],
    "features": [
        "DATA",
        "FUNCTION",
        "DIRECTORY",
        "COMPONENT",
        "NETWORK"
    ],
    "locations": [
        "Windows"
    ],
    "procedures": [
        "relationship--093f8796-b394-490b-8048-115f4ee32959",
        "relationship--3dbc782c-2030-4b32-9bf7-36c65bc9e749",
        "relationship--47266bcb-b16a-4d95-9c10-bfc48b2f5a8b",
        "relationship--4e3b7cf3-298e-4db2-a920-375abd50280d",
        "relationship--79fb0138-8963-4951-a778-fc9b90150851",
        "relationship--851b5150-ad44-4af5-915a-845b3239168d",
        "relationship--a3fc552f-e16d-4db7-8bca-d1c273b401f9",
        "relationship--c49a3d89-c8fa-4c5d-813e-f4495d892d1a",
        "relationship--e9cd867a-074c-4fca-8184-e6adad66af0f"
    ],
    "graph_nodes": [
        {
            "count": 9,
            "id": 0,
            "texts": [
                "JPIN",
                "BitPaymer",
                "Grandoreiro",
                "Wizard Spider",
                "CaddyWiper",
                "Ryuk",
                "BlackCat",
                "WannaCry",
                "WastedLocker"
            ],
            "label": "ACTOR"
        },
        {
            "count": 16,
            "id": 1,
            "texts": [
                "command-line utility",
                "cacls.exe",
                "takeown /F",
                "icacls /reset",
                "executable",
                "security tools",
                "icacls command",
                "control",
                "icacls <path> /grant Everyone:F /T /C /Q",
                "access-based restrictions",
                "fsutil behavior set SymLinkEvaluation R2L:1",
                "Windows commands",
                "icacls . /grant Everyone:F /T /C /Q",
                "attrib +h",
                "command",
                "takeown.exe /F filepath command"
            ],
            "label": "FUNCTION"
        },
        {
            "count": 17,
            "id": 2,
            "texts": [
                "file permissions",
                "permissions",
                "ownership",
                "binary ACL",
                "ACL entries",
                "ownership",
                "files",
                "files",
                "directories",
                "file system access",
                "access",
                "location",
                "users",
                "files",
                "ownership",
                "ACL permissions",
                "file"
            ],
            "label": "DATA"
        },
        {
            "count": 2,
            "id": 3,
            "texts": [
                "access control",
                "access controls"
            ],
            "label": "COMPONENT"
        },
        {
            "count": 2,
            "id": 4,
            "texts": [
                "backup servers",
                "compromised networks"
            ],
            "label": "NETWORK"
        },
        {
            "count": 3,
            "id": 5,
            "texts": [
                "system folders",
                "files",
                "directories"
            ],
            "label": "DIRECTORY"
        },
        {
            "count": 1,
            "id": 6,
            "texts": [
                "some"
            ],
            "label": "OTHER"
        }
    ],
    "graph_edges": [
        {
            "id": "0_1",
            "source": 0,
            "dest": 1,
            "count": 10
        },
        {
            "id": "0_2",
            "source": 0,
            "dest": 2,
            "count": 9
        },
        {
            "id": "2_1",
            "source": 2,
            "dest": 1,
            "count": 1
        },
        {
            "id": "0_3",
            "source": 0,
            "dest": 3,
            "count": 2
        },
        {
            "id": "0_4",
            "source": 0,
            "dest": 4,
            "count": 1
        },
        {
            "id": "3_4",
            "source": 3,
            "dest": 4,
            "count": 1
        },
        {
            "id": "4_1",
            "source": 4,
            "dest": 1,
            "count": 1
        },
        {
            "id": "1_5",
            "source": 1,
            "dest": 5,
            "count": 2
        },
        {
            "id": "1_2",
            "source": 1,
            "dest": 2,
            "count": 3
        },
        {
            "id": "2_4",
            "source": 2,
            "dest": 4,
            "count": 1
        },
        {
            "id": "6_2",
            "source": 6,
            "dest": 2,
            "count": 1
        }
    ],
    "verbs": {
        "use": 7,
        "change": 1,
        "reset": 2,
        "take": 3,
        "of": 5,
        "modify": 3,
        "prevent": 1,
        "provide": 1,
        "to": 2,
        "with": 1,
        "launch": 1,
        "delete": 1,
        "on": 1,
        "redirect": 1,
        "gain": 1,
        "into": 1,
        "grant": 2,
        "have": 1
    }
}