{
    "id": "T1486",
    "tech_id": "T1486",
    "tech_name": "Data Encrypted for Impact",
    "best_phrases": [],
    "tactics": [
        "TA0040"
    ],
    "features": [
        "DATA",
        "FUNCTION",
        "ENCRYPTION",
        "COMPONENT",
        "NETWORK",
        "USER",
        "REGISTRY",
        "DIRECTORY"
    ],
    "locations": [
        "Linux",
        "macOS",
        "Windows",
        "IaaS"
    ],
    "procedures": [
        "relationship--006e029e-0714-4f99-befd-53b9fbc7c8c8",
        "relationship--0252fc3f-1bf0-433f-b619-b874137f84f3",
        "relationship--02c4488b-6041-4222-9363-18a63ce3b835",
        "relationship--02e23a00-846a-4b86-9146-4a7354c23667",
        "relationship--05951058-e8d4-4ace-a6b8-54735c6a4769",
        "relationship--11e07c1f-4b28-459f-92db-ab4ebe1c5740",
        "relationship--164aec0b-1e3e-4e79-b9c3-43d602a1674a",
        "relationship--18355c9b-c3e8-4bc7-a389-425e5d7c6351",
        "relationship--1c30f3e0-f621-4e59-934d-f4091cb9eca5",
        "relationship--1e549632-405c-49fc-8594-3666ad22c681",
        "relationship--2212e364-d161-49ba-9a3f-a4e9e2260b2e",
        "relationship--29cec373-a87c-444b-b192-9ab94f69a008",
        "relationship--2a28ee8a-0ecd-43da-a4f8-a653ef5fd123",
        "relationship--30da3c92-05b8-40fd-b8b6-29cb20a597a1",
        "relationship--31daba72-fb27-45a9-9224-991032b605a8",
        "relationship--34c6a059-9496-4f1e-9331-c1986e62b6a1",
        "relationship--36106fcd-5f7f-47b9-8a45-1faa89d2ba36",
        "relationship--3e3df746-053d-42e6-95c7-3f99c31be8be",
        "relationship--40861c0e-9cbc-4355-a7c0-cc0405c70b82",
        "relationship--4765866e-48c9-48f7-a2c0-cb1251680b56",
        "relationship--4c8da471-3483-4f75-8e1a-952d2d05454d",
        "relationship--5c56206f-8ae3-4296-ab89-bc2036b74896",
        "relationship--5ed383c7-a4b7-441b-8f99-a9927689aea0",
        "relationship--696c0ce2-7829-4d95-baab-ae64db59c62a",
        "relationship--6aedddc0-0c82-48f0-b9cc-071d440a367c",
        "relationship--6c1ca5ac-fa01-44f3-997c-ef8b28dc22f3",
        "relationship--6cfee0a9-4f55-42e9-8670-86a0fa3e6280",
        "relationship--7893dc40-721b-4455-b411-3ccda7f4a3a2",
        "relationship--89bd9b10-f1cb-4569-977c-784cbfbb23e1",
        "relationship--8b245546-d5ed-4ff8-b5a6-7c97250ce026",
        "relationship--8c1c7c51-f9bf-4163-a01b-7d922a2d1a93",
        "relationship--93f1d277-685d-46ee-a796-a50641364fbc",
        "relationship--97ef26b5-5dda-458b-926e-933ec0d099d6",
        "relationship--98ccbadd-dbfa-44d3-b3f2-3a55c8fa37e1",
        "relationship--9a8d5690-94b9-46d2-a383-6f26a3c25c80",
        "relationship--9e65e16c-eecc-4b8f-befa-01a5cf94ca8c",
        "relationship--a3eb4cec-8053-4830-b256-e46748dba3d9",
        "relationship--a5ee5826-e742-4847-9816-d9124827262a",
        "relationship--aac8f64e-54d1-4aad-80ee-dd3cd887f30e",
        "relationship--ac263a26-1773-4ac1-b81b-b29f9ace484a",
        "relationship--acfaf7ec-7b92-40ec-a844-17089791a663",
        "relationship--adbb2fb8-9a9f-4068-b123-7b557491861d",
        "relationship--b844f979-ddd2-4def-8d07-89b56ef10713",
        "relationship--b9a67332-54a8-4531-948f-51e3ae2a0399",
        "relationship--c6cfaa54-2ce3-40c8-af91-cd09e6e9c167",
        "relationship--c7daa7ca-ca5a-4940-a370-d9eccb8f3c9a",
        "relationship--c99ee3c6-7d62-4514-bdac-4bf899ea0c16",
        "relationship--cb043548-a193-4ade-b69d-d83e3378d255",
        "relationship--d4221b38-c9cf-4773-9a49-afa7b07b917a",
        "relationship--d7f4f6eb-05b8-43af-8d8a-e06b1d950165",
        "relationship--e2fd8460-85cf-42b3-acee-7151758ee55a",
        "relationship--f36a77f2-dfab-4636-a796-67e6416031ef"
    ],
    "graph_nodes": [
        {
            "count": 51,
            "id": 0,
            "texts": [
                "Maze",
                "ThiefQuest",
                "APT38",
                "Ragnar Locker",
                "Royal",
                "JCry",
                "Babuk",
                "REvil",
                "Diavol",
                "Cuba",
                "BlackCat",
                "Prestige",
                "Magic Hound",
                "LockerGoga",
                "DEATHRANSOM",
                "EKANS",
                "ProLock",
                "AvosLocker",
                "HELLOKITTY",
                "BitPaymer",
                "WannaCry",
                "FIN7",
                "DCSrv",
                "Black Basta",
                "WastedLocker",
                "threat actors",
                "Pysa",
                "threat actors",
                "MegaCortex",
                "SynAck",
                "FIVEHANDS",
                "Conti",
                "Xbash",
                "Pay2Key",
                "Sandworm Team",
                "Egregor",
                "Indrik Spider",
                "NotPetya",
                "SamSam",
                "APT41",
                "Ryuk",
                "Avaddon",
                "Netwalker",
                "KillDisk",
                "Clop",
                "TA505",
                "XCSSET",
                "Seth-Locker",
                "Shamoon",
                "RobbinHood",
                "FIN8"
            ],
            "label": "ACTOR"
        },
        {
            "count": 24,
            "id": 1,
            "texts": [
                "systems",
                "targeted machines",
                "files",
                "disks",
                "host",
                "local machine",
                "victim systems",
                "VMWare instances",
                "Windows devices",
                "Linux devices",
                "target systems",
                "compromised host",
                "encrypted drives",
                "victims machine",
                "database systems",
                "machines",
                "encrypted domain-controlled systems",
                "disk structures",
                "MBR",
                "user files",
                "targeted systems",
                "victim system",
                "infected machines",
                "targeted system"
            ],
            "label": "COMPONENT"
        },
        {
            "count": 91,
            "id": 2,
            "texts": [
                "files",
                "files",
                "files",
                "files",
                "disks",
                "file extensions",
                "files",
                "ransom note",
                "files",
                "files",
                "note",
                "targeted files",
                "files",
                "files",
                "data",
                "files",
                "files",
                "files",
                "filenames",
                "system data",
                "\".cuba\" extension",
                "encrypted files",
                "files",
                "filenames",
                ".enc",
                "files",
                "core Windows OS files",
                "files",
                "files",
                "files",
                "network resources",
                "files",
                ".avos, .avos2, or .AvosLinux extension",
                "filenames",
                "victim data",
                "file",
                "place",
                "file",
                "filename",
                "user files",
                "files",
                "virtual disk volumes",
                "version",
                "files",
                "speed",
                "data",
                "ransom note",
                "files",
                "targeted file extensions",
                "data",
                "files",
                "extensions",
                ".dll",
                ".lnk",
                ".exe",
                "file",
                "data",
                "data",
                "non-system files",
                "ransom note",
                "disk structures",
                "MBR",
                "user files",
                "victim files",
                "files",
                "files",
                "ransom note",
                "files",
                "file extension",
                "ransom note",
                "files",
                "files",
                "files",
                "\".clop\" extension",
                "encrypted files",
                "Philadelphia",
                "GlobeImposter",
                "Jaff",
                "wide variety",
                "Locky",
                "Clop",
                "Bart",
                "victim files",
                "files",
                "files",
                ".enc extension",
                "files",
                "files",
                "suffix",
                "data",
                "system files"
            ],
            "label": "DATA"
        },
        {
            "count": 65,
            "id": 3,
            "texts": [
                "RSA algorithm",
                "ChaCha algorithm",
                "Hermes ransomware",
                "ransom",
                "multi-threaded encryption process",
                "OpenSSL library",
                "AES256 algorithm",
                "ChaCha8",
                "ECDH",
                "ransom",
                "CryptEncrypt API",
                "VMWare instances",
                "Windows devices",
                "Linux devices",
                "CryptoPP C++ library",
                "DiskCryptor",
                "BitLocker",
                "ransom payment",
                "standard encryption library functions",
                "ransom",
                "ransom",
                "Darkside ransomware",
                "core encryption mechanism",
                "DiskCryptor",
                "multithreaded process",
                "AvosLocker ransomware",
                "RSA and AES-CBC encryption algorithm",
                "Conti ransomware",
                "open-source library",
                "Mbed Crypto",
                "file encryption process",
                "ransom",
                "ransom",
                "PostQueuedCompletionStatus",
                ")",
                "GetQueuedCompletionPort",
                "CreateIoCompletionPort",
                "\"Windows Restart Manager",
                ".dll",
                ".lnk",
                ".exe",
                "RSA and AES algorithms",
                "ransom payment",
                "Prestige ransomware",
                "hybrid AES-RSA algorithm",
                "BitPaymer",
                "ransom",
                "Encryptor RaaS",
                "ransomware",
                "AES256 and RSA encryption schemes",
                "ransomware component",
                "Philadelphia",
                "GlobeImposter",
                "Jaff",
                "wide variety",
                "Locky",
                "Clop",
                "Bart",
                "ransom payment",
                "ransomware",
                "encryption process",
                "ransomware",
                "White Rabbit",
                "Ragnar Locker",
                "Noberus"
            ],
            "label": "FUNCTION"
        },
        {
            "count": 20,
            "id": 4,
            "texts": [
                "Rabbit",
                "that",
                "Bitcoin",
                "\"",
                ".",
                "Bitcoin",
                "RSA-1024",
                "Bitcoin",
                "PostQueuedCompletionStatus",
                ")",
                "GetQueuedCompletionPort",
                "CreateIoCompletionPort",
                "those",
                "targeted organizations",
                "Bitcoin",
                "that",
                "operational mode",
                "ransomware",
                "White Rabbit",
                "Ragnar Locker"
            ],
            "label": "OTHER"
        },
        {
            "count": 36,
            "id": 5,
            "texts": [
                "AES-128-CBC",
                "RSA-2048",
                "AES256",
                "RSA key",
                ".lock64",
                "AES",
                "RSA-OAEP MGF1",
                "decryption key",
                "public and private key pair encryption",
                "RC6",
                "key",
                "AES-256",
                "embedded RSA-2048 public key",
                "hard-coded RSA 1024-bit public key",
                "128-bit RC4 key",
                ".locked",
                "ChaCha20 cypher",
                "AES keys",
                "embedded NTRU public key",
                "AES-256 encryption key",
                "bundled RAS-4096 public encryption key",
                "decryption",
                "2048-bit RSA",
                "RSA-2048 encryption",
                "Encryptor RaaS",
                "ransomware",
                "symmetric (AES) and asymmetric (RSA) encryption",
                "AES key",
                "AES key",
                "RC4",
                "RSA",
                "AES",
                "AES-CBC encryption",
                "fixed key",
                ".seth",
                "RSA encryption key"
            ],
            "label": "ENCRYPTION"
        },
        {
            "count": 5,
            "id": 6,
            "texts": [
                "targeted workstations",
                "ESXi servers",
                "compromised network",
                "compromised network",
                "compromised networks"
            ],
            "label": "NETWORK"
        },
        {
            "count": 5,
            "id": 7,
            "texts": [
                "victim",
                "victim",
                "victim",
                "user",
                "victims"
            ],
            "label": "USER"
        },
        {
            "count": 3,
            "id": 8,
            "texts": [
                ".dll",
                ".lnk",
                ".exe"
            ],
            "label": "REGISTRY"
        },
        {
            "count": 3,
            "id": 9,
            "texts": [
                "~/Downloads",
                "~/Desktop",
                "~/Documents"
            ],
            "label": "DIRECTORY"
        }
    ],
    "graph_edges": [
        {
            "id": "0_1",
            "source": 0,
            "dest": 1,
            "count": 8
        },
        {
            "id": "0_2",
            "source": 0,
            "dest": 2,
            "count": 63
        },
        {
            "id": "0_3",
            "source": 0,
            "dest": 3,
            "count": 33
        },
        {
            "id": "2_1",
            "source": 2,
            "dest": 1,
            "count": 10
        },
        {
            "id": "3_1",
            "source": 3,
            "dest": 1,
            "count": 1
        },
        {
            "id": "4_2",
            "source": 4,
            "dest": 2,
            "count": 3
        },
        {
            "id": "4_1",
            "source": 4,
            "dest": 1,
            "count": 1
        },
        {
            "id": "4_5",
            "source": 4,
            "dest": 5,
            "count": 4
        },
        {
            "id": "2_5",
            "source": 2,
            "dest": 5,
            "count": 10
        },
        {
            "id": "2_3",
            "source": 2,
            "dest": 3,
            "count": 8
        },
        {
            "id": "3_2",
            "source": 3,
            "dest": 2,
            "count": 5
        },
        {
            "id": "4_3",
            "source": 4,
            "dest": 3,
            "count": 1
        },
        {
            "id": "0_4",
            "source": 0,
            "dest": 4,
            "count": 7
        },
        {
            "id": "0_5",
            "source": 0,
            "dest": 5,
            "count": 26
        },
        {
            "id": "5_3",
            "source": 5,
            "dest": 3,
            "count": 1
        },
        {
            "id": "2_4",
            "source": 2,
            "dest": 4,
            "count": 3
        },
        {
            "id": "0_6",
            "source": 0,
            "dest": 6,
            "count": 2
        },
        {
            "id": "5_4",
            "source": 5,
            "dest": 4,
            "count": 1
        },
        {
            "id": "5_2",
            "source": 5,
            "dest": 2,
            "count": 4
        },
        {
            "id": "3_4",
            "source": 3,
            "dest": 4,
            "count": 2
        },
        {
            "id": "2_6",
            "source": 2,
            "dest": 6,
            "count": 2
        },
        {
            "id": "0_7",
            "source": 0,
            "dest": 7,
            "count": 2
        },
        {
            "id": "7_3",
            "source": 7,
            "dest": 3,
            "count": 1
        },
        {
            "id": "2_8",
            "source": 2,
            "dest": 8,
            "count": 1
        },
        {
            "id": "1_7",
            "source": 1,
            "dest": 7,
            "count": 2
        },
        {
            "id": "3_5",
            "source": 3,
            "dest": 5,
            "count": 1
        },
        {
            "id": "1_5",
            "source": 1,
            "dest": 5,
            "count": 1
        },
        {
            "id": "2_7",
            "source": 2,
            "dest": 7,
            "count": 1
        },
        {
            "id": "2_9",
            "source": 2,
            "dest": 9,
            "count": 2
        },
        {
            "id": "3_6",
            "source": 3,
            "dest": 6,
            "count": 1
        }
    ],
    "verbs": {
        "disrupt": 1,
        "encrypt": 48,
        "decrypt": 5,
        "use": 37,
        "on": 17,
        "base on": 1,
        "delete": 1,
        "provide": 2,
        "with": 27,
        "display": 2,
        "demand": 4,
        "append": 4,
        "though": 1,
        "add": 3,
        "to": 9,
        "for": 7,
        "import": 1,
        "generate": 2,
        "in": 4,
        "of": 7,
        "have": 4,
        "from": 1,
        "increase": 1,
        "leave": 1,
        "carry": 1,
        "ask": 1,
        "pay": 2,
        "exclude": 2,
        "per": 1,
        "extort": 2,
        "at": 1,
        "give": 2,
        "perform": 2,
        "rename": 1,
        "under": 1,
        "deploy": 1,
        "execute": 1
    }
}