{
    "id": "T1495",
    "tech_id": "T1495",
    "tech_name": "Firmware Corruption",
    "best_phrases": [],
    "tactics": [
        "TA0040"
    ],
    "features": [
        "FUNCTION",
        "NETWORK",
        "COMPONENT"
    ],
    "locations": [
        "Linux",
        "macOS",
        "Windows",
        "Network"
    ],
    "procedures": [
        "relationship--2374acc8-5a15-40cb-bafc-d74c5097249b",
        "relationship--acece0c4-4c9e-4c11-a57a-f01bb23abbf7"
    ],
    "graph_nodes": [
        {
            "count": 1,
            "id": 0,
            "texts": [
                "Rabbit"
            ],
            "label": "OTHER"
        },
        {
            "count": 5,
            "id": 1,
            "texts": [
                "executable",
                "normal boot-up",
                "modified bootloader",
                "TrickBot module",
                "Trickboot"
            ],
            "label": "FUNCTION"
        },
        {
            "count": 1,
            "id": 2,
            "texts": [
                "UEFI/BIOS firmware"
            ],
            "label": "NETWORK"
        },
        {
            "count": 1,
            "id": 3,
            "texts": [
                "compromised device"
            ],
            "label": "COMPONENT"
        }
    ],
    "graph_edges": [
        {
            "id": "0_1",
            "source": 0,
            "dest": 1,
            "count": 2
        },
        {
            "id": "1_2",
            "source": 1,
            "dest": 2,
            "count": 2
        },
        {
            "id": "2_3",
            "source": 2,
            "dest": 3,
            "count": 1
        }
    ],
    "verbs": {
        "use": 1,
        "prevent": 1,
        "install": 1,
        "erase": 2,
        "of": 1
    }
}