{
    "id": "T1547.012",
    "tech_id": "T1547.012",
    "tech_name": "Print Processors",
    "best_phrases": [],
    "tactics": [
        "TA0003",
        "TA0004"
    ],
    "features": [
        "FUNCTION",
        "REGISTRY",
        "COMPONENT",
        "DIRECTORY"
    ],
    "locations": [
        "Windows"
    ],
    "procedures": [
        "relationship--2b364611-0df2-4f12-9122-089ec49ec2e6",
        "relationship--6a779cbf-ef5c-4018-a91f-10889b2068b0",
        "relationship--74bc9883-6d48-4e68-bc61-1fea450e89e7"
    ],
    "graph_nodes": [
        {
            "count": 2,
            "id": 0,
            "texts": [
                "Gelsemium",
                "Earth Lusca"
            ],
            "label": "ACTOR"
        },
        {
            "count": 1,
            "id": 1,
            "texts": [
                "itself"
            ],
            "label": "OTHER"
        },
        {
            "count": 1,
            "id": 2,
            "texts": [
                "C:\\Windows\\System32\\spool\\prtprocs\\x64\\winprint.dll"
            ],
            "label": "DIRECTORY"
        },
        {
            "count": 4,
            "id": 3,
            "texts": [
                "spoolsv Windows service",
                "malware",
                "PipeMon installer",
                "PipeMon"
            ],
            "label": "FUNCTION"
        },
        {
            "count": 2,
            "id": 4,
            "texts": [
                "Registry key HKLM\\SYSTEM\\ControlSet001\\Control\\Print\\Environments\\Windows x64\\Print Processors\\UDPrint\" /v Driver /d \"spool.dll /f",
                "Registry key HKLM\\SYSTEM\\CurrentControlSet\\Control\\Print\\Environments\\Windows x64\\Print Processors"
            ],
            "label": "REGISTRY"
        },
        {
            "count": 2,
            "id": 5,
            "texts": [
                "Print Processor",
                "Print Processor"
            ],
            "label": "COMPONENT"
        }
    ],
    "graph_edges": [
        {
            "id": "0_1",
            "source": 0,
            "dest": 1,
            "count": 1
        },
        {
            "id": "0_2",
            "source": 0,
            "dest": 2,
            "count": 1
        },
        {
            "id": "1_2",
            "source": 1,
            "dest": 2,
            "count": 1
        },
        {
            "id": "3_0",
            "source": 3,
            "dest": 0,
            "count": 1
        },
        {
            "id": "0_4",
            "source": 0,
            "dest": 4,
            "count": 1
        },
        {
            "id": "0_3",
            "source": 0,
            "dest": 3,
            "count": 1
        },
        {
            "id": "3_5",
            "source": 3,
            "dest": 5,
            "count": 2
        },
        {
            "id": "3_4",
            "source": 3,
            "dest": 4,
            "count": 1
        }
    ],
    "verbs": {
        "drop": 1,
        "in": 2,
        "load": 2,
        "add": 1,
        "as": 2,
        "modify": 1,
        "install": 1
    }
}