{
    "id": "T1547.002",
    "tech_id": "T1547.002",
    "tech_name": "Authentication Package",
    "best_phrases": [],
    "tactics": [
        "TA0003",
        "TA0004"
    ],
    "features": [
        "FUNCTION"
    ],
    "locations": [
        "Windows"
    ],
    "procedures": [
        "relationship--c8ad1abb-cbe4-4172-9faa-4b999054dd7b"
    ],
    "graph_nodes": [
        {
            "count": 1,
            "id": 0,
            "texts": [
                "Flame"
            ],
            "label": "ACTOR"
        },
        {
            "count": 1,
            "id": 1,
            "texts": [
                "Windows Authentication Packages"
            ],
            "label": "FUNCTION"
        }
    ],
    "graph_edges": [
        {
            "id": "0_1",
            "source": 0,
            "dest": 1,
            "count": 1
        }
    ],
    "verbs": {
        "use": 1
    }
}