{
    "id": "T1543.003",
    "tech_id": "T1543.003",
    "tech_name": "Windows Service",
    "best_phrases": [],
    "tactics": [
        "TA0003",
        "TA0004"
    ],
    "features": [
        "FUNCTION",
        "COMPONENT",
        "DATA",
        "REGISTRY",
        "DIRECTORY",
        "USER",
        "ENCRYPTION"
    ],
    "locations": [
        "Windows"
    ],
    "procedures": [
        "relationship--01b95067-ba65-48c2-8d2c-342e13007cc8",
        "relationship--02af155a-ed26-4807-99c5-f88477a6e143",
        "relationship--03fcc016-f9a2-491d-8d9f-92aa4b4c4d4a",
        "relationship--0a1b48b9-2063-449d-a316-c6760267720f",
        "relationship--0a65c303-52a6-4624-a8fb-fc7448429139",
        "relationship--0a8d1f91-445a-4260-83b2-e13725b0a8d6",
        "relationship--0b4cd78b-e0af-4123-b2aa-02ad66cca419",
        "relationship--0c1acc71-87ca-4dc5-ba28-3d924bc1c93f",
        "relationship--0f42474f-27d5-4939-8f18-348b8d09a9b6",
        "relationship--0fee7bbd-8d36-48e2-b800-9d2f02c06123",
        "relationship--128ecd12-77db-4117-be2f-2bf5476de670",
        "relationship--12dcf7c0-4f6b-4eb1-9317-3337822ecbe1",
        "relationship--1436e328-e692-4dbc-adfd-cf1024a98b2e",
        "relationship--162a051d-a551-4b8c-875a-75264768e541",
        "relationship--17629f20-194c-48cb-aa1c-b3da2b6f06ba",
        "relationship--1888d04c-e3ba-47bc-adb3-ab8066678772",
        "relationship--1b3e8c1d-65d2-47a6-91f4-d8dcc52ca01c",
        "relationship--1d3c31c2-6756-483a-8aee-736bac591c1a",
        "relationship--1e345391-ccd8-49c9-9520-496070670e6c",
        "relationship--2012985d-6529-4944-a2d2-892d56751b94",
        "relationship--24566f69-12b6-4703-86e2-bbf966ac5535",
        "relationship--25a8672d-3d99-456b-a8c6-2ea5f3a5a688",
        "relationship--27dcfdc7-f5d5-49b4-ad4e-afd43974c43c",
        "relationship--29cd1209-5e90-448f-83d3-42c3ecdd1f70",
        "relationship--2b26c652-7f0e-41f1-810a-7e6c24f2bfdb",
        "relationship--2b5965fe-b178-4c03-91af-942491c79302",
        "relationship--2d4d634d-ed13-462a-916b-94798546ec6c",
        "relationship--2ef7a9cd-aba5-4360-9a8f-f6b58ff4492d",
        "relationship--328e9746-4bb6-47e1-8e71-6418ca04c5fa",
        "relationship--331da7a8-d1ad-4feb-892a-c440aa5eb810",
        "relationship--3503cf12-e618-44b9-ac48-e1f1d7939767",
        "relationship--372ff318-25a5-476b-9090-7e0fd4534325",
        "relationship--382e04c1-aa23-4e52-a254-06e45ca8edfd",
        "relationship--38b1ad70-4d24-4f5c-ad62-e03f38b6752f",
        "relationship--3efd847d-47ec-4460-ad63-6233b177ee64",
        "relationship--3f02c07f-663f-4c54-b7e0-c2b2dbe82335",
        "relationship--408183ae-ffff-4341-8c90-f007226656aa",
        "relationship--43b00ad2-2d54-4ca9-a0a2-a0cb1a5fa7ff",
        "relationship--451e231b-a523-4ee9-be5e-1e80cef9c8fa",
        "relationship--46660a8a-7724-4577-b09e-551a1ce61bfc",
        "relationship--4999a323-b025-4a1d-8c80-5ae36b2f5a0d",
        "relationship--4e9c5234-65e9-4b4a-bc13-891e7aed84b2",
        "relationship--5235fbdb-5c53-4860-a459-cd4b538817db",
        "relationship--5576c38e-6b03-4ea9-8936-60eeddb749a7",
        "relationship--56c41e3f-3d8f-4f36-9885-955952e700db",
        "relationship--5724994d-7213-4a70-8065-1a12280f8f4c",
        "relationship--5782aac5-a4c6-4d17-88c9-e29b795e3ee7",
        "relationship--59cb4ff6-e1fd-4088-905f-2ade864dabb0",
        "relationship--60331850-dfc3-4769-9790-1be664aa63c2",
        "relationship--61ce8307-ddb8-4f29-ab77-6532c2b90266",
        "relationship--676d7d2c-86b6-4a59-8158-d371e5ca4f23",
        "relationship--677e0d3e-4a61-490d-a49d-f392cc3432d1",
        "relationship--68d41471-49c7-4210-8d9b-2958e95feb1a",
        "relationship--6a866320-6bfd-4130-941c-bcd888f2ee92",
        "relationship--6aadee2b-d475-4604-bb08-7df5e59eae3a",
        "relationship--6b43b9ca-a916-44da-9ba5-917f03984157",
        "relationship--72e36412-4427-479b-bc8e-e8d53e997587",
        "relationship--754790a1-86b9-4421-b8e9-84d3dee51097",
        "relationship--7b8c29ce-dda2-4608-a28f-40aca495048f",
        "relationship--80bead39-b050-48d9-b185-aa31d1681a61",
        "relationship--875a622a-445e-46fe-8959-8d205c88c728",
        "relationship--87c7f912-4093-44f2-9f18-e97e649dd52e",
        "relationship--88ad4f5a-f127-435c-a8a0-6a6fceddfa47",
        "relationship--89ed7e05-1f94-4693-b290-96c3a9ecd615",
        "relationship--8b580ccf-247a-4ebb-97f3-8d143ed1150c",
        "relationship--8bf25335-9705-4737-82cf-218832c5e1c0",
        "relationship--8d976244-6d4e-443a-98c0-52fe1d94c388",
        "relationship--8ddf6a79-a4ff-4229-9923-bec8fe120ceb",
        "relationship--8e6e2f98-695a-462b-b9b1-c3d0c453e471",
        "relationship--90347c97-c0c5-4407-9087-b917d0789b0e",
        "relationship--90b9f240-cd40-488a-9bbc-bb0c5db07365",
        "relationship--90f5f474-eed1-4145-be80-155bc5783680",
        "relationship--92671dd1-74a4-4bf4-8a04-6577674614d8",
        "relationship--9373e1b7-3164-4879-9b92-f3a629029eb2",
        "relationship--95d43b58-992e-4970-b22b-54f0da8ca4cd",
        "relationship--96077086-d811-47a1-a805-decbf6f249b7",
        "relationship--9aeb640c-a961-4694-a965-349b4d70b8ee",
        "relationship--9cacb002-a04a-4779-997e-0cc9efaabda2",
        "relationship--9d70b17c-d3b7-43a2-9c35-d0b80bec2ec0",
        "relationship--9ea7df8f-3720-4153-8090-4f1a18ecefac",
        "relationship--9ee064f9-05bc-4b9e-ad95-d1ae4f1c048a",
        "relationship--9f751d66-0604-4d30-a820-022a8c90e870",
        "relationship--a508c28d-76f7-4277-a9d2-5936f9d86e43",
        "relationship--a81c971e-732c-4e76-99ad-c7108642dd47",
        "relationship--a8aac75d-ef58-4dda-97a8-9584a6a6baaf",
        "relationship--a9468e2e-1525-4311-8f11-d63b5d6b4e58",
        "relationship--a9a71970-33d1-4336-acb3-9252b91d27a4",
        "relationship--aad8c4dc-db11-48b4-b294-f63ccde5e798",
        "relationship--ab554dba-2116-4dae-bc4c-47f76be72254",
        "relationship--b0099b28-bcb8-4214-8166-d9caed1b6491",
        "relationship--b707524f-5ac2-47c2-964d-61782e812fda",
        "relationship--b7573d56-3acb-464f-b63b-3734af37ad42",
        "relationship--bc9cfe76-2d64-4901-8e9e-c69d046cdfaa",
        "relationship--bde512f7-afbb-4fe5-8df7-53a00bdadc79",
        "relationship--c0584f8c-e358-4058-aafc-130bfb54dc88",
        "relationship--c48f6a1b-1599-4e82-a7b6-1f7b5186e99e",
        "relationship--c899111b-c3ae-4760-b87f-fce9f21af1f2",
        "relationship--caa8b50b-67ab-4de4-b61a-ab89ea8a2e9b",
        "relationship--cb0ebed2-4cac-437b-b5b2-37ee716af3f0",
        "relationship--cc7f6dcb-dae0-401b-ba21-158c040c717e",
        "relationship--cd63c221-6dc1-4b88-ab82-8f64493cbacd",
        "relationship--cd78a407-3770-4806-8b06-13b7f7ccc2cf",
        "relationship--cd85a2d6-ebee-4ebd-9571-5cafcac15b05",
        "relationship--d0b2e189-e764-44ec-9373-2f23212f6a45",
        "relationship--d54a98b2-8023-43ac-8577-53796b1efa55",
        "relationship--d64ba78c-a332-40be-8e2f-904f15ceffe7",
        "relationship--e2b4bcf2-58a6-49ed-bc72-21226ff419bd",
        "relationship--e42eef1a-107e-40a3-9227-45621e277ff3",
        "relationship--e6d80908-fa46-46b5-aee3-30d2e54edec0",
        "relationship--e7cf27d5-f5ab-497b-8379-31730292ed81",
        "relationship--e9d2213a-81cf-45e3-876f-825d4ff2afae",
        "relationship--ea6289bb-c974-4e4c-bdc4-1c3211a6d1d4",
        "relationship--eabdbef7-440f-42ca-99b1-a4d08a1c955e",
        "relationship--eba0a033-02a9-45e8-a1a1-27df73d6442b",
        "relationship--ecca0af0-1549-4068-b01d-bab711c491c5",
        "relationship--ee1a14f3-9e2e-44a5-8d1f-4a093dbd0c94",
        "relationship--f837c70e-984e-4681-ab3a-0ad4ad1a512f",
        "relationship--fa2c0697-0d47-4ee9-b5bf-845ac3453c3a",
        "relationship--facd3eca-9156-47a8-85d1-09719bc0eb88"
    ],
    "graph_nodes": [
        {
            "count": 103,
            "id": 0,
            "texts": [
                "NightClub",
                "APT38",
                "Industroyer",
                "Sandworm Team",
                "Tropic Trooper",
                "Briba",
                "KeyBoy",
                "FunnyDream",
                "Cuba",
                "DCSrv",
                "Nebulae",
                "SysUpdate",
                "WastedLocker",
                "SUGARUSH",
                "Anchor",
                "Catchamas",
                "Dtrack",
                "Nidiran",
                "gh0st RAT",
                "Cobalt Strike",
                "Black Basta",
                "Naid",
                "Kwampirs",
                "GoldenSpy",
                "threat actors",
                "DarkVishnya",
                "Volgmer",
                "MoonWind",
                "CosmicDuke",
                "PoisonIvy",
                "STARWHALE",
                "ZeroT",
                "Gelsemium",
                "QakBot",
                "Conficker",
                "GreyEnergy",
                "APT41",
                "Wizard Spider",
                "Okrum",
                "Kazuar",
                "PingPull",
                "Elise",
                "RawPOS",
                "zwShell",
                "hcdLoader",
                "Reaver",
                "BitPaymer",
                "AppleJeus",
                "Emissary",
                "TDTESS",
                "JHUHUGIT",
                "Seasalt",
                "TeamTNT",
                "Stuxnet",
                "ZLib",
                "Dyre",
                "attacker",
                "ThreatNeedle",
                "Duqu",
                "Shamoon",
                "TrickBot",
                "StreamEx",
                "SLOTHFULMEDIA",
                "RDAT",
                "Bankshot",
                "Pandora",
                "Carbon",
                "remote attackers",
                "Wiarp",
                "Nerex",
                "Hydraq",
                "Kimsuky",
                "Cobalt Group",
                "Emotet",
                "PlugX",
                "LoudMiner",
                "PROMETHIUM",
                "StrongPity",
                "Attor",
                "Ursnif",
                "TinyZBot",
                "FALLCHILL",
                "KONNI",
                "ZxShell",
                "RainyDay",
                "BBSRAT",
                "InvisiMole",
                "APT32",
                "TEARDROP",
                "FinFisher",
                "Wingbird",
                "threat actors",
                "Uroburos",
                "Ragnar Locker",
                "APT3",
                "FIN7",
                "ShimRat",
                "Clambling",
                "HermeticWiper",
                "Earth Lusca",
                "AuditCred",
                "PipeMon",
                "WannaCry"
            ],
            "label": "ACTOR"
        },
        {
            "count": 169,
            "id": 1,
            "texts": [
                "Windows service",
                "WmdmPmSp",
                "arbitrary system service",
                "system boot",
                "backdoor binary",
                "Windows service",
                "service",
                "sc.exe",
                "WSearch service",
                "Winnti",
                "service",
                "services",
                "OpenService and ChangeServiceConfig functions",
                "services",
                "NetAdapter",
                "service",
                "WBService",
                "Service1",
                "Microsoft Security Accounts Manager",
                "WmiApSrvEx",
                "msamger",
                "IKEEXT and PrintNotify Windows services",
                "services",
                "shellcode loaders distribution",
                "selected service",
                "service",
                "Volgmer variants",
                "services",
                "service",
                "Windows services",
                "javamtsup",
                "service",
                "Logical Disk Manager service",
                "Windows service",
                "sc create Windowscarpstss binpath= \"cmd.exe /c cscript.exe c:\\\\windows\\\\system32\\\\w7_1.wsf humpback_whale\" start= \"auto\" obj= \"LocalSystem\"",
                "service",
                "PlugX",
                "service",
                "service",
                "service",
                "legitimate Windows services",
                "malware backdoors",
                "TrickBot",
                "service",
                "ControlServiceA",
                "bmwappushservice",
                "service",
                "NtmSsvc",
                "malware",
                "cryptocurrency miners",
                "service",
                "main load-point",
                "boot start service",
                "SILENTTRINITY",
                "service",
                "services",
                "service",
                "malicious script",
                "Bisonal",
                "PsExec",
                "Windows services",
                "payload",
                "Windows service",
                "service",
                "APT19 Port 22 malware variant",
                "service",
                "\"ntssrv",
                "service",
                "payload",
                "\"MaintenaceSrv\" and \"hdv_725x\" services",
                "autostart service",
                "service",
                "service",
                "\"TaskFrame",
                "process i",
                "process",
                "Windows services",
                "PowerSploit",
                "Privesc-PowerUp modules",
                "paths",
                "service binaries",
                "configs",
                "service",
                "malware",
                "service",
                "service",
                "backdoor",
                "service",
                "services",
                "service",
                "module",
                "services",
                "Ke3chang backdoor RoyalDNS",
                "Nwsapagent",
                "service",
                "service",
                "AutoStart option",
                "services",
                "services",
                "dispatcher",
                "service",
                "system service",
                "Windows service",
                "Exaramel",
                "Windows dropper",
                "Windows service",
                "wsmprovav",
                "with",
                "service",
                "export function",
                "service",
                "service parser function",
                "ProcessScCommand",
                "services",
                "Windows service",
                "CsPower",
                "Windows Services",
                "Windows service",
                "PowerShell scripts",
                "Windows service",
                "Windows service",
                "executable",
                "services.exe",
                "autostart service",
                "\"Audit Service",
                "local lsass.exe file",
                "DLLs",
                "backdoors",
                "Windows services",
                "Carbanak malware",
                "service",
                "service",
                "WerFaultSvc",
                "kernel driver loader",
                "kernel driver",
                "sc.exe",
                "service",
                "tool",
                "service",
                "Windows services",
                "InnaputRAT variants",
                "Windows service",
                "variant",
                "BlackEnergy",
                "service",
                "Windows service",
                "CozyCar",
                "persistence mechanism",
                "Windows service",
                "system service",
                "TYPEFRAME variants",
                "DLL modules",
                "TYPEFRAME variants can add",
                "services",
                "service",
                "CreateServiceW API",
                "service",
                "command sc create \"SysUpdate\" binpath= \"cmd /c start \"[file path]\"\"&&sc config \"SysUpdate\" start= auto&&net start SysUpdate",
                "Sakula samples",
                "services",
                "WinExec",
                "net start argument",
                "services",
                "service",
                "Empire",
                "modules",
                "service binaries",
                "service",
                "mssecsvc2.0"
            ],
            "label": "FUNCTION"
        },
        {
            "count": 29,
            "id": 2,
            "texts": [
                "Windows service",
                "WmdmPmSp",
                "itself",
                "itself",
                "itself",
                "itself",
                "itself",
                "that",
                "itself",
                "itself",
                "\"ntssrv",
                "service",
                "service",
                "\"TaskFrame",
                "Group-3390",
                "which",
                "itself",
                "Windows service",
                "wsmprovav",
                "with",
                "itself",
                "part",
                "itself",
                "service",
                "WerFaultSvc",
                "itself",
                "itself",
                "themselves",
                "themselves"
            ],
            "label": "OTHER"
        },
        {
            "count": 20,
            "id": 3,
            "texts": [
                "ImagePath registry value",
                "DLL",
                "DLL file",
                "Registry",
                "Registry",
                "ServiceDLL entry",
                "Registry entry",
                ".dll files",
                "Registry subkey",
                "Registry entry",
                "DLL",
                "DLL file",
                "serviceDLL Registry key",
                "Registry keys",
                "DLL",
                "Registry subkey",
                "Registry",
                "DLLs",
                "backdoors",
                "DLL"
            ],
            "label": "REGISTRY"
        },
        {
            "count": 29,
            "id": 4,
            "texts": [
                "disk",
                "Windows",
                "NetAdapter",
                "service",
                "WBService",
                "Service1",
                "Microsoft Security Accounts Manager",
                "WmiApSrvEx",
                "msamger",
                "disk",
                "system",
                "alternative Print Processor",
                "target host",
                "driver",
                "SYSTEM",
                "driver",
                "victim machines",
                "victim machine",
                "machine",
                "Linux virtual machine",
                "system",
                "kernel driver loader",
                "kernel driver",
                "VirtualBox driver",
                "machine",
                "drivers",
                "system",
                "alternative Print Processor",
                "Microsoft Security Center (2.0) Service"
            ],
            "label": "COMPONENT"
        },
        {
            "count": 24,
            "id": 5,
            "texts": [
                "background",
                "copy",
                "hard-coded strings",
                "privileges",
                "-s argument",
                "memory",
                "Newer versions",
                "system privileges",
                "paths",
                "service binaries",
                "configs",
                "operating system version",
                "config information",
                "service configurations",
                "VBoxVmService configuration file",
                "service configurations",
                "execution chain",
                "copy",
                "persistence and SYSTEM privileges",
                "hard-coded or randomly generated name",
                "net start argument",
                "Lazarus Group malware families",
                "state",
                "display name"
            ],
            "label": "DATA"
        },
        {
            "count": 9,
            "id": 6,
            "texts": [
                "automatic startup",
                "C:\\Windows\\System32\\spool\\prtprocs\\x64\\winprint.dll",
                "%systemroot%\\system32 directory",
                "paths",
                "service binaries",
                "configs",
                "startup",
                "c:\\windows\\syswow64 folder",
                "startup directories"
            ],
            "label": "DIRECTORY"
        },
        {
            "count": 2,
            "id": 7,
            "texts": [
                "administrator",
                "victim"
            ],
            "label": "USER"
        },
        {
            "count": 1,
            "id": 8,
            "texts": [
                "valid private key"
            ],
            "label": "ENCRYPTION"
        }
    ],
    "graph_edges": [
        {
            "id": "0_1",
            "source": 0,
            "dest": 1,
            "count": 82
        },
        {
            "id": "0_2",
            "source": 0,
            "dest": 2,
            "count": 13
        },
        {
            "id": "0_3",
            "source": 0,
            "dest": 3,
            "count": 11
        },
        {
            "id": "3_1",
            "source": 3,
            "dest": 1,
            "count": 9
        },
        {
            "id": "1_3",
            "source": 1,
            "dest": 3,
            "count": 6
        },
        {
            "id": "3_4",
            "source": 3,
            "dest": 4,
            "count": 3
        },
        {
            "id": "1_4",
            "source": 1,
            "dest": 4,
            "count": 12
        },
        {
            "id": "0_4",
            "source": 0,
            "dest": 4,
            "count": 6
        },
        {
            "id": "0_5",
            "source": 0,
            "dest": 5,
            "count": 7
        },
        {
            "id": "5_2",
            "source": 5,
            "dest": 2,
            "count": 2
        },
        {
            "id": "5_1",
            "source": 5,
            "dest": 1,
            "count": 6
        },
        {
            "id": "2_1",
            "source": 2,
            "dest": 1,
            "count": 14
        },
        {
            "id": "1_6",
            "source": 1,
            "dest": 6,
            "count": 3
        },
        {
            "id": "0_6",
            "source": 0,
            "dest": 6,
            "count": 5
        },
        {
            "id": "2_6",
            "source": 2,
            "dest": 6,
            "count": 2
        },
        {
            "id": "2_4",
            "source": 2,
            "dest": 4,
            "count": 3
        },
        {
            "id": "4_1",
            "source": 4,
            "dest": 1,
            "count": 3
        },
        {
            "id": "1_5",
            "source": 1,
            "dest": 5,
            "count": 11
        },
        {
            "id": "5_7",
            "source": 5,
            "dest": 7,
            "count": 1
        },
        {
            "id": "5_4",
            "source": 5,
            "dest": 4,
            "count": 2
        },
        {
            "id": "4_8",
            "source": 4,
            "dest": 8,
            "count": 1
        },
        {
            "id": "1_2",
            "source": 1,
            "dest": 2,
            "count": 7
        },
        {
            "id": "4_6",
            "source": 4,
            "dest": 6,
            "count": 1
        },
        {
            "id": "1_0",
            "source": 1,
            "dest": 0,
            "count": 1
        },
        {
            "id": "2_5",
            "source": 2,
            "dest": 5,
            "count": 1
        },
        {
            "id": "4_7",
            "source": 4,
            "dest": 7,
            "count": 1
        }
    ],
    "verbs": {
        "create": 35,
        "use": 18,
        "load": 4,
        "replace": 1,
        "with": 10,
        "of": 9,
        "instal": 5,
        "point to": 2,
        "drop to": 2,
        "run": 2,
        "set": 2,
        "for": 5,
        "as": 47,
        "in": 9,
        "modify": 11,
        "establish": 1,
        "install": 7,
        "overwrite": 1,
        "generate": 1,
        "register": 13,
        "point": 1,
        "add": 4,
        "on": 6,
        "drop": 2,
        "copy": 1,
        "into": 2,
        "choose": 1,
        "to": 6,
        "configure": 1,
        "escalate": 1,
        "from": 4,
        "execute": 1,
        "by": 5,
        "terminate": 1,
        "gain": 1,
        "contain": 1,
        "base": 1,
        "run on": 1,
        "after": 1,
        "have": 2,
        "change": 1,
        "delete": 2,
        "launch": 1,
        "at": 2,
        "start": 1,
        "provide": 1,
        "find": 1,
        "call": 1,
        "utilize": 1
    }
}