{
    "id": "T1547.004",
    "tech_id": "T1547.004",
    "tech_name": "Winlogon Helper DLL",
    "best_phrases": [],
    "tactics": [
        "TA0003",
        "TA0004"
    ],
    "features": [
        "REGISTRY",
        "FUNCTION",
        "DATA",
        "DIRECTORY"
    ],
    "locations": [
        "Windows"
    ],
    "procedures": [
        "relationship--07f83a39-8bb0-44f1-9c81-7291ba10dd03",
        "relationship--2d14ce48-92d3-446d-84f3-a0df761e08fb",
        "relationship--4536c335-5138-42d1-8f1e-63dee7cb17ab",
        "relationship--79e8a269-8ef5-4795-94ce-72bfbb03c7cb",
        "relationship--8dd22b15-a9bb-4acc-8fac-e366756ab50b",
        "relationship--9cae28f1-dbae-406b-b205-ab9c9cbd26f5",
        "relationship--a01a08e6-3e5a-4674-9d8b-67395fdf9b55",
        "relationship--ad3bca07-c2d2-411f-9bd8-bf4e1142d9ae",
        "relationship--ce9c90e9-d408-485e-a380-52a87abcf3fc",
        "relationship--e7cf6c6b-d777-4c61-b760-e8c6a5c48488",
        "relationship--fdc9c7e3-4467-4f57-af5b-156cf2f9d189"
    ],
    "graph_nodes": [
        {
            "count": 10,
            "id": 0,
            "texts": [
                "Gazer",
                "DarkTortilla",
                "Wizard Spider",
                "Bazar",
                "Remexi",
                "Revenge RAT",
                "Tropic Trooper",
                "Turla",
                "KeyBoy",
                "Cannon"
            ],
            "label": "ACTOR"
        },
        {
            "count": 3,
            "id": 1,
            "texts": [
                "value",
                "value",
                "Shell value"
            ],
            "label": "DATA"
        },
        {
            "count": 5,
            "id": 2,
            "texts": [
                "Shell",
                "explorer.exe",
                "Dipsind variant",
                "system reboot",
                "command reg add \"HKLM\\SOFTWARE\\Microsoft\\WindowsNT\\CurrentVersion\\Winlogon\""
            ],
            "label": "FUNCTION"
        },
        {
            "count": 1,
            "id": 3,
            "texts": [
                "%malware_pathfile%"
            ],
            "label": "DIRECTORY"
        },
        {
            "count": 15,
            "id": 4,
            "texts": [
                "Registry key HKCU\\Software\\Microsoft\\WindowsNT\\CurrentVersion\\Winlogon",
                "Software\\Microsoft\\WindowsNT\\CurrentVersion\\Winlogon registry key",
                "Winlogon Event Notify DLL",
                "Userinit",
                "Registry key",
                "HKLM\\SOFTWARE\\Microsoft\\WindowsNT\\CurrentVersion\\Winlogon",
                "Winlogon Helper DLL",
                "Userinit",
                "Registry key HKLM\\Software\\Microsoft\\WindowsNT\\CurrentVersion\\Winlogon\\Userinit",
                "Registry key",
                "HKCU\\Software\\Microsoft\\WindowsNT\\CurrentVersion\\Winlogon\\Shell",
                "Registry key HKCU\\Software\\Microsoft\\WindowsNT\\CurrentVersion\\Winlogon\\Shell",
                "Registry key HKCU\\Software\\Microsoft\\WindowsNT\\CurrentVersion\\Winlogon",
                "command reg add \"HKLM\\SOFTWARE\\Microsoft\\WindowsNT\\CurrentVersion\\Winlogon\"",
                "Registry key HKCU\\Software\\Microsoft\\WindowsNT\\CurrentVersion\\Winlogon"
            ],
            "label": "REGISTRY"
        }
    ],
    "graph_edges": [
        {
            "id": "0_1",
            "source": 0,
            "dest": 1,
            "count": 3
        },
        {
            "id": "0_2",
            "source": 0,
            "dest": 2,
            "count": 3
        },
        {
            "id": "1_2",
            "source": 1,
            "dest": 2,
            "count": 1
        },
        {
            "id": "1_3",
            "source": 1,
            "dest": 3,
            "count": 1
        },
        {
            "id": "1_4",
            "source": 1,
            "dest": 4,
            "count": 2
        },
        {
            "id": "0_4",
            "source": 0,
            "dest": 4,
            "count": 12
        },
        {
            "id": "2_4",
            "source": 2,
            "dest": 4,
            "count": 1
        }
    ],
    "verbs": {
        "set": 3,
        "with": 2,
        "under": 2,
        "any": 1,
        "as": 1,
        "use": 3,
        "add": 5,
        "create": 2,
        "at": 2,
        "survive": 1,
        "issue": 1
    }
}