{
    "id": "T1550.003",
    "tech_id": "T1550.003",
    "tech_name": "Pass the Ticket",
    "best_phrases": [],
    "tactics": [
        "TA0005",
        "TA0008"
    ],
    "features": [
        "FUNCTION",
        "DATA",
        "COMPONENT",
        "NETWORK"
    ],
    "locations": [
        "Windows"
    ],
    "procedures": [
        "relationship--02a7ea5c-695c-4932-9160-6e0441789670",
        "relationship--5de21fc4-c460-4da4-9dc4-2acdd54640a8",
        "relationship--76037b22-a3e4-40d3-bd56-699d1ea4e97e",
        "relationship--9f6c0951-1a78-4738-81ec-a11325a15352",
        "relationship--c08684c8-8467-4b7f-a9ac-3330cf423261",
        "relationship--eb91c7d8-2cfb-4d8b-905a-d146bc8178e2"
    ],
    "graph_nodes": [
        {
            "count": 7,
            "id": 0,
            "texts": [
                "SeaDuke samples",
                "module",
                "Kerberos ticket attacks",
                "LSADUMP::DCSync and KERBEROS::PTT modules",
                "Mimikatz",
                "Pupy",
                "pass-the-ticket"
            ],
            "label": "FUNCTION"
        },
        {
            "count": 1,
            "id": 1,
            "texts": [
                "pass"
            ],
            "label": "OTHER"
        },
        {
            "count": 7,
            "id": 2,
            "texts": [
                "ticket",
                "steps",
                "krbtgt account hash",
                "Kerberos tickets",
                "pass the ticket",
                "Ticket Granting Service (TGS) tickets",
                "administrative access"
            ],
            "label": "DATA"
        },
        {
            "count": 2,
            "id": 3,
            "texts": [
                "Kerberos",
                "forged Kerberos Ticket Granting Ticket (TGT"
            ],
            "label": "COMPONENT"
        },
        {
            "count": 3,
            "id": 4,
            "texts": [
                "APT29",
                "APT32",
                "BRONZE BUTLER"
            ],
            "label": "ACTOR"
        },
        {
            "count": 1,
            "id": 5,
            "texts": [
                "remote access"
            ],
            "label": "NETWORK"
        }
    ],
    "graph_edges": [
        {
            "id": "0_1",
            "source": 0,
            "dest": 1,
            "count": 1
        },
        {
            "id": "0_2",
            "source": 0,
            "dest": 2,
            "count": 2
        },
        {
            "id": "2_3",
            "source": 2,
            "dest": 3,
            "count": 1
        },
        {
            "id": "4_0",
            "source": 4,
            "dest": 0,
            "count": 1
        },
        {
            "id": "4_5",
            "source": 4,
            "dest": 5,
            "count": 1
        },
        {
            "id": "4_2",
            "source": 4,
            "dest": 2,
            "count": 3
        },
        {
            "id": "4_3",
            "source": 4,
            "dest": 3,
            "count": 1
        }
    ],
    "verbs": {
        "have": 1,
        "use": 3,
        "pass": 1,
        "with": 1,
        "of": 1,
        "implement": 1,
        "extract": 1,
        "create": 3,
        "perform": 1,
        "gain": 1,
        "maintain": 1
    }
}