{
    "id": "T1555",
    "tech_id": "T1555",
    "tech_name": "Credentials from Password Stores",
    "best_phrases": [],
    "tactics": [
        "TA0006"
    ],
    "features": [
        "DATA",
        "FUNCTION",
        "NETWORK",
        "COMPONENT",
        "USER"
    ],
    "locations": [
        "Linux",
        "macOS",
        "Windows",
        "IaaS"
    ],
    "procedures": [
        "relationship--0545e60c-080c-4930-a729-b3ce7dc51979",
        "relationship--0d8d668e-ce2f-4ef8-8dd4-8c9cd17f2b23",
        "relationship--11d0f089-6dc7-4468-b186-e1a8b621051b",
        "relationship--1f888716-1e49-4d8d-b693-67c6eae8a775",
        "relationship--29f40ca0-8255-44f3-afea-8facfd150314",
        "relationship--3d116ef6-d11b-4d04-9bf8-c51def11bd3b",
        "relationship--47a95ac1-e37a-40ea-bf1e-e99ff4483998",
        "relationship--4d3e4232-1330-45a9-9e90-9914eed276a5",
        "relationship--4d7add6f-ebd5-477f-9958-a5176835da2e",
        "relationship--5c84cfe2-a395-47c6-831a-4491f8585a00",
        "relationship--5dd0d491-bb82-45b4-91cd-a7d9e4cf396e",
        "relationship--8b2af30a-523f-41fe-88c3-ab2ee15bdec5",
        "relationship--8b914660-657e-4f6e-a9be-ed51c840875e",
        "relationship--99ef9825-e901-49fc-8d87-668ff60b52dc",
        "relationship--9c555aa7-87fa-4c5d-9224-a61cd0d0157f",
        "relationship--9dfb0ad2-5456-492a-bb74-a288ce8f7f7c",
        "relationship--9f0f23ed-644d-44f5-bee9-c3f44f04a6d8",
        "relationship--abe93e80-2fc7-4c71-846e-b476529b4ae6",
        "relationship--ae151f0a-374b-47c0-a4e6-b9bdc7ee55b5",
        "relationship--b0f355cc-e11f-4027-9db3-59ec64cd367f",
        "relationship--c002d944-83b6-4b64-a7a7-3129f31f9ae2",
        "relationship--c23fa4f7-84a0-424a-b8b1-b3024d01e749",
        "relationship--c27b0834-d1b8-440f-9b35-e15e78ecd715",
        "relationship--d2212e02-787a-4893-8ecd-d1ac6619bf9f",
        "relationship--d398f48c-9d01-4f6e-bb19-3ebae25cb71c",
        "relationship--eb46f5b9-ff45-4229-b24a-7344829f0884",
        "relationship--f461e96f-1d76-4a40-ad84-8f7f7c3cc202",
        "relationship--f48ee432-cc6e-4f34-a8bf-0338c1d796d6"
    ],
    "graph_nodes": [
        {
            "count": 19,
            "id": 0,
            "texts": [
                "HEXANE",
                "Carberp",
                "Lokibot",
                "Leafminer",
                "Matryoshka",
                "CosmicDuke",
                "PLEAD",
                "APT39",
                "NETWIRE",
                "APT33",
                "MuddyWater",
                "Astaroth",
                "Agent Tesla",
                "OLDBAIT",
                "PinchDuke",
                "OilRig",
                "FIN6",
                "APT29",
                "KGH_SPY"
            ],
            "label": "ACTOR"
        },
        {
            "count": 45,
            "id": 1,
            "texts": [
                "cmdkey",
                "passw.plug plugin",
                "Mimikatz",
                "credential dumping",
                "functionality",
                "ways",
                "credential vault",
                "DPAPI",
                "data sources",
                "applications",
                "OpenSSH",
                "realvnc",
                "PuTTY",
                "tools",
                "LaZagne",
                "Stealth Falcon malware",
                "WLAN keys",
                "programs",
                "module",
                "Prikormka",
                "applications",
                "Smartftp Password Decryptor tool",
                "Evilnum",
                "messaging and mail client applications",
                "tools",
                "LaZagne",
                "credential dumping",
                "tools",
                "LaZagne",
                "QuasarRAT",
                "NetPass",
                "external software",
                "LaZagne",
                "platforms",
                "credential stealing functionality",
                "source code",
                "Pinch credential stealing malware",
                "LdPinch",
                "credential dumping tools",
                "LaZagne",
                "Stealer One credential stealer",
                "e-mail and file transfer utilities",
                "Pupy",
                "Lazagne",
                "PoshC2"
            ],
            "label": "FUNCTION"
        },
        {
            "count": 16,
            "id": 2,
            "texts": [
                "victim machines",
                "enterprise network resources",
                "systems",
                "Outlook",
                "sources",
                "Windows Credential Vault",
                "Microsoft Outlook",
                "compromised hosts",
                "Google Talk",
                "Passport.Net",
                "Microsoft Outlook",
                "Mail.ru",
                "Bat",
                "Yahoo",
                "sources",
                "compromised system"
            ],
            "label": "COMPONENT"
        },
        {
            "count": 53,
            "id": 3,
            "texts": [
                "stored credentials",
                "account information",
                "account and password information",
                "access",
                "enterprise network resources",
                "systems",
                "information",
                "credentials",
                "credentials",
                "data sources",
                "applications",
                "credentials",
                "login and password information",
                "Outlook passwords",
                "passwords",
                "Outlook",
                "sources",
                "Windows Credential Vault",
                "passwords",
                "user credentials",
                "WLAN keys",
                "programs",
                "passwords",
                "saved passwords",
                "FTP passwords",
                "email credentials",
                "passwords",
                "credentials",
                "passwords",
                "passwords",
                "passwords",
                "credentials",
                "wireless profiles",
                "FTP clients",
                "credentials",
                "credentials",
                "credentials",
                "Google Talk",
                "Passport.Net",
                "Microsoft Outlook",
                "Mail.ru",
                "Bat",
                "Yahoo",
                "sources",
                "credentials",
                "accounts",
                "account credentials",
                "access",
                "Group Managed Service Account (gMSA) passwords",
                "harvesting credentials",
                "passwords",
                "RDCMan configuration file",
                "credentials"
            ],
            "label": "DATA"
        },
        {
            "count": 21,
            "id": 4,
            "texts": [
                "instant messaging, email, and social media services",
                "FTP, VNC, and VPN clients",
                "OpenSSH",
                "realvnc",
                "PuTTY",
                "victim email",
                "FTP clients",
                "wireless profiles",
                "FTP clients",
                "mail",
                "databases",
                "WiFi",
                "email clients",
                "Google Talk",
                "Passport.Net",
                "Microsoft Outlook",
                "Mail.ru",
                "Bat",
                "Yahoo",
                "sources",
                "WINSCP"
            ],
            "label": "NETWORK"
        },
        {
            "count": 9,
            "id": 5,
            "texts": [
                "ways",
                "credential vault",
                "DPAPI",
                "clients",
                "Outlook",
                "sources",
                "Windows Credential Vault",
                "victim",
                "victims"
            ],
            "label": "USER"
        },
        {
            "count": 11,
            "id": 6,
            "texts": [
                "ways",
                "credential vault",
                "DPAPI",
                "Volt Typhoon",
                "Google Talk",
                "Passport.Net",
                "Microsoft Outlook",
                "Mail.ru",
                "Bat",
                "Yahoo",
                "sources"
            ],
            "label": "OTHER"
        }
    ],
    "graph_edges": [
        {
            "id": "0_1",
            "source": 0,
            "dest": 1,
            "count": 12
        },
        {
            "id": "0_2",
            "source": 0,
            "dest": 2,
            "count": 4
        },
        {
            "id": "0_3",
            "source": 0,
            "dest": 3,
            "count": 19
        },
        {
            "id": "1_2",
            "source": 1,
            "dest": 2,
            "count": 2
        },
        {
            "id": "1_0",
            "source": 1,
            "dest": 0,
            "count": 2
        },
        {
            "id": "1_3",
            "source": 1,
            "dest": 3,
            "count": 13
        },
        {
            "id": "1_4",
            "source": 1,
            "dest": 4,
            "count": 3
        },
        {
            "id": "3_4",
            "source": 3,
            "dest": 4,
            "count": 8
        },
        {
            "id": "3_2",
            "source": 3,
            "dest": 2,
            "count": 5
        },
        {
            "id": "3_5",
            "source": 3,
            "dest": 5,
            "count": 4
        },
        {
            "id": "3_1",
            "source": 3,
            "dest": 1,
            "count": 7
        },
        {
            "id": "3_6",
            "source": 3,
            "dest": 6,
            "count": 1
        },
        {
            "id": "6_3",
            "source": 6,
            "dest": 3,
            "count": 1
        },
        {
            "id": "1_5",
            "source": 1,
            "dest": 5,
            "count": 3
        },
        {
            "id": "0_4",
            "source": 0,
            "dest": 4,
            "count": 3
        },
        {
            "id": "2_3",
            "source": 2,
            "dest": 3,
            "count": 1
        },
        {
            "id": "2_6",
            "source": 2,
            "dest": 6,
            "count": 1
        },
        {
            "id": "2_4",
            "source": 2,
            "dest": 4,
            "count": 1
        }
    ],
    "verbs": {
        "run": 1,
        "on": 2,
        "identify": 1,
        "of": 3,
        "gather": 3,
        "from": 26,
        "perform": 2,
        "obtain": 4,
        "contain": 1,
        "gain": 1,
        "to": 3,
        "acquire": 1,
        "about": 1,
        "in": 2,
        "steal": 6,
        "use": 8,
        "retrieve": 2,
        "collect": 5,
        "for": 3,
        "store in": 2,
        "instal on": 1,
        "decrypt": 2,
        "with": 2,
        "dump": 1,
        "save in": 1,
        "recover": 1,
        "across": 2,
        "target": 2,
        "include": 1,
        "associate with": 1,
        "log into": 1,
        "attempt": 1
    }
}