{
    "id": "T1553",
    "tech_id": "T1553",
    "tech_name": "Subvert Trust Controls",
    "best_phrases": [],
    "tactics": [
        "TA0005"
    ],
    "features": [
        "DATA",
        "FUNCTION"
    ],
    "locations": [
        "Windows",
        "macOS",
        "Linux"
    ],
    "procedures": [
        "relationship--64aa92d9-abdb-494c-8646-8548aa7c25a5"
    ],
    "graph_nodes": [
        {
            "count": 1,
            "id": 0,
            "texts": [
                "Axiom"
            ],
            "label": "ACTOR"
        },
        {
            "count": 1,
            "id": 1,
            "texts": [
                "digital certificates"
            ],
            "label": "DATA"
        },
        {
            "count": 1,
            "id": 2,
            "texts": [
                "malware"
            ],
            "label": "FUNCTION"
        }
    ],
    "graph_edges": [
        {
            "id": "0_1",
            "source": 0,
            "dest": 1,
            "count": 1
        },
        {
            "id": "0_2",
            "source": 0,
            "dest": 2,
            "count": 1
        }
    ],
    "verbs": {
        "use": 1,
        "deliver": 1
    }
}