{
    "id": "T1552.003",
    "tech_id": "T1552.003",
    "tech_name": "Bash History",
    "best_phrases": [],
    "tactics": [
        "TA0006"
    ],
    "features": [
        "DATA"
    ],
    "locations": [
        "Linux",
        "macOS"
    ],
    "procedures": [
        "relationship--4b2303df-c73d-4617-bd56-4468b29a5036"
    ],
    "graph_nodes": [
        {
            "count": 1,
            "id": 0,
            "texts": [
                "Kinsing"
            ],
            "label": "ACTOR"
        },
        {
            "count": 2,
            "id": 1,
            "texts": [
                "bash_history",
                "credentials"
            ],
            "label": "DATA"
        }
    ],
    "graph_edges": [
        {
            "id": "0_1",
            "source": 0,
            "dest": 1,
            "count": 2
        }
    ],
    "verbs": {
        "search": 1,
        "for": 2
    }
}