{
    "id": "T1562.001",
    "tech_id": "T1562.001",
    "tech_name": "Disable or Modify Tools",
    "best_phrases": [],
    "tactics": [
        "TA0005"
    ],
    "features": [
        "FUNCTION",
        "COMPONENT",
        "DATA",
        "USER",
        "REGISTRY",
        "DIRECTORY",
        "NETWORK"
    ],
    "locations": [
        "Windows",
        "macOS",
        "Linux",
        "Containers",
        "IaaS",
        "Network"
    ],
    "procedures": [
        "relationship--0220ae6b-0dd1-434c-9bde-68ee2b045a53",
        "relationship--076141ed-10e8-4161-9cca-de1819f9cbdc",
        "relationship--0aa3fda2-fd0b-415b-bada-1441a86caf03",
        "relationship--0fe5da4f-874f-491d-9e50-0e3540a6d90b",
        "relationship--1082a68e-549b-47d5-9eb3-e719f01ce42b",
        "relationship--10987149-1b3f-4c89-a1e6-c285d740697f",
        "relationship--156ab177-474c-495c-af01-3cb9147aa703",
        "relationship--19c0c01d-5f43-4a4d-8385-0862f6b1bf78",
        "relationship--211e2acf-ad5b-4ab7-a1af-f6dbc656c4bf",
        "relationship--221d9c96-0042-4354-8475-4cc7d0437254",
        "relationship--240496c0-5e33-47e1-b422-b05a18f4ec2d",
        "relationship--274c31fe-0724-4c26-b389-fedafa37f7df",
        "relationship--29d1699f-c87d-4e6c-ac34-b1b46c43286a",
        "relationship--2ade8c03-2395-4175-9a22-8541836f27cd",
        "relationship--34a45578-1deb-4c58-8719-9c04f4fa7dfc",
        "relationship--352190f6-e0e6-44c9-9fd2-74179ce6eb57",
        "relationship--39c01421-4f72-4143-95e1-fa8b209a5be6",
        "relationship--3e93cca0-c97a-49b3-af3b-9598b00a27f5",
        "relationship--4046dc5c-822c-4c6b-9f1f-944fd0f760c6",
        "relationship--41e52a99-9797-4c31-8b3c-7adeed98310a",
        "relationship--47b76146-c9d2-4012-932b-839c9756c2c9",
        "relationship--4d4da706-d1b7-4839-9a2b-52e03d23a44e",
        "relationship--4e251295-c2c3-4bfa-85c6-6de01948cf9f",
        "relationship--4e66aad2-7c30-4c05-9f8e-767ac1cff08e",
        "relationship--4ebab62f-3e2f-49b9-881d-26d2141d3e0b",
        "relationship--4ef40df7-c32f-41a7-94d8-1c06e8e6b21f",
        "relationship--51e647f5-b180-4dd8-96b1-464775bfe113",
        "relationship--532db73a-7b3e-44a5-9115-6c366766a756",
        "relationship--571dc63c-8073-4898-8434-94f8ce2e8d6d",
        "relationship--5ca05cbf-6a28-4a6a-9d6c-e2b8331b2965",
        "relationship--6cc2d341-99a4-4d9a-895d-63f766fe79b9",
        "relationship--7107db7b-24f5-473e-9d01-ab858dcf3adc",
        "relationship--7209b3d7-b8c8-4fc0-89fb-a5448f015540",
        "relationship--736a676f-7a27-4459-9dab-22d214a4db9e",
        "relationship--7464b3a1-f7ab-481b-97d4-c98199e0a387",
        "relationship--78b67e57-dba8-4dc5-b7c8-1ab9dfa9efe4",
        "relationship--7a66c52c-2ff1-4242-90d0-95a4b47181c2",
        "relationship--7daf9c52-2baf-450c-8f37-cbdcd70b7b9d",
        "relationship--7fa49623-f53e-412c-a670-fec891ca6175",
        "relationship--8205a216-c51d-4497-8874-f2de40526621",
        "relationship--82a053be-71c5-49d5-b1f9-9cf979511e85",
        "relationship--84b5daa3-71e9-4753-b1a8-501390e3f54c",
        "relationship--875c4506-3c41-4b4d-bdc9-aa66614cfa55",
        "relationship--8cb3eda9-3829-4bc0-aa72-704df128d92e",
        "relationship--8f16cec3-2fba-4b69-a5c5-c3eb1f185e90",
        "relationship--92e8e517-aac5-4d8f-9752-83ee0710f568",
        "relationship--94211067-148f-4196-a216-c1bb1e5cfc70",
        "relationship--9519bd66-c84a-4063-bf64-d17262ce6684",
        "relationship--97aea4a9-1016-40d0-8869-9b4c4d4eec72",
        "relationship--9999824c-f85b-4bc2-bb00-e86d4c8c0a22",
        "relationship--9a9db72e-71ae-4e00-b723-434dd41855bc",
        "relationship--a99f7b3c-4757-47b0-8649-795f1e0f7c60",
        "relationship--aa14aefc-cb6c-4230-9f45-00e77faff0c1",
        "relationship--ae61abba-14fb-4d4e-9f8e-a3b18500b449",
        "relationship--b319dd46-3f98-421f-9312-1cd92df3ca02",
        "relationship--babaa2be-7c41-490a-bd0b-2cf140858244",
        "relationship--bbbf5a68-55bf-46f8-a810-fe1e4f580167",
        "relationship--bdde6ad0-b6eb-4e3a-80e4-8a9db6a9570d",
        "relationship--bf01b245-8a42-4fd3-9b77-ec411336b62d",
        "relationship--c28eced2-5070-4646-b178-22f4537124a4",
        "relationship--c81c6d91-00f3-4c8b-bf34-929972685aa3",
        "relationship--c84d253b-b26f-48e8-81ca-cc961f0b2360",
        "relationship--ca060f84-0042-43b2-ae17-48b4952c0570",
        "relationship--ca1afca5-2f16-497e-bfff-1564706e05f2",
        "relationship--ca33387d-495a-460a-86da-d5f8d8adda31",
        "relationship--d22ecd26-4361-4266-8cd7-94af7418d4ee",
        "relationship--dae7228a-89f0-4e1c-b306-b9f6d08b902d",
        "relationship--dc9d4208-5e09-437e-bdd1-0dbfc4b54355",
        "relationship--efd84e8c-6979-4f79-916c-0c6044bc1a85",
        "relationship--f298e191-bb50-48b2-ba3c-d432af8ec457",
        "relationship--f474fc4e-8fd4-4c67-b55c-23c67807a94f",
        "relationship--f53b248d-da29-4805-b714-29db3ce99ada",
        "relationship--f5633e19-e1be-4631-b714-d88016ded128",
        "relationship--faaecea3-e9a8-48a6-bed4-3f470b0adce6",
        "relationship--fab721f4-26c2-4aac-9bb4-853864534c55",
        "relationship--fb1ff794-8060-42c8-8969-b6660b07068f",
        "relationship--fe8efec3-2ab4-497d-8e5a-b2340feddd8f",
        "relationship--ff6d64fb-c41c-409b-91b0-e4fb9d9edba1"
    ],
    "graph_nodes": [
        {
            "count": 72,
            "id": 0,
            "texts": [
                "RunningRAT",
                "SUNBURST",
                "Diavol",
                "H1N1",
                "Turla",
                "Ryuk",
                "Netwalker",
                "REvil",
                "Cobalt Strike",
                "POWERSTATS",
                "ChChes",
                "Avaddon",
                "Ebury",
                "WhisperGate",
                "MuddyWater",
                "Clop",
                "NanHaiShu",
                "Carberp",
                "WarzoneRAT",
                "APT29",
                "JPIN",
                "Indrik Spider",
                "Ember Bear",
                "MegaCortex",
                "Bazar",
                "Pysa",
                "StrongPity",
                "TeamTNT",
                "FIN6",
                "HDoor",
                "TA505",
                "Gamaredon Group",
                "Hildegard",
                "Grandoreiro",
                "APT29",
                "KOCTOPUS",
                "Meteor",
                "Goopy",
                "ThiefQuest",
                "TrickBot",
                "BRONZE BUTLER",
                "RobbinHood",
                "Putter Panda",
                "Magic Hound",
                "Aquatic Panda",
                "Babuk",
                "Metamorfo",
                "Gold Dragon",
                "EKANS",
                "Egregor",
                "SslMM",
                "Agent Tesla",
                "TinyZBot",
                "DarkComet",
                "ZxShell",
                "NanoCore",
                "Kimsuky",
                "Conficker",
                "Rocke",
                "Ragnar Locker",
                "Wizard Spider",
                "Maze",
                "macOS.OSAMiner",
                "Proton",
                "Skidmap",
                "Sandworm Team",
                "Brave Prince",
                "QakBot",
                "threat actors",
                "actors",
                "Unknown Logger",
                "Bundlore"
            ],
            "label": "ACTOR"
        },
        {
            "count": 131,
            "id": 1,
            "texts": [
                "antimalware running process",
                "checks",
                "security software",
                "services",
                "AMSI bypass",
                "Windows antimalware products",
                "PowerShell scripts",
                "services",
                "active security software-related processes",
                "amsiPatch.py module",
                "SILENTTRINITY",
                "Antimalware Scan Interface (AMSI) functions",
                "Smart Applet attacks",
                "\"task kill\" command",
                "LockerGoga installation",
                "anti-malware solutions",
                "PAM modules",
                "AdvancedRun.exe",
                "Windows Defender Theat Protection service",
                "security products",
                "malware activity",
                "security software",
                "process",
                "suspended process",
                "code",
                "security software",
                "UAC process",
                "detection",
                "services",
                "security monitoring products",
                "PsExec",
                "scanning",
                "real-time monitoring",
                "batch script",
                "endpoint security processes",
                "ntdll",
                "API hooks",
                "security products",
                "capability",
                "antivirus services",
                "detection",
                "malware",
                "security tools",
                "Alibaba",
                "BMC cloud monitoring agents",
                "Tencent",
                "utility script",
                "kill.bat",
                "malware",
                "macros",
                "DNS resolvers",
                "DNS monitoring tools",
                "APIs",
                "processes",
                "security tools",
                "Purview Audit",
                "scheduled tasks",
                "Registry keys",
                "attack",
                "function",
                "kill_unwanted",
                "processes",
                "process",
                "security related processes",
                "code",
                "tools",
                "Windows services",
                "process",
                "antivirus software",
                "Gorgon Group malware",
                "security features",
                "taskkill command",
                "Malware",
                "processes",
                "components",
                "SAVAdminService.exe",
                "SavService.exe",
                "antivirus services",
                "payloads",
                "endpoint detection and response (EDR) tools",
                "anti-virus services",
                "function",
                "processes",
                "processes",
                "processes",
                "security and management software",
                "attempts",
                "processes",
                "Microsoft Windows System Event Notification and Alerter services",
                "SHARPKNOT",
                "capability",
                "analysis processes",
                "AV software",
                "Security Center functions",
                "anti-virus",
                "processes",
                "products",
                "services",
                "scripts",
                "antivirus software",
                "services",
                "processes",
                "endpoint security products",
                "Donut",
                "Windows Lockdown Policy",
                "Antimalware Scan Interface",
                "exit-related Native API functions",
                "process termination",
                "security applications",
                "ransomware",
                "security tools",
                "dynamic analysis",
                "Real-Time Monitoring feature",
                "process",
                "Activity Monitor process",
                "apps",
                "security tools",
                "Wireshark",
                "SELinux",
                "binaries",
                "anti-virus and anti-spyware tools",
                "functionality",
                "BitDefender",
                "security tools",
                "Kaspersky",
                "MalwareBytes",
                "pkill cfprefsd command",
                "processes",
                "Imminent Monitor",
                "feature",
                "Windows Task Manager"
            ],
            "label": "FUNCTION"
        },
        {
            "count": 75,
            "id": 2,
            "texts": [
                "software security services",
                "built-in security protections",
                "Windows AMSI",
                "Windows Defender",
                "Windows Security Center",
                "anti-virus",
                "infected systems",
                "Java SecurityManager sandbox",
                "anti-virus",
                "SELinux Role-Based Access Control",
                "system",
                "Windows Defender",
                "service control manager",
                "remote system",
                "security settings",
                "Windows Defender",
                "Windows Defender",
                "compromised host",
                "disk",
                "Windows Defender",
                "security tools",
                "Alibaba",
                "BMC cloud monitoring agents",
                "Tencent",
                "cloud-based infrastructure",
                "anti-virus",
                "anti-virus",
                "Windows Defender",
                "Microsoft Office security settings",
                "Security Essentials",
                "Microsoft Security Defender",
                "Kaspersky Antivirus",
                "Outlook",
                "Windows Defender",
                "anti-virus processes",
                "system",
                "Windows Defender",
                "Microsoft Office",
                "Sophos Anti-Virus",
                "targeted systems",
                "compromised systems",
                "compromised host",
                "defenses",
                "anti-malware processes",
                "system",
                "McAfee",
                "Windows Defender",
                "protections",
                "anti-malware processes",
                "Avira anti-virus",
                "Security Center functions",
                "anti-virus",
                "anti-virus",
                "Windows Security Center",
                "AV software window",
                "Windows",
                "system security",
                "Windows Lockdown Policy",
                "Antimalware Scan Interface",
                "exit-related Native API functions",
                "WLDP",
                "AMSI",
                "victim systems",
                "endpoint protection services",
                "Defender",
                "system",
                "internet security",
                "antimalware processes",
                "instances",
                "machines",
                "BitDefender",
                "security tools",
                "Kaspersky",
                "MalwareBytes",
                "browser security settings"
            ],
            "label": "COMPONENT"
        },
        {
            "count": 24,
            "id": 3,
            "texts": [
                "FNV-1a + XOR hashed hardcoded blocklist",
                "Microsoft Office Protected View",
                "proxy configuration",
                "local proxy settings",
                "Internet Explorer settings",
                "warnings",
                "antivirus core files",
                "files",
                "Windows Defender exclusions list",
                "ACLs",
                "targeted accounts",
                "Kaspersky license",
                "files",
                "folders",
                "Windows Defender exclusion list",
                "security policies",
                "macro warnings",
                "view",
                "System Events process list",
                "matching process names",
                "internet settings",
                "Windows Defender exclusion list",
                "proxy settings",
                "users"
            ],
            "label": "DATA"
        },
        {
            "count": 9,
            "id": 4,
            "texts": [
                "TA2541",
                "security tools",
                "Alibaba",
                "BMC cloud monitoring agents",
                "Tencent",
                "which",
                "that",
                "permissive mode",
                "in-registry"
            ],
            "label": "OTHER"
        },
        {
            "count": 6,
            "id": 5,
            "texts": [
                "in-memory amsi.dll",
                "Registry keys",
                "Registry keys",
                "scheduled tasks",
                "Registry keys",
                "Registry"
            ],
            "label": "REGISTRY"
        },
        {
            "count": 3,
            "id": 6,
            "texts": [
                "Symantec server",
                "network",
                "emails"
            ],
            "label": "NETWORK"
        },
        {
            "count": 8,
            "id": 7,
            "texts": [
                "victim",
                "victim",
                "victim",
                "Microsoft 365 tenants",
                "victim",
                "infected user",
                "victim",
                "victims"
            ],
            "label": "USER"
        },
        {
            "count": 6,
            "id": 8,
            "texts": [
                "exclusion path",
                "C:\\ drive",
                "directories",
                "file system paths",
                "files",
                "folders"
            ],
            "label": "DIRECTORY"
        }
    ],
    "graph_edges": [
        {
            "id": "0_1",
            "source": 0,
            "dest": 1,
            "count": 74
        },
        {
            "id": "0_2",
            "source": 0,
            "dest": 2,
            "count": 29
        },
        {
            "id": "2_1",
            "source": 2,
            "dest": 1,
            "count": 2
        },
        {
            "id": "1_3",
            "source": 1,
            "dest": 3,
            "count": 6
        },
        {
            "id": "4_2",
            "source": 4,
            "dest": 2,
            "count": 3
        },
        {
            "id": "1_2",
            "source": 1,
            "dest": 2,
            "count": 31
        },
        {
            "id": "1_5",
            "source": 1,
            "dest": 5,
            "count": 1
        },
        {
            "id": "0_6",
            "source": 0,
            "dest": 6,
            "count": 2
        },
        {
            "id": "6_7",
            "source": 6,
            "dest": 7,
            "count": 2
        },
        {
            "id": "0_3",
            "source": 0,
            "dest": 3,
            "count": 19
        },
        {
            "id": "0_5",
            "source": 0,
            "dest": 5,
            "count": 4
        },
        {
            "id": "3_7",
            "source": 3,
            "dest": 7,
            "count": 2
        },
        {
            "id": "0_8",
            "source": 0,
            "dest": 8,
            "count": 4
        },
        {
            "id": "3_2",
            "source": 3,
            "dest": 2,
            "count": 2
        },
        {
            "id": "3_1",
            "source": 3,
            "dest": 1,
            "count": 2
        },
        {
            "id": "8_3",
            "source": 8,
            "dest": 3,
            "count": 2
        },
        {
            "id": "1_8",
            "source": 1,
            "dest": 8,
            "count": 1
        },
        {
            "id": "0_4",
            "source": 0,
            "dest": 4,
            "count": 3
        },
        {
            "id": "2_7",
            "source": 2,
            "dest": 7,
            "count": 4
        },
        {
            "id": "5_2",
            "source": 5,
            "dest": 2,
            "count": 1
        },
        {
            "id": "8_1",
            "source": 8,
            "dest": 1,
            "count": 1
        },
        {
            "id": "4_1",
            "source": 4,
            "dest": 1,
            "count": 1
        },
        {
            "id": "2_3",
            "source": 2,
            "dest": 3,
            "count": 1
        },
        {
            "id": "1_4",
            "source": 1,
            "dest": 4,
            "count": 1
        }
    ],
    "verbs": {
        "kill": 12,
        "disable": 38,
        "follow": 2,
        "against": 1,
        "stop": 8,
        "for": 7,
        "use": 13,
        "bypass": 1,
        "patch": 4,
        "in": 5,
        "relate": 2,
        "terminate": 7,
        "on": 15,
        "of": 13,
        "change": 5,
        "precede": 1,
        "alter": 1,
        "deactivate": 1,
        "execute": 2,
        "set": 3,
        "reduce": 1,
        "about": 1,
        "create": 1,
        "inject": 1,
        "delete": 1,
        "disarm": 1,
        "during": 2,
        "evade": 3,
        "associate with": 4,
        "lower": 2,
        "restrict": 1,
        "load": 1,
        "from": 6,
        "remove": 2,
        "have": 5,
        "add": 3,
        "to": 8,
        "prevent": 5,
        "uninstalle": 3,
        "deploy": 1,
        "find on": 1,
        "deliver": 1,
        "tamper": 1,
        "with": 2,
        "modify": 5,
        "hook": 1,
        "break": 1,
        "steal": 1,
        "uninstall": 1,
        "relate to": 3,
        "obtain": 1,
        "match": 2,
        "incorporate": 1,
        "into": 2,
        "correspond to": 2,
        "upload": 1,
        "run": 1,
        "turn": 1,
        "hide": 1,
        "avoid": 1,
        "search": 1,
        "allow": 1,
        "inspect": 1
    }
}