{
    "id": "T1560.001",
    "tech_id": "T1560.001",
    "tech_name": "Archive via Utility",
    "best_phrases": [],
    "tactics": [
        "TA0009"
    ],
    "features": [
        "DATA",
        "ENCRYPTION",
        "FUNCTION",
        "COMPONENT",
        "NETWORK",
        "DIRECTORY",
        "USER"
    ],
    "locations": [
        "Linux",
        "macOS",
        "Windows"
    ],
    "procedures": [
        "relationship--01202a82-56cc-4770-abf1-1a37c8717dba",
        "relationship--0b582433-b5e6-49d7-886c-e1edd1a0a802",
        "relationship--0b7dfe49-d8c3-46d8-84ed-bf1898638ac3",
        "relationship--0f5462cb-ac39-49d1-848e-aefaaab321e3",
        "relationship--12ee5148-c274-4c94-a0da-69316cb329d2",
        "relationship--17262c58-2f41-41d2-a86a-5bc86642ddb4",
        "relationship--18437772-ace9-4a63-b928-8f313dc44f1e",
        "relationship--1f48a517-c041-4845-9aba-2dce4f559b56",
        "relationship--27fe3870-1ce3-4f62-be7c-6da08d09643c",
        "relationship--28d9ac63-ce5f-4d42-be72-6b4d99b6fda7",
        "relationship--2e82ef21-9fb2-421e-bd96-73599089b448",
        "relationship--3d6d5bc0-2160-4152-9a4b-b2f19a8768b4",
        "relationship--4082e0a3-e725-4f9f-98e2-3850c8cc8df2",
        "relationship--43c34939-8236-4ddd-8def-0eb7b5fe62cf",
        "relationship--449b3473-a6cc-4934-8441-84325f70e126",
        "relationship--49fb7af8-50cf-4af5-9195-40b2351fa6dc",
        "relationship--51300de6-0f80-45dc-92f7-f48dbc887d8c",
        "relationship--5677034a-7015-44a2-94b3-9913bc76b9c7",
        "relationship--57527643-2aef-4171-b61a-665ab8ed991b",
        "relationship--5d4ba3fe-d782-47e4-ad82-0b81142a5e1a",
        "relationship--617ce344-2317-433a-b283-8e67b90b00f7",
        "relationship--6239c9a5-5ab9-425d-a767-0d4e6262a598",
        "relationship--73faed96-608b-4740-894f-0e2eaee92343",
        "relationship--756f3884-c21b-4d00-ac2c-6c2ab386072f",
        "relationship--82c1c2da-e9c3-4e75-b563-22f4c1988035",
        "relationship--855a735f-756f-4911-a69b-454439a38037",
        "relationship--86246bef-ad4c-4c30-805a-d6f1928a7c20",
        "relationship--89328749-11c5-416d-99b9-f3039afc487a",
        "relationship--8a45b5fc-2d41-445b-b478-fbf5d1bc3c30",
        "relationship--8cecace8-2820-4489-b3e8-baf4b9f33ff3",
        "relationship--90bb9179-c20a-4223-a177-731f015052aa",
        "relationship--90bd9900-a78f-47da-9504-393e8ece3fac",
        "relationship--9284f651-5078-4b67-90dd-841397029edd",
        "relationship--929a1429-88a6-4ac8-b92e-39f242b1e0d6",
        "relationship--931c0864-0b91-46b7-bdc0-0360777d95a6",
        "relationship--948d9203-f418-4cf6-9618-e1e89f1ef2bb",
        "relationship--953134ab-5816-43b8-b2b1-8f4c9305f57a",
        "relationship--96d8b8bb-3bdc-481e-a554-41790acac66a",
        "relationship--973ed739-22d9-433f-ba63-f4881639a22d",
        "relationship--99e9583f-433d-437d-bf37-7ea2b3f1b613",
        "relationship--ae4c3306-57b7-46da-8073-9336cf96e5cf",
        "relationship--b005a049-ecf3-4378-bff6-983b16f92482",
        "relationship--b028b9a6-4031-4b56-8dd5-0bdd3c59dbec",
        "relationship--b05da4f4-a47f-42d9-8464-58c6960a767a",
        "relationship--b6e427c5-ae51-4240-b91e-3c417cc4e1f0",
        "relationship--bde913a9-9895-4414-b79a-3156159033aa",
        "relationship--cca64a18-4601-4169-9a8e-63036403940f",
        "relationship--cf401927-62cc-4b10-99c1-c48841054e1e",
        "relationship--d0a3d891-2555-45eb-8aaf-99b86372607b",
        "relationship--d1ee6feb-91cb-4cac-ae57-e71358af29c2",
        "relationship--d263240f-c368-4796-96cc-f574f31fc2ae",
        "relationship--d8609889-3d3e-4f6c-8f52-03ec41876b4d",
        "relationship--dd82b9d7-d60c-4dc0-97d7-244a1365a1e9",
        "relationship--dfd24960-6b7e-4fab-bb84-2fc2ed4fc772",
        "relationship--e0d8b438-c7be-43b3-ba3f-9dd61c0e54cb",
        "relationship--f5c854b7-6c1e-48bd-b8fd-c8fbebf4e326",
        "relationship--f64733fd-acc7-4570-90ee-79c117c37d7e",
        "relationship--fc62ec8c-5015-4f02-b9b6-3964082d101d"
    ],
    "graph_nodes": [
        {
            "count": 55,
            "id": 0,
            "texts": [
                "Crutch",
                "Okrum",
                "GALLIUM",
                "HAFNIUM",
                "threat actors",
                "menuPass",
                "Wizard Spider",
                "APT33",
                "ccf32",
                "Fox Kitten",
                "CopyKittens",
                "InvisiMole",
                "APT1",
                "Ramsay",
                "Mustang Panda",
                "Chimera",
                "DustySky",
                "Gallmaker",
                "Daserf",
                "APT39",
                "threat actors",
                "PUNCHBUGGY",
                "threat actors",
                "Turian",
                "APT41",
                "IceApple",
                "MuddyWater",
                "APT28",
                "iKitten",
                "attacker",
                "WindTail",
                "threat actors",
                "Turla",
                "CORALDECK",
                "Sowbug",
                "Micropsia",
                "threat actors",
                "BRONZE BUTLER",
                "Octopus",
                "attacker",
                "Kimsuky",
                "APT3",
                "OopsIE",
                "FIN8",
                "Ke3chang",
                "Calisto",
                "Earth Lusca",
                "attacker",
                "Magic Hound",
                "PowerShower",
                "AppleSeed",
                "Aquatic Panda",
                "APT29",
                "PoetRAT",
                "Lazarus Group"
            ],
            "label": "ACTOR"
        },
        {
            "count": 22,
            "id": 1,
            "texts": [
                "WinRAR utility",
                "certutil",
                "Makecab utility",
                "xcopy \\\\<target_host>\\c$\\users\\public\\path.7z c:\\users\\public\\bin\\<target_host>.7z /H /Y",
                "ZPP",
                ".NET console program",
                "PoshC2",
                "module",
                "exfil",
                "7zr.exe",
                "native Windows cabinet creation tool",
                "makecab.exe",
                "utilities",
                "WinRAR",
                "Abbrevia",
                "tool",
                "QuickZip",
                "tools",
                "zip -r command",
                "7zip binary",
                "Pupy",
                "Rclone"
            ],
            "label": "FUNCTION"
        },
        {
            "count": 74,
            "id": 2,
            "texts": [
                "stolen files",
                "data",
                "stolen files",
                "stolen data",
                "information",
                "data",
                "information",
                "version",
                "stolen data",
                "compressed files",
                "information",
                "data",
                "data",
                "files",
                "data",
                "files",
                "data",
                "files",
                "information",
                "documents",
                "data",
                "files",
                "information",
                "data",
                "data",
                "archive stolen data",
                "data",
                "files",
                "information",
                "information",
                "random temp file",
                "files",
                "files",
                "interest",
                "information",
                "targeted files",
                "files",
                "stolen data",
                "data",
                "files",
                "documents",
                "files",
                "information",
                "documents",
                "files",
                "files",
                "information",
                "data",
                "information",
                "data",
                "stolen files",
                "information",
                "data",
                "files",
                "data",
                "information",
                "data",
                "information",
                "passwords",
                "data",
                "dump output",
                "compromised credentials",
                "stolen files",
                "information",
                "data",
                "files",
                "dumped LSASS process memory",
                ".txt, .pdf, .xls or .doc files",
                "data",
                "memory dumps",
                "information",
                "text files",
                "files",
                "data"
            ],
            "label": "DATA"
        },
        {
            "count": 62,
            "id": 3,
            "texts": [
                "RAR archiver tool",
                "WinRAR",
                "7-Zip",
                "WinRAR",
                "password-protected archives",
                "RAR",
                "TAR",
                "ZIP files",
                "WinRAR",
                "7-Zip",
                "ZIP",
                "multi-volume password-protected archive",
                "7-Zip",
                "WinRAR",
                "RAR",
                "WinRAR",
                "RAR",
                "password-protected archives",
                "modified RAR software",
                "gzip",
                "RAR",
                "WinZip",
                "password-protected .rar archives",
                "WinRAR",
                "7-Zip",
                "ZIP",
                "WinRAR",
                "archive",
                "WinRAR",
                "password-protected archive",
                "RAR archive",
                "Gzip",
                "utilities",
                "WinRAR",
                "macOS built-in zip utility",
                "WinRAR",
                "RAR file",
                "zip archives",
                "WinImage",
                "password-protected RAR",
                "RAR archive",
                "RAR archive",
                "zip",
                "password-protected RAR archives",
                "GZipStream",
                "RAR",
                "RAR",
                "7Zip",
                "zip -r command",
                "WinRAR",
                "archive",
                "Zip",
                "gzip",
                "gzip",
                "RAR",
                "7Zip",
                "WinRAR",
                "7-Zip",
                "zipped archives",
                "password-protected archives",
                "zip",
                "RAR file"
            ],
            "label": "ENCRYPTION"
        },
        {
            "count": 9,
            "id": 4,
            "texts": [
                "compromised machines",
                "Linux OS",
                "Windows hosts",
                "password protection",
                "targeted systems",
                "connected USB drives",
                "machine",
                "local system",
                "target system"
            ],
            "label": "COMPONENT"
        },
        {
            "count": 2,
            "id": 5,
            "texts": [
                "Volt Typhoon",
                "FIN13"
            ],
            "label": "OTHER"
        },
        {
            "count": 4,
            "id": 6,
            "texts": [
                "ntds.dit database",
                "C2",
                "C2",
                "stolen emails"
            ],
            "label": "NETWORK"
        },
        {
            "count": 2,
            "id": 7,
            "texts": [
                "/Library/Keychains directory",
                "local folders"
            ],
            "label": "DIRECTORY"
        },
        {
            "count": 2,
            "id": 8,
            "texts": [
                "victim",
                "victim"
            ],
            "label": "USER"
        }
    ],
    "graph_edges": [
        {
            "id": "0_1",
            "source": 0,
            "dest": 1,
            "count": 14
        },
        {
            "id": "0_2",
            "source": 0,
            "dest": 2,
            "count": 58
        },
        {
            "id": "0_3",
            "source": 0,
            "dest": 3,
            "count": 41
        },
        {
            "id": "1_2",
            "source": 1,
            "dest": 2,
            "count": 5
        },
        {
            "id": "2_3",
            "source": 2,
            "dest": 3,
            "count": 17
        },
        {
            "id": "3_2",
            "source": 3,
            "dest": 2,
            "count": 7
        },
        {
            "id": "3_4",
            "source": 3,
            "dest": 4,
            "count": 2
        },
        {
            "id": "5_6",
            "source": 5,
            "dest": 6,
            "count": 1
        },
        {
            "id": "5_3",
            "source": 5,
            "dest": 3,
            "count": 1
        },
        {
            "id": "6_3",
            "source": 6,
            "dest": 3,
            "count": 2
        },
        {
            "id": "2_4",
            "source": 2,
            "dest": 4,
            "count": 8
        },
        {
            "id": "1_3",
            "source": 1,
            "dest": 3,
            "count": 3
        },
        {
            "id": "2_1",
            "source": 2,
            "dest": 1,
            "count": 2
        },
        {
            "id": "0_7",
            "source": 0,
            "dest": 7,
            "count": 1
        },
        {
            "id": "4_8",
            "source": 4,
            "dest": 8,
            "count": 1
        },
        {
            "id": "2_6",
            "source": 2,
            "dest": 6,
            "count": 1
        },
        {
            "id": "5_2",
            "source": 5,
            "dest": 2,
            "count": 1
        },
        {
            "id": "5_1",
            "source": 5,
            "dest": 1,
            "count": 1
        },
        {
            "id": "1_6",
            "source": 1,
            "dest": 6,
            "count": 1
        },
        {
            "id": "1_0",
            "source": 1,
            "dest": 0,
            "count": 1
        },
        {
            "id": "0_6",
            "source": 0,
            "dest": 6,
            "count": 2
        },
        {
            "id": "3_7",
            "source": 3,
            "dest": 7,
            "count": 1
        },
        {
            "id": "2_8",
            "source": 2,
            "dest": 8,
            "count": 1
        }
    ],
    "verbs": {
        "use": 39,
        "encrypt": 4,
        "compress": 27,
        "exfiltrate": 18,
        "encode": 1,
        "of": 8,
        "create": 6,
        "have": 1,
        "archive": 12,
        "into": 14,
        "on": 4,
        "with": 14,
        "as": 2,
        "for": 2,
        "by": 2,
        "hide": 1,
        "in": 2,
        "contain": 1,
        "before": 2,
        "gzippe": 1,
        "to": 4,
        "add": 1,
        "zip": 1,
        "collect": 1,
        "create after": 1,
        "steal from": 1,
        "extract": 1,
        "base on": 1,
        "pack": 1,
        "collect on": 2,
        "send": 1,
        "over": 1
    }
}