{
    "id": "T1566.001",
    "tech_id": "T1566.001",
    "tech_name": "Spearphishing Attachment",
    "best_phrases": [],
    "tactics": [
        "TA0001"
    ],
    "features": [
        "DATA",
        "NETWORK",
        "FUNCTION",
        "USER",
        "ENCRYPTION",
        "COMPONENT"
    ],
    "locations": [
        "macOS",
        "Windows",
        "Linux"
    ],
    "procedures": [
        "relationship--029bdc73-5054-45eb-b9d0-e4281f69d85a",
        "relationship--02a8db04-60e6-437c-8f1a-12aff6a13c63",
        "relationship--030638ac-8aee-4c3d-9f2a-c6037ab2f5b9",
        "relationship--04427a61-cef7-4197-9ff4-cb36c6a1895e",
        "relationship--060894ab-c1ec-488c-8d66-25924c82ad58",
        "relationship--061841f1-5814-41e3-94b5-536b8a52d062",
        "relationship--06f7f9cd-4e6b-4abe-bff0-c9c0fcaf920e",
        "relationship--0be962d8-6281-4554-ad1f-4cba04c547de",
        "relationship--0e1bf920-fd5a-4859-bf55-62e5f9817289",
        "relationship--1401717f-8315-430c-aae6-045602619d52",
        "relationship--15bbd8e5-60ad-4906-8231-f92c231bb1ec",
        "relationship--1813df9f-2bd9-4451-b4dd-aa80716ce151",
        "relationship--1a7f1f1e-511a-44bf-8d9e-fd3260febfc8",
        "relationship--1ab045b8-35b4-4920-8223-d1a6b8c6ae1e",
        "relationship--1ad674bb-c8e1-4f19-b96e-f56bfa10797c",
        "relationship--1aeb4dce-ac27-43ae-a0f4-1afcf84fc1a9",
        "relationship--2305a634-b226-4da2-a766-bec5458f9447",
        "relationship--239d98a7-f134-4270-8333-c2df2feaa9ca",
        "relationship--29686ce0-db1e-4d77-a21c-7b1e97ee51ac",
        "relationship--2b948c49-f65d-4e60-969f-229030b4d311",
        "relationship--30b93042-d56e-4ecf-82d8-8b287bd9c00c",
        "relationship--35624bc2-caf0-4124-88e8-6f60ae52ed9c",
        "relationship--3577cdd8-c9fd-4b97-94a5-6332f9cad77a",
        "relationship--3890dead-331f-498d-b99d-2191150ae2ac",
        "relationship--3a8d8063-3f4d-420d-8c72-2b99077aa487",
        "relationship--3cce0cb1-051f-48da-8712-e9d2eba871a0",
        "relationship--3efa9831-8d67-4bd1-92d4-ef252747b701",
        "relationship--410f6714-cd02-4253-b324-a8ac15e70bca",
        "relationship--416fd781-438e-4130-bfac-8ac653e85c2c",
        "relationship--4224c436-0960-4cea-b135-166008a1c087",
        "relationship--42580e44-781d-467d-b131-45f7d4651d0a",
        "relationship--45f64e39-c3f8-4665-8433-af9503852e53",
        "relationship--4852a801-3cd3-4a97-90ef-8cb5974c80d9",
        "relationship--4ae86603-3199-4692-b37c-f26a7c7e3fc2",
        "relationship--4b98c580-7907-487c-a5b1-202663762c47",
        "relationship--4cfed6dd-68ac-4b0a-acd1-b888c0c69c4f",
        "relationship--509eddb7-b86f-4831-953f-15017b5d987e",
        "relationship--5259c2ae-964d-49b6-a7e7-6246e748369f",
        "relationship--537d027b-0559-4d1a-8f28-a918d3d23e63",
        "relationship--538eb3a4-466e-42d0-9f12-bd9b6de0abe4",
        "relationship--54fd87c2-7d29-422f-bf92-96e7d603563f",
        "relationship--554fbee8-58a9-4557-bf49-f1df2c5da442",
        "relationship--5a9f2571-e611-4f7f-b0c9-6fc2d306b2f6",
        "relationship--5b63f8fd-efc7-454f-b466-d5e0a525f64f",
        "relationship--5d881746-44f9-4865-86de-97253fc197fb",
        "relationship--5f1493e8-65d8-474a-b6b7-c1311fc24d98",
        "relationship--6160a359-35cc-4bbe-ac29-500f2751ed4b",
        "relationship--645949a0-21a3-4c31-846d-33c2055d8bfd",
        "relationship--67f3f607-8c27-4a90-b1bf-e84f75815a42",
        "relationship--6813e94f-a123-4898-80c8-59e74c390fe3",
        "relationship--69684ccb-b9c0-4284-b2e5-09f15a691f80",
        "relationship--6c4c4e5d-0641-4441-a5aa-d27f3362811f",
        "relationship--6d1cd674-0466-4209-b9b5-7ce45ed359d1",
        "relationship--713c3a5e-931b-4c43-a945-c26f031b0183",
        "relationship--721320d4-36f0-4449-8331-8fbe40b1dba5",
        "relationship--73e00ae6-71f1-4ad7-861a-f0643b42c2ac",
        "relationship--76021528-7cb6-461a-870a-f681cac19285",
        "relationship--795b9ebc-6bf1-47f9-b236-117c2216c5d4",
        "relationship--7a2f70b7-7b6e-4c05-8f71-42a494b055ce",
        "relationship--7a64af0b-aebe-47d1-9f96-ef0ecad52df9",
        "relationship--7b4af425-27a6-4330-85e2-d8d03911d923",
        "relationship--7d1c227c-25b9-4e8b-ad88-618d9f382420",
        "relationship--7d93f85e-52a1-4771-8378-0fabfd707ece",
        "relationship--7e9f9565-d9c5-47e5-a962-8dfa3dc77fc6",
        "relationship--80fb05e9-68b8-4e3f-bc9a-2a5f828c397c",
        "relationship--8126e72d-1be0-4237-b9c9-33045be072c3",
        "relationship--817f5a5a-c22b-4d49-8e5a-35b48da7c358",
        "relationship--818b440b-075d-483d-83ff-9991a78e25f4",
        "relationship--8328f7af-8b66-45fd-89dc-2833fa37af23",
        "relationship--844a2a38-68aa-45ed-8fa8-4854500cb63d",
        "relationship--85b4d635-f5f4-4f4f-abc2-31203cad496d",
        "relationship--862470eb-b43a-42d9-ab06-4ca6fbc3671d",
        "relationship--8f8caa9d-b728-4b54-88b0-b7cd3646f437",
        "relationship--943577e6-928e-43dd-a175-60e6046c4499",
        "relationship--98c14ff6-0e71-4cfe-ae3f-bc8a7f0c5260",
        "relationship--9acd37b4-5729-4c70-b943-d95dc0882cb8",
        "relationship--9c1ec4da-96d9-4173-b944-77c341a19572",
        "relationship--9c7679e8-2be6-4cbb-a7f4-8583162366b3",
        "relationship--9cd8ce7f-7440-4ac4-b4cf-a758dd158672",
        "relationship--9d239fc5-5d40-4991-ae41-761686ab43a2",
        "relationship--9e92ab98-b547-4206-8158-a186f7570550",
        "relationship--a025d011-6e46-4d3a-a9f7-31324027b7cf",
        "relationship--a65fd9d5-0802-44ca-9d8b-025a62455faf",
        "relationship--a9960bcf-c6aa-411c-80d0-556ec7230b68",
        "relationship--af48f343-0359-444b-b6b4-1cddd36ddfd7",
        "relationship--b23e8d31-bb6a-42b4-ab34-1c9e302a3b74",
        "relationship--b43dfc0c-beca-45c0-bb47-5b57a6acada9",
        "relationship--b7d44225-31cf-4766-b585-debf0ed8d965",
        "relationship--b87f6c02-8f95-4e40-a848-b6e3c069d703",
        "relationship--b9f1dec0-f9b8-4cc3-a26c-5fc819f603a0",
        "relationship--bd3926e9-9c91-43f2-913d-16a7e94cc0ae",
        "relationship--c191afcc-515a-4f0c-85cc-15af0fd3674a",
        "relationship--c35e3d28-f9f2-4547-9927-7b734ebec54c",
        "relationship--c389a84f-0ab2-4ab8-aa65-cb668513fce8",
        "relationship--c671056c-f213-4084-9e9e-3361274ceb80",
        "relationship--c767de3c-af29-4e98-8292-067359765d5f",
        "relationship--c7721c41-83aa-4988-b431-e3135028d11e",
        "relationship--c7a94c1f-8b59-4bd7-9ab4-1f95b9927022",
        "relationship--c801e7ac-dce5-4349-bc07-446b5eec9744",
        "relationship--c8679afc-7e74-42aa-b009-baea6be724ef",
        "relationship--c91113cc-70d5-4daa-8283-d79898502be8",
        "relationship--cbadd419-3f8c-485a-a458-09caed90d82e",
        "relationship--cbdb211a-2772-4905-99f1-0415fb0738b3",
        "relationship--cbfb1a32-4582-4ecb-8a0e-4c76caaa5063",
        "relationship--cc4f0b64-db39-4546-a5fc-a518ecc5438b",
        "relationship--ce962c48-3390-4286-91bb-b38d7fb4f07a",
        "relationship--cf9e7512-c510-4605-9035-f60335c351f4",
        "relationship--d0061edc-becf-4ce9-ae91-5e1816d4a894",
        "relationship--d095926f-b161-46ea-ac52-b7295ce42b80",
        "relationship--d37d5ca7-59f1-4938-83a6-64d30675a386",
        "relationship--da37b8c0-7006-43f9-aebb-44ae51a54dd0",
        "relationship--da6a811d-2a77-4f6f-a19e-2aff8662f12f",
        "relationship--db142c7e-9145-477a-bc52-1545bcacee83",
        "relationship--db8bb9fc-49b8-49b7-9123-6468176dd1ad",
        "relationship--dd9e0f42-5d9d-4690-9d34-4e08a29d4868",
        "relationship--de4ae50a-0561-4d01-885a-eab60008d5eb",
        "relationship--dfb8dd3b-3700-4708-a9ea-ddcc6b750705",
        "relationship--e3425903-a09d-44e2-b033-daadc8208ff5",
        "relationship--e3d8a792-5c54-4e37-9ce1-6a8555e76a03",
        "relationship--e4d36f81-8028-4eae-8bc2-d856296afb46",
        "relationship--e797fcd8-4ad6-43d3-a36a-3c05d0ce8832",
        "relationship--ebed8156-bce1-4710-bd99-7cdcfa887d28",
        "relationship--ee00cd55-254b-4780-be47-e0f78a327c93",
        "relationship--f60a3a4e-ba53-47ba-8e31-e301f3983f6e",
        "relationship--faf1e821-465d-40cc-b523-73f1ba308932",
        "relationship--fb0121a7-4ba2-4e6d-a12d-b7375581b943",
        "relationship--fb27a498-e1c1-47a4-a668-32c58c359f71"
    ],
    "graph_nodes": [
        {
            "count": 124,
            "id": 0,
            "texts": [
                "Cobalt Group",
                "KOCTOPUS",
                "Saint Bot",
                "Mofang",
                "APT1",
                "Leviathan",
                "ThreatNeedle",
                "Ramsay",
                "Ember Bear",
                "threat actors",
                "Higaisa",
                "Sandworm Team",
                "Lokibot",
                "Lazarus Group",
                "Tropic Trooper",
                "FIN6",
                "SVCReady",
                "BADFLICK",
                "KONNI",
                "APT28",
                "DarkTortilla",
                "Gallmaker",
                "APT12",
                "admin@338",
                "Windshift",
                "TA459",
                "BRONZE BUTLER",
                "WIRTE",
                "MuddyWater",
                "menuPass",
                "PoetRAT",
                "Woody RAT",
                "RTM",
                "Threat Group-3390",
                "Gamaredon Group",
                "Snip3",
                "AppleSeed",
                "KOPILUWAK",
                "APT32",
                "Darkhotel",
                "BITTER",
                "APT29",
                "Patchwork",
                "Taidoor",
                "Astaroth",
                "Bisonal",
                "Kerrdown",
                "Javali",
                "REvil",
                "Inception",
                "threat actors",
                "Metamorfo",
                "EXOTIC LILY",
                "Ajax Security Team",
                "Chaes",
                "QakBot",
                "Dragonfly",
                "Sandworm Team",
                "Elderwood",
                "threat actors",
                "APT33",
                "IcedID",
                "Hancitor",
                "Emotet",
                "Molerats",
                "JSS Loader",
                "TA551",
                "RTM",
                "APT41",
                "APT39",
                "TA505",
                "Clambling",
                "Flagpro",
                "EnvyScout",
                "Squirrelwaffle",
                "Confucius",
                "DanBot",
                "WarzoneRAT",
                "BlackTech",
                "Gorgon Group",
                "Rifdoor",
                "Valak",
                "Naikon",
                "Bandook",
                "APT19",
                "ROKRAT",
                "Transparent Tribe",
                "threat actors",
                "APT30",
                "OceanSalt",
                "Ferocious Kitten",
                "SideCopy",
                "Lazarus Group",
                "FIN8",
                "LazyScripter",
                "Mustang Panda",
                "OilRig",
                "Transparent Tribe",
                "DarkWatchman",
                "Kimsuky",
                "Machete",
                "FIN4",
                "Octopus",
                "Wizard Spider",
                "OutSteel",
                "Bumblebee",
                "Andariel",
                "Tonto Team",
                "Pony",
                "Sidewinder",
                "FIN7",
                "APT37",
                "ZxxZ",
                "Silence",
                "BLINDINGCAN",
                "IndigoZebra",
                "APT38",
                "DarkHydrus",
                "White Company",
                "NETWIRE",
                "PLATINUM",
                "Rancor",
                "APT-C-36",
                "TrickBot"
            ],
            "label": "ACTOR"
        },
        {
            "count": 90,
            "id": 1,
            "texts": [
                "spearphishing emails",
                "spearphishing emails",
                "spearphishing email",
                "phishing emails",
                "spearhpishing email",
                "spearphishing emails",
                "email phishing messages",
                "spearphishing emails",
                "e-mails",
                "spearphishing campaigns",
                "spearphishing emails",
                "spearphishing emails",
                "emails",
                "spearphishing emails",
                "spearphishing emails",
                "emails",
                "spearphishing emails",
                "email",
                "spearphishing campaigns",
                "e-mail",
                "spearphishing emails",
                "spearphishing emails",
                "spearphishing emails",
                "spearphishing emails",
                "spearphishing",
                "spearphishing emails",
                "spearphishing emails",
                "spearphishing emails",
                "spearphishing emails",
                "emails",
                "e-mail thread-hijacking campaign",
                "phishing email",
                "emails",
                "emails",
                "targeted emails",
                "phishing campaign",
                "spearphishing e-mails",
                "phishing e-mails",
                "phishing emails",
                "phishing emails",
                "spearphishing emails",
                "spearphishing",
                "spam emails",
                "spearphishing emails",
                "email",
                "spearphishing e-mails",
                "emails",
                "e-mails",
                "spearphishing e-mails",
                "spearphishing emails",
                "spearphishing emails",
                "email",
                "phishing emails",
                "spearphishing emails",
                "spearphishing campaigns",
                "spearphishing emails",
                "emails",
                "targeted emails",
                "spearphishing emails",
                "spam emails",
                "spearphising emails",
                "spearphishing e-mails",
                "spearphishing emails",
                "emails",
                "spearphishing campaigns",
                "spearphishing emails",
                "spearphishing emails",
                "spearsphishing emails",
                "links",
                "spearphishing email",
                "spearphishing campaigns",
                "phishing emails",
                "e-mails",
                "spearphishing emails",
                "spearphishing emails",
                "spearphishing emails",
                "emails",
                "phishing emails",
                "spearphishing emails",
                "spearphishing campaigns",
                "spearphishing emails",
                "spearphishing emails",
                "remote server",
                "phishing emails",
                "e-mail campaigns",
                "spearphishing emails",
                "email",
                "spearphishing emails",
                "email gateway",
                "email"
            ],
            "label": "NETWORK"
        },
        {
            "count": 138,
            "id": 2,
            "texts": [
                "attachment types",
                "corporate and personal email accounts",
                ".rtf",
                ".xls",
                "password protected archives",
                "archives",
                ".doc",
                "LNK files",
                "Microsoft Word document",
                "attachments",
                ".rtf, .doc, and .xls files",
                "documents",
                "JavaScript files",
                "Excel files",
                "Word documents",
                "Word document",
                "PDFs",
                "Control Panel File (CPL) executables",
                "initial foothold",
                "Microsoft Office attachments",
                "XLS attachment",
                "Microsoft Word documents",
                "Microsoft Office",
                "fake installer file attachments",
                "attachments",
                "Mircrosoft Word documents",
                "Word document",
                "Microsoft Word documents",
                "archive attachments",
                ".iso",
                ".img",
                ".dmg",
                ".tar",
                "file types",
                ".zip",
                "Microsoft Office documents",
                "PDFs",
                "attachment",
                "credentials",
                "Microsoft Word attachments",
                "MS Word and Excel attachments",
                "compromised accounts",
                "targeted attachments",
                "Office documents",
                "documents",
                "Word documents",
                "archive files",
                "spearphishing attachments",
                "PDF documents",
                "attachments",
                "attachments",
                "e-mail attachments",
                "email attachment",
                "spreadsheet",
                "document",
                "RAR and .LNK attachments",
                "Excel spreadsheet",
                "RTF document",
                "files",
                "attachment",
                "email attachments",
                "e-mail attachments",
                "weaponized documents",
                "Microsoft Word documents",
                "HTML attachments",
                "personalized spearphishing attachments",
                ".docx file",
                "attachments",
                "Microsoft Office attachments",
                "attachments",
                "weaponized attachment",
                "archive attachments",
                "attachments",
                "Microsoft Excel attachments",
                "Microsoft Word and PDF attachments",
                "spearphishing attachments",
                "spearphishing attachments",
                "compiled HTML (.chm) files",
                "attachments",
                "e-mail attachments",
                "email attachment",
                "Microsoft Office documents",
                "attachments",
                "Excel attachment",
                "attachment",
                "password-protected archived files",
                "Excel or Word documents",
                "e-mail attachments",
                "Word document",
                "attachments",
                "RTF and XLSM formats",
                "Hangul Office or Microsoft Word document",
                "attachments",
                "PDF document",
                "DOC attachments",
                "Microsoft Office attachments",
                "attachments",
                "documents",
                "unauthorized access",
                "attachments",
                "Word documents",
                "attachments",
                "archive or document files",
                "spearphishing attachments",
                "compromised and/or spoofed email accounts",
                "attachments",
                "attachments",
                "Word, Excel and/or HWP (Hangul Word Processor) documents",
                "zipped file",
                "contents",
                "attachments",
                "legitimate documents",
                "compromised accounts",
                "spearphishing attachments",
                "Microsoft documents",
                "macros",
                "PDFs",
                "attachment",
                "users",
                "attachments",
                "Word or Excel attachments",
                "attachments",
                "spearphishing attachments",
                "spearphishing attachments",
                "attachments",
                "HWP attachments",
                "RTF or Excel attachment",
                "DOCX, CHM, LNK and ZIP attachments",
                "Microsoft Office documents",
                "email attachments",
                ".iqy",
                "Excel Web Query files",
                "Microsoft Office documents",
                "Microsoft Word attachments",
                "attachments",
                "attachments",
                "document",
                "Excel sheet"
            ],
            "label": "DATA"
        },
        {
            "count": 21,
            "id": 3,
            "texts": [
                "victim organizations",
                "Microsoft Word document",
                "attachments",
                ".rtf, .doc, and .xls files",
                "documents",
                "JavaScript files",
                "Excel files",
                "Word documents",
                "Word document",
                "PDFs",
                "Control Panel File (CPL) executables",
                "third parties",
                "executables",
                "part",
                "India",
                "that",
                "Nomadic Octopus",
                "which",
                "TA2541",
                "group",
                "to"
            ],
            "label": "OTHER"
        },
        {
            "count": 20,
            "id": 4,
            "texts": [
                ".xls",
                "password protected archives",
                "archives",
                ".doc",
                "Microsoft Office and RAR attachments",
                ".iso",
                ".img",
                ".dmg",
                ".tar",
                "file types",
                ".zip",
                "password protected ZIP files",
                "ZIP",
                "RAR",
                "password protected ZIP files",
                "zip file",
                "zip file",
                "password-protected RAR attachments",
                "password-protected RAR archives",
                "password protected RAR attachment"
            ],
            "label": "ENCRYPTION"
        },
        {
            "count": 56,
            "id": 5,
            "texts": [
                ".exe and .scr executables",
                "Microsoft Word document",
                "attachments",
                ".rtf, .doc, and .xls files",
                "documents",
                "JavaScript files",
                "Excel files",
                "Word documents",
                "Word document",
                "PDFs",
                "Control Panel File (CPL) executables",
                "primary delivered mechanism",
                "Agent Tesla",
                ".iso",
                ".img",
                ".dmg",
                ".tar",
                "file types",
                ".zip",
                "malware",
                "executables",
                "part",
                "executable",
                "exploits",
                "reconnaissance",
                "initial compromise",
                "ISO attachments",
                "zero-day exploits",
                "malware",
                "malware",
                "malware",
                "malware",
                "initial exploits",
                "command",
                "execution",
                "download",
                "malware",
                "hta file attachments",
                "embedded malicious macros",
                "initial infection vector",
                "initial access payloads",
                "payloads",
                "embedded malicious macros",
                "macros",
                "PDFs",
                "Bokbot",
                "TrickBot",
                "Bazar",
                "Emotet",
                "payloads",
                "malware",
                "\"attachedTemplate\" technique",
                "template",
                "primary initial access vector",
                "malware",
                "macro"
            ],
            "label": "FUNCTION"
        },
        {
            "count": 5,
            "id": 6,
            "texts": [
                "IT systems",
                "Microsoft Office",
                "fake installer file attachments",
                "machines",
                "computers"
            ],
            "label": "COMPONENT"
        },
        {
            "count": 25,
            "id": 7,
            "texts": [
                "victims",
                "victims",
                "victims",
                "intended victims",
                "recipients",
                "victims",
                "targets",
                "victims",
                "initial victims",
                "victims",
                "victims",
                "victims",
                "victims",
                "victims",
                "victim",
                "victims",
                "victims",
                "student targets",
                "victims",
                "targets",
                "victims",
                "potential victims",
                "targets",
                "victims",
                "victims"
            ],
            "label": "USER"
        }
    ],
    "graph_edges": [
        {
            "id": "0_1",
            "source": 0,
            "dest": 1,
            "count": 60
        },
        {
            "id": "1_2",
            "source": 1,
            "dest": 2,
            "count": 53
        },
        {
            "id": "2_3",
            "source": 2,
            "dest": 3,
            "count": 2
        },
        {
            "id": "0_2",
            "source": 0,
            "dest": 2,
            "count": 38
        },
        {
            "id": "0_4",
            "source": 0,
            "dest": 4,
            "count": 2
        },
        {
            "id": "4_2",
            "source": 4,
            "dest": 2,
            "count": 2
        },
        {
            "id": "2_5",
            "source": 2,
            "dest": 5,
            "count": 15
        },
        {
            "id": "4_5",
            "source": 4,
            "dest": 5,
            "count": 1
        },
        {
            "id": "1_0",
            "source": 1,
            "dest": 0,
            "count": 15
        },
        {
            "id": "1_5",
            "source": 1,
            "dest": 5,
            "count": 6
        },
        {
            "id": "1_3",
            "source": 1,
            "dest": 3,
            "count": 1
        },
        {
            "id": "2_6",
            "source": 2,
            "dest": 6,
            "count": 2
        },
        {
            "id": "2_0",
            "source": 2,
            "dest": 0,
            "count": 9
        },
        {
            "id": "2_1",
            "source": 2,
            "dest": 1,
            "count": 8
        },
        {
            "id": "0_7",
            "source": 0,
            "dest": 7,
            "count": 9
        },
        {
            "id": "7_1",
            "source": 7,
            "dest": 1,
            "count": 3
        },
        {
            "id": "5_1",
            "source": 5,
            "dest": 1,
            "count": 5
        },
        {
            "id": "1_6",
            "source": 1,
            "dest": 6,
            "count": 1
        },
        {
            "id": "1_4",
            "source": 1,
            "dest": 4,
            "count": 6
        },
        {
            "id": "2_4",
            "source": 2,
            "dest": 4,
            "count": 3
        },
        {
            "id": "1_7",
            "source": 1,
            "dest": 7,
            "count": 7
        },
        {
            "id": "0_3",
            "source": 0,
            "dest": 3,
            "count": 3
        },
        {
            "id": "0_5",
            "source": 0,
            "dest": 5,
            "count": 16
        },
        {
            "id": "3_1",
            "source": 3,
            "dest": 1,
            "count": 4
        },
        {
            "id": "5_2",
            "source": 5,
            "dest": 2,
            "count": 3
        },
        {
            "id": "3_2",
            "source": 3,
            "dest": 2,
            "count": 1
        },
        {
            "id": "2_7",
            "source": 2,
            "dest": 7,
            "count": 5
        },
        {
            "id": "5_7",
            "source": 5,
            "dest": 7,
            "count": 1
        },
        {
            "id": "0_6",
            "source": 0,
            "dest": 6,
            "count": 1
        },
        {
            "id": "6_7",
            "source": 6,
            "dest": 7,
            "count": 2
        },
        {
            "id": "7_3",
            "source": 7,
            "dest": 3,
            "count": 1
        },
        {
            "id": "3_5",
            "source": 3,
            "dest": 5,
            "count": 2
        },
        {
            "id": "7_2",
            "source": 7,
            "dest": 2,
            "count": 1
        },
        {
            "id": "3_7",
            "source": 3,
            "dest": 7,
            "count": 1
        }
    ],
    "verbs": {
        "send": 39,
        "with": 54,
        "to": 20,
        "of": 5,
        "include": 4,
        "contain": 27,
        "distribute": 12,
        "obtain": 1,
        "use": 24,
        "into": 1,
        "deliver": 29,
        "contain within": 1,
        "target": 3,
        "be": 1,
        "for": 3,
        "by": 9,
        "harvest": 1,
        "infect": 1,
        "compromise": 2,
        "as": 13,
        "attach to": 1,
        "conduct": 4,
        "spearphishe": 1,
        "within": 4,
        "in": 5,
        "inside": 1,
        "execute": 1,
        "lead": 1,
        "lure": 2,
        "open": 4,
        "gain": 1,
        "weaponize with": 1,
        "steal": 1,
        "send from": 1,
        "download": 1,
        "craft for": 1,
        "load": 1,
        "from": 1,
        "spread": 1,
        "utilize": 1,
        "attach": 1,
        "detect": 1,
        "deploy": 1
    }
}