{
    "id": "T1566.002",
    "tech_id": "T1566.002",
    "tech_name": "Spearphishing Link",
    "best_phrases": [],
    "tactics": [
        "TA0001"
    ],
    "features": [
        "NETWORK",
        "FUNCTION",
        "USER",
        "DATA",
        "COMPONENT",
        "ENCRYPTION"
    ],
    "locations": [
        "Linux",
        "macOS",
        "Windows",
        "Office 365",
        "SaaS",
        "Google Workspace"
    ],
    "procedures": [
        "relationship--01455ab2-2769-4eab-9df2-e7e5f707e7c6",
        "relationship--0160acb0-db44-4076-acc6-74c872d5aa08",
        "relationship--02d478b7-c728-4b43-b599-84bd75c3546e",
        "relationship--03c424ec-df52-4b08-8b32-fa8b2a738a97",
        "relationship--0930d98a-d8ae-4300-a50b-8a80b06e88e9",
        "relationship--0f29f072-1eb1-4711-8679-19580f16b351",
        "relationship--0f7756fb-ea96-4d3a-9a23-a0f0a326de63",
        "relationship--118e5be5-a143-4e2f-b80f-20b580f14210",
        "relationship--148f4700-9a24-4729-af76-5ff9eafb997c",
        "relationship--1d0af393-5340-4bee-bccc-b1007853276a",
        "relationship--1e3438f9-573c-4912-81e7-650094af62ac",
        "relationship--1f8132be-36d7-403e-a3e6-604db01ca3b8",
        "relationship--2003aaad-7b87-461d-b17f-b19100069ad9",
        "relationship--272e3614-f257-4aff-9938-b03a2f16efbd",
        "relationship--2c5ff227-9d4b-4af0-b534-83b55733f5b5",
        "relationship--2dde02b3-20b9-4709-96b4-02dbb9150577",
        "relationship--30a465fc-955e-4688-9349-daf17a287c47",
        "relationship--34319090-f87a-431b-a6c1-38d8494495b6",
        "relationship--382b8780-edc3-477f-a7fa-3e6ba62397a2",
        "relationship--386d6f27-a0a6-44c9-bd03-8a332c5ce9e2",
        "relationship--4170eaf9-9845-4f13-91b2-ff5c9931f365",
        "relationship--4364b7ab-fd25-4145-84e6-e9e74ac3c0dd",
        "relationship--478e4f65-d03a-4f1b-aeeb-16dddc1bfead",
        "relationship--50860aec-3490-4783-8ffb-ad4217cf0d58",
        "relationship--529e6ba3-a73d-4cca-84e9-d2d047340aa0",
        "relationship--52e319bc-d6ee-4ab5-a3ae-36f0477cac67",
        "relationship--5758382a-2ada-4d05-ad25-8ee802a9e041",
        "relationship--5853ff4e-9982-4d66-bf98-6c22fa42f305",
        "relationship--598e9cc3-818c-4fc0-baf3-aba229543da5",
        "relationship--5bc68652-1d99-4782-80bd-086fc7f8358c",
        "relationship--5e28da21-d977-4488-a8dc-10bad0833374",
        "relationship--61f91f23-a8a5-4b4e-b546-f0fff28851a1",
        "relationship--63135ac5-fa86-41a0-9023-df4c8f830582",
        "relationship--639e7b8d-57d7-4c1d-8f42-1496606ea666",
        "relationship--671a20b9-ad4c-468f-9871-be3545907dd2",
        "relationship--6f23e808-aa3b-4ad8-b932-e294c8921fdb",
        "relationship--731a7678-8b88-47c9-88a6-7bc897bb79bb",
        "relationship--741c03f1-5c9c-4737-bf2d-279503a042ab",
        "relationship--74953cb2-4d72-487b-959b-57602ce28d07",
        "relationship--7dee0645-9c39-4e04-8012-6ae10a449ae9",
        "relationship--7fd1b042-8543-46f7-90d5-631500f17e9e",
        "relationship--808f140e-8b7b-4efa-8708-2f2308b2fc41",
        "relationship--8272bde7-817f-4cb4-b073-67859002d310",
        "relationship--88157c8d-48d7-4114-8783-d22999a8f990",
        "relationship--95618672-6f7f-4055-9c96-29f75e276d5b",
        "relationship--95b0d9c3-e905-468c-8498-6550f2130826",
        "relationship--a1d7019e-ccb0-42cb-ba7c-351dd5cb152f",
        "relationship--a8e36e77-3899-4e7c-b27e-ab6ebf049066",
        "relationship--aafab4f1-96d9-4c9e-8f87-98a38db520fe",
        "relationship--b1ed7715-2145-4b26-b414-8f83a29e1f74",
        "relationship--b5e98443-7d3a-4a0a-975d-a5c1d564bd15",
        "relationship--baa39a74-fd81-4e25-9e5e-a8b95147bdd5",
        "relationship--c1b55dea-5e5d-4cff-bfac-5880507389c1",
        "relationship--c263ca38-f85d-42ab-b56d-8f6121c3aed6",
        "relationship--c36deed2-7da5-4c41-b6f0-eebc94bb17e9",
        "relationship--cff64310-fe63-44ad-9791-d1b4b50f0229",
        "relationship--d3c37666-b2f7-43c3-b89b-7ce48184269e",
        "relationship--d42b9304-293a-4b95-a946-dcda81be5c87",
        "relationship--d87925c8-23ed-4913-81d6-c4d93d65c798",
        "relationship--e35a6a79-0ffc-4835-aaf8-e42dd20a7e45",
        "relationship--e3f7935d-0f3a-440a-be19-ef9383914441",
        "relationship--e4946803-e448-4c85-902b-100e4d627ec3",
        "relationship--e6c6afdc-a52f-405c-8480-a4b2d2d797bf",
        "relationship--e8009877-1d59-4742-8d9a-61e0cda1f0b1",
        "relationship--ea7cd259-9065-4762-b7e1-f17d42b4af67",
        "relationship--edb83e19-bc71-455e-bf38-4ab5c823ebc8",
        "relationship--f5cd03ce-93e0-4458-ba90-ca3926bb41b9",
        "relationship--f998689d-ce01-4ece-87a0-906255177e55"
    ],
    "graph_nodes": [
        {
            "count": 65,
            "id": 0,
            "texts": [
                "BlackTech",
                "Valak",
                "Kerrdown",
                "Javali",
                "Grandoreiro",
                "QakBot",
                "Melcoz",
                "APT32",
                "Saint Bot",
                "Mofang",
                "Pony",
                "OutSteel",
                "MuddyWater",
                "APT3",
                "Ember Bear",
                "threat actors",
                "TA505",
                "LuminousMoth",
                "Confucius",
                "Kimsuky",
                "Sidewinder",
                "GuLoader",
                "threat actors",
                "KOCTOPUS",
                "Elderwood",
                "Squirrelwaffle",
                "Machete",
                "AppleJeus",
                "FIN7",
                "TrickBot",
                "Molerats",
                "Hancitor",
                "Emotet",
                "threat actors",
                "Sandworm Team",
                "Transparent Tribe",
                "SpicyOmelette",
                "Mustang Panda",
                "FIN8",
                "APT1",
                "Lazarus Group",
                "Leviathan",
                "APT33",
                "ZIRCONIUM",
                "EXOTIC LILY",
                "Bumblebee",
                "NETWIRE",
                "Transparent Tribe",
                "Magic Hound",
                "OilRig",
                "Windshift",
                "Cobalt Group",
                "APT29",
                "FIN4",
                "threat actors",
                "Snip3",
                "APT28",
                "Bazar",
                "Earth Lusca",
                "Turla",
                "Wizard Spider",
                "Patchwork",
                "LazyScripter",
                "APT39",
                "Lazarus Group"
            ],
            "label": "ACTOR"
        },
        {
            "count": 112,
            "id": 1,
            "texts": [
                "spearphishing e-mails",
                "links",
                "e-mail",
                "e-mails",
                "emails",
                "links",
                "link",
                "targeted spearphishing e-mails",
                "spearphishing emails",
                "links",
                "link",
                "spearphishing emails",
                "Dropbox download link",
                "email campaigns",
                "links",
                "spearphishing emails",
                "link",
                "domain",
                "e-mails",
                "links",
                "phishing campaigns",
                "web links",
                "spearphishing emails",
                "links",
                "compromised websites",
                "link",
                "email",
                "targeted emails",
                "link",
                "uncommon Web server",
                "phishing emails",
                "URL",
                "phishing emails",
                "link",
                "external server",
                "spearphishing link",
                "broad phishing campaigns",
                "links",
                "phishing e-mails",
                "phishing emails",
                "links",
                "phishing emails",
                "link",
                "phishing emails",
                "hyperlinks",
                "links",
                "e-mails",
                "spearphishing emails",
                "link",
                "emails",
                "link",
                "links",
                "targeted emails",
                "links",
                "spearphishing emails",
                "hyperlinks",
                "email",
                "links",
                "spearphishing emails",
                "stolen branding",
                "fraudulent lookalike domain",
                "links",
                "spearphishing emails",
                "links",
                "links",
                "e-mails",
                "links",
                "e-mails",
                "\"consent phishing\" emails",
                "links",
                "e-mail campaigns",
                "links",
                "emails",
                "link",
                "email",
                "URL links",
                "URLs",
                "spearphising emails",
                "links",
                "spearphishing emails",
                "links",
                "emails",
                "URLs",
                "spearphishing",
                "link",
                "link",
                "spearphishing emails",
                "links",
                "phishing emails",
                "unique malicious links",
                "e-mail links",
                "spearphishing e-mails",
                "links",
                "spearphishing emails",
                "credential harvesting sites",
                "emails",
                "embedded malicious links",
                "spearphishing emails",
                "link",
                "link",
                "legitimate domain",
                "phishing emails",
                "link",
                "spearphishing",
                "links",
                "spam emails",
                "link",
                "spearphishing emails",
                "links",
                "email",
                "OneDrive links",
                "fictitious job offer advertisements"
            ],
            "label": "NETWORK"
        },
        {
            "count": 22,
            "id": 2,
            "texts": [
                "malware",
                "macros",
                "malware",
                "zero-day exploits",
                "malware",
                "downloads",
                "Evilnum",
                "embedded macros",
                ".hta files",
                "malware",
                "command",
                "AADInternals",
                "macros",
                "PowerShells scripts",
                "Pupy",
                "malware",
                "victim clicks",
                "malware",
                "URL-shortener service",
                "malware",
                "Adobe.com",
                "exploits"
            ],
            "label": "FUNCTION"
        },
        {
            "count": 4,
            "id": 3,
            "texts": [
                "cloud services",
                "Google Drive",
                "free online file hosting services",
                "Google Drive document"
            ],
            "label": "COMPONENT"
        },
        {
            "count": 19,
            "id": 4,
            "texts": [
                "victims",
                "victim",
                "targets",
                "victims",
                "victims",
                "intended targets",
                "victims",
                "victims",
                "student targets",
                "victims",
                "potential victims",
                "victims",
                "victims",
                "targets",
                "potential targets",
                "targets",
                "initial victims",
                "victim",
                "victims"
            ],
            "label": "USER"
        },
        {
            "count": 17,
            "id": 5,
            "texts": [
                "document",
                "content",
                "PDF document",
                "documents",
                "files",
                "access tokens",
                "users",
                "Word documents",
                "credentials",
                "documents",
                "files",
                "compromised accounts",
                "files",
                "free online file hosting services",
                "Google Drive document",
                "files",
                "document"
            ],
            "label": "DATA"
        },
        {
            "count": 6,
            "id": 6,
            "texts": [
                "that",
                "stolen branding",
                "fraudulent lookalike domain",
                "India",
                "cases",
                "TA2541"
            ],
            "label": "OTHER"
        },
        {
            "count": 3,
            "id": 7,
            "texts": [
                "ZIP and RAR archives",
                "zip file",
                "zip file"
            ],
            "label": "ENCRYPTION"
        }
    ],
    "graph_edges": [
        {
            "id": "0_1",
            "source": 0,
            "dest": 1,
            "count": 50
        },
        {
            "id": "0_2",
            "source": 0,
            "dest": 2,
            "count": 7
        },
        {
            "id": "1_3",
            "source": 1,
            "dest": 3,
            "count": 2
        },
        {
            "id": "1_0",
            "source": 1,
            "dest": 0,
            "count": 7
        },
        {
            "id": "1_4",
            "source": 1,
            "dest": 4,
            "count": 11
        },
        {
            "id": "1_5",
            "source": 1,
            "dest": 5,
            "count": 13
        },
        {
            "id": "5_2",
            "source": 5,
            "dest": 2,
            "count": 4
        },
        {
            "id": "5_4",
            "source": 5,
            "dest": 4,
            "count": 2
        },
        {
            "id": "4_1",
            "source": 4,
            "dest": 1,
            "count": 3
        },
        {
            "id": "6_1",
            "source": 6,
            "dest": 1,
            "count": 2
        },
        {
            "id": "2_4",
            "source": 2,
            "dest": 4,
            "count": 1
        },
        {
            "id": "2_1",
            "source": 2,
            "dest": 1,
            "count": 3
        },
        {
            "id": "5_1",
            "source": 5,
            "dest": 1,
            "count": 1
        },
        {
            "id": "1_7",
            "source": 1,
            "dest": 7,
            "count": 3
        },
        {
            "id": "1_2",
            "source": 1,
            "dest": 2,
            "count": 5
        },
        {
            "id": "7_3",
            "source": 7,
            "dest": 3,
            "count": 1
        },
        {
            "id": "0_6",
            "source": 0,
            "dest": 6,
            "count": 1
        },
        {
            "id": "4_6",
            "source": 4,
            "dest": 6,
            "count": 1
        },
        {
            "id": "1_6",
            "source": 1,
            "dest": 6,
            "count": 1
        },
        {
            "id": "0_4",
            "source": 0,
            "dest": 4,
            "count": 4
        },
        {
            "id": "7_5",
            "source": 7,
            "dest": 5,
            "count": 1
        },
        {
            "id": "6_2",
            "source": 6,
            "dest": 2,
            "count": 1
        },
        {
            "id": "0_5",
            "source": 0,
            "dest": 5,
            "count": 1
        }
    ],
    "verbs": {
        "use": 12,
        "deliver": 8,
        "with": 19,
        "to": 28,
        "distribute": 5,
        "contain": 23,
        "send": 24,
        "by": 11,
        "take": 1,
        "craft for": 1,
        "in": 7,
        "download": 4,
        "as": 1,
        "within": 1,
        "host on": 2,
        "conduct": 1,
        "craft": 1,
        "embed": 1,
        "be": 1,
        "open": 2,
        "execute": 2,
        "steal": 1,
        "of": 1,
        "spread": 2,
        "shorten": 1,
        "harvest": 1,
        "point to": 1,
        "trick": 2,
        "click": 2,
        "send from": 1,
        "track": 1,
        "redirect": 2,
        "feature": 1,
        "from": 1,
        "compromise": 1
    }
}