{
    "id": "T1565.002",
    "tech_id": "T1565.002",
    "tech_name": "Transmitted Data Manipulation",
    "best_phrases": [],
    "tactics": [
        "TA0040"
    ],
    "features": [
        "NETWORK",
        "DATA",
        "COMPONENT",
        "FUNCTION"
    ],
    "locations": [
        "Linux",
        "macOS",
        "Windows"
    ],
    "procedures": [
        "relationship--0d1bf687-ad42-45e6-bd52-34c6a14accad",
        "relationship--8d94276b-c902-4d7c-ae10-d13e127e5149",
        "relationship--973e4318-a08c-491c-afa3-d110f9d87758",
        "relationship--ad7b6185-bdb1-4271-b139-2d71dd85c0d4"
    ],
    "graph_nodes": [
        {
            "count": 6,
            "id": 0,
            "texts": [
                "Melcoz",
                "adversary",
                "APT38",
                "LightNeuron",
                "Metamorfo",
                "attacker"
            ],
            "label": "ACTOR"
        },
        {
            "count": 2,
            "id": 1,
            "texts": [
                "clipboard",
                "system clipboard"
            ],
            "label": "COMPONENT"
        },
        {
            "count": 5,
            "id": 2,
            "texts": [
                "cryptocurrency addresses",
                "intended address",
                "SWIFT messages",
                "route",
                "printer"
            ],
            "label": "NETWORK"
        },
        {
            "count": 3,
            "id": 3,
            "texts": [
                "one",
                "transit",
                "address"
            ],
            "label": "OTHER"
        },
        {
            "count": 2,
            "id": 4,
            "texts": [
                "DYEPACK",
                "function"
            ],
            "label": "FUNCTION"
        },
        {
            "count": 5,
            "id": 5,
            "texts": [
                "email content",
                "attachments",
                "headers",
                "contents",
                "valid bitcoin addresses"
            ],
            "label": "DATA"
        }
    ],
    "graph_edges": [
        {
            "id": "0_1",
            "source": 0,
            "dest": 1,
            "count": 1
        },
        {
            "id": "0_2",
            "source": 0,
            "dest": 2,
            "count": 3
        },
        {
            "id": "0_3",
            "source": 0,
            "dest": 3,
            "count": 3
        },
        {
            "id": "1_2",
            "source": 1,
            "dest": 2,
            "count": 1
        },
        {
            "id": "2_3",
            "source": 2,
            "dest": 3,
            "count": 1
        },
        {
            "id": "0_4",
            "source": 0,
            "dest": 4,
            "count": 2
        },
        {
            "id": "0_5",
            "source": 0,
            "dest": 5,
            "count": 1
        },
        {
            "id": "5_3",
            "source": 5,
            "dest": 3,
            "count": 1
        },
        {
            "id": "4_5",
            "source": 4,
            "dest": 5,
            "count": 1
        },
        {
            "id": "4_3",
            "source": 4,
            "dest": 3,
            "count": 1
        },
        {
            "id": "5_1",
            "source": 5,
            "dest": 1,
            "count": 1
        },
        {
            "id": "3_0",
            "source": 3,
            "dest": 0,
            "count": 1
        }
    ],
    "verbs": {
        "monitor": 1,
        "for": 3,
        "change": 1,
        "to": 3,
        "control": 1,
        "use": 1,
        "manipulate": 1,
        "en": 1,
        "modify": 1,
        "during": 2,
        "have": 1,
        "watch": 1,
        "overwrite": 1,
        "of": 2
    }
}