{
    "id": "T1565.003",
    "tech_id": "T1565.003",
    "tech_name": "Runtime Data Manipulation",
    "best_phrases": [],
    "tactics": [
        "TA0040"
    ],
    "features": [
        "DATA",
        "FUNCTION",
        "USER"
    ],
    "locations": [
        "Linux",
        "macOS",
        "Windows"
    ],
    "procedures": [
        "relationship--c51741a8-7c08-4d6e-9d6a-02da7cc8cc83"
    ],
    "graph_nodes": [
        {
            "count": 1,
            "id": 0,
            "texts": [
                "APT38"
            ],
            "label": "ACTOR"
        },
        {
            "count": 1,
            "id": 1,
            "texts": [
                "DYEPACK.FOX"
            ],
            "label": "FUNCTION"
        },
        {
            "count": 4,
            "id": 2,
            "texts": [
                "PDF data",
                "traces",
                "fraudulent SWIFT transactions",
                "data"
            ],
            "label": "DATA"
        },
        {
            "count": 1,
            "id": 3,
            "texts": [
                "end user"
            ],
            "label": "USER"
        }
    ],
    "graph_edges": [
        {
            "id": "0_1",
            "source": 0,
            "dest": 1,
            "count": 1
        },
        {
            "id": "0_2",
            "source": 0,
            "dest": 2,
            "count": 2
        },
        {
            "id": "2_3",
            "source": 2,
            "dest": 3,
            "count": 1
        }
    ],
    "verbs": {
        "use": 1,
        "manipulate": 1,
        "remove": 1,
        "of": 1,
        "from": 1,
        "display to": 1
    }
}