{
    "id": "T1562.007",
    "tech_id": "T1562.007",
    "tech_name": "Disable or Modify Cloud Firewall",
    "best_phrases": [],
    "tactics": [
        "TA0005"
    ],
    "features": [
        "FUNCTION",
        "NETWORK",
        "COMPONENT"
    ],
    "locations": [
        "IaaS"
    ],
    "procedures": [
        "relationship--a79df7b6-91d5-4019-9a86-830bc0edc2aa"
    ],
    "graph_nodes": [
        {
            "count": 1,
            "id": 0,
            "texts": [
                "Pacu"
            ],
            "label": "FUNCTION"
        },
        {
            "count": 1,
            "id": 1,
            "texts": [
                "IP addresses"
            ],
            "label": "NETWORK"
        },
        {
            "count": 1,
            "id": 2,
            "texts": [
                "AWS GuardDuty"
            ],
            "label": "COMPONENT"
        }
    ],
    "graph_edges": [
        {
            "id": "0_1",
            "source": 0,
            "dest": 1,
            "count": 1
        },
        {
            "id": "0_2",
            "source": 0,
            "dest": 2,
            "count": 1
        },
        {
            "id": "1_2",
            "source": 1,
            "dest": 2,
            "count": 1
        }
    ],
    "verbs": {
        "allowlist": 1,
        "in": 2
    }
}