{
    "id": "T1578.003",
    "tech_id": "T1578.003",
    "tech_name": "Delete Cloud Instance",
    "best_phrases": [],
    "tactics": [
        "TA0005"
    ],
    "features": [
        "DATA",
        "COMPONENT",
        "FUNCTION",
        "USER"
    ],
    "locations": [
        "IaaS"
    ],
    "procedures": [
        "relationship--816b2bbb-9d91-4cf9-86b2-ff68a9f82969"
    ],
    "graph_nodes": [
        {
            "count": 1,
            "id": 0,
            "texts": [
                "LAPSUS$"
            ],
            "label": "ACTOR"
        },
        {
            "count": 2,
            "id": 1,
            "texts": [
                "systems",
                "resources"
            ],
            "label": "DATA"
        },
        {
            "count": 2,
            "id": 2,
            "texts": [
                "systems",
                "resources"
            ],
            "label": "COMPONENT"
        },
        {
            "count": 2,
            "id": 3,
            "texts": [
                "cloud",
                "organization"
            ],
            "label": "OTHER"
        },
        {
            "count": 1,
            "id": 4,
            "texts": [
                "incident and crisis response process"
            ],
            "label": "FUNCTION"
        },
        {
            "count": 1,
            "id": 5,
            "texts": [
                "target"
            ],
            "label": "USER"
        }
    ],
    "graph_edges": [
        {
            "id": "0_1",
            "source": 0,
            "dest": 1,
            "count": 1
        },
        {
            "id": "0_2",
            "source": 0,
            "dest": 2,
            "count": 1
        },
        {
            "id": "0_3",
            "source": 0,
            "dest": 3,
            "count": 1
        },
        {
            "id": "0_4",
            "source": 0,
            "dest": 4,
            "count": 1
        },
        {
            "id": "1_5",
            "source": 1,
            "dest": 5,
            "count": 1
        },
        {
            "id": "2_5",
            "source": 2,
            "dest": 5,
            "count": 1
        },
        {
            "id": "1_3",
            "source": 1,
            "dest": 3,
            "count": 1
        },
        {
            "id": "2_3",
            "source": 2,
            "dest": 3,
            "count": 1
        },
        {
            "id": "4_3",
            "source": 4,
            "dest": 3,
            "count": 1
        }
    ],
    "verbs": {
        "delete": 1,
        "in": 2,
        "trigger": 1,
        "of": 2
    }
}