{
    "id": "T1573.002",
    "tech_id": "T1573.002",
    "tech_name": "Asymmetric Cryptography",
    "best_phrases": [],
    "tactics": [
        "TA0011"
    ],
    "features": [
        "NETWORK",
        "ENCRYPTION",
        "FUNCTION",
        "DATA",
        "USER"
    ],
    "locations": [
        "Linux",
        "macOS",
        "Windows"
    ],
    "procedures": [
        "relationship--00192a5f-9dc0-445a-b010-d77bd08aac93",
        "relationship--049eebb5-0686-4891-9cf7-cbf906cacdd8",
        "relationship--0766fe91-a8d9-42bd-8023-f2134b280211",
        "relationship--095a259d-79c7-42b0-b65a-e423f110d187",
        "relationship--0b51c002-4a22-413c-9d6d-ffd7fd625736",
        "relationship--0f8086c2-5432-455f-8012-201aed337725",
        "relationship--104334fa-4d32-48ab-a55d-c481ce7c4cd3",
        "relationship--10c33088-630e-456d-ad0f-8a63be4d3946",
        "relationship--1495ec37-a51f-4a50-8c01-427d7c4bb009",
        "relationship--16d07e92-1026-4d2f-ad4d-a1cb664d1278",
        "relationship--20eb2a85-e9f0-41cc-a26a-d66989c476f8",
        "relationship--217ad0a6-f693-416e-9ae4-bcc0c533ce9f",
        "relationship--26dcd489-5bd7-4f33-a920-79535c42082c",
        "relationship--2709cd56-6a75-487d-9b24-d931c053324a",
        "relationship--27fb153f-0d50-4d95-b0e2-05bb520e33a7",
        "relationship--2843712c-cf5a-45f0-9e08-444665e0d479",
        "relationship--2d90749b-525e-4aa2-9df0-1d5677be0b25",
        "relationship--35bfe5a4-84ca-4601-82d8-073b1e384115",
        "relationship--3843a4eb-cf3b-4cf9-91db-5a481ce3f32d",
        "relationship--3f1ab899-077c-4f89-81ed-98683ac8753e",
        "relationship--44de534a-f105-4016-b7a4-2e7fce8a203e",
        "relationship--521ca9cf-4ed0-4e24-a18a-b14252283d23",
        "relationship--68c412d7-9b6e-4a0e-a29f-69c1d8065156",
        "relationship--69d3a1fc-f72f-4fd9-aa89-c6a471791421",
        "relationship--6a8356c2-5a79-40b7-bb8e-b7d9dffbe523",
        "relationship--6e83dba5-a1ea-4a65-bc14-541bd89955a7",
        "relationship--732e753e-49c2-4af4-8b3b-c81e577d7a42",
        "relationship--74486fa3-a5b8-49b2-82b7-0c453b4baf12",
        "relationship--7962fea5-a94d-4bb3-b951-fb8726bc4f67",
        "relationship--7c593b6a-6426-4d8e-b98b-db02d1ec1025",
        "relationship--8989ead1-c778-4645-8d95-2d42d875788b",
        "relationship--8f56f7af-962a-4d2f-89db-7c1d89b79a32",
        "relationship--922d5db0-2588-46d9-9a91-e5d4ccc3c84c",
        "relationship--92dc3823-559b-422a-b801-4669d53f0135",
        "relationship--96bf1608-d1fc-477f-be54-0dba2efd0038",
        "relationship--99686b3a-1ca4-4b36-ad4d-a8876d8c65ba",
        "relationship--9ce465d9-921b-4d6d-8863-b1ffc63f0e8e",
        "relationship--a2ed58c0-7bd3-4a94-99b3-f2ff94dea408",
        "relationship--a3aa78fe-28c9-44e8-a0a3-0f84c087b5e0",
        "relationship--a49ed7b1-8160-48ae-a65f-feeb4747c522",
        "relationship--a5d7526f-2b1f-4a69-abc7-926b22bc402b",
        "relationship--a624f944-5f3e-4713-9e89-9964ae82c677",
        "relationship--aee478b7-c5f5-4d31-8df7-bd44fca1d677",
        "relationship--b380ad90-2f3b-4f98-ae23-3dfdba448e0a",
        "relationship--b3973baa-0185-45a1-934d-2b29f742a2df",
        "relationship--ba18c3d0-049b-40c0-b65f-fe0463b3a9d6",
        "relationship--ba9380c1-1d2e-4161-8c46-9fc9f793cbd3",
        "relationship--baeff271-0885-4c44-a9d6-c03411ca9bb0",
        "relationship--bcb137f0-e92d-47b5-912f-ba8d4f9ff15c",
        "relationship--c46db015-9917-4c7b-8152-c6ad1394baf7",
        "relationship--cfb7e335-e7a3-4dc3-91b8-70381a888222",
        "relationship--d5bc22fc-16dd-4ab6-9599-828f4b33ec2b",
        "relationship--d7eb1606-b003-41ce-81b3-a1c4d5d5e4d7",
        "relationship--d9b7596b-185a-4a2f-8559-6b9349f4c9b9",
        "relationship--d9bfa498-69a1-44f9-8e44-67a6a4c48088",
        "relationship--de840f88-b9d0-4f7e-b5c0-b666faa2d92f",
        "relationship--e26cfb89-f796-4ba1-bf5c-4084b6479762",
        "relationship--e4c23aa3-edf1-4f6e-ae86-f709d7c306ee",
        "relationship--e54282cb-8567-4c43-b6ab-3cfd0e52fb9a",
        "relationship--e7077a73-991e-4660-a13d-fb30dc36fab1",
        "relationship--e9475518-bc89-4120-9979-6a996b2de924",
        "relationship--ea8e9109-739f-485c-8d13-fb5ed6b2fdcd",
        "relationship--f3b8a97f-4e9c-4190-be08-467d136fc943",
        "relationship--fbf2cca6-d734-49b2-a1a9-6c393b99fd91"
    ],
    "graph_nodes": [
        {
            "count": 55,
            "id": 0,
            "texts": [
                "SombRAT",
                "Uroburos",
                "Cyclops Blink",
                "Emotet",
                "campaigns",
                "actors",
                "Metamorfo",
                "Sykipot",
                "Zebrocy",
                "BISCUIT",
                "Bazar",
                "TinyTurla",
                "StrongPity",
                "SodaMaster",
                "ComRAT",
                "REvil",
                "Gazer",
                "Pay2Key",
                "Grandoreiro",
                "ServHelper",
                "attacker",
                "GrimAgent",
                "Attor",
                "Doki",
                "Dridex",
                "WellMess",
                "Tropic Trooper",
                "Carbon",
                "GoldMax",
                "Woody RAT",
                "GreyEnergy",
                "BADHATCH",
                "DarkWatchman",
                "Trojan.Karagany",
                "OilRig",
                "Penquin",
                "Machete",
                "Cobalt Strike",
                "Hi-Zor",
                "POSHSPY",
                "POWERSTATS",
                "XTunnel",
                "threat actors",
                "KEYPLUG",
                "PoetRAT",
                "CHOPSTICK",
                "Cobalt Group",
                "Sardonic",
                "WannaCry",
                "FIN6",
                "FIN8",
                "adbupd",
                "Kobalos",
                "WellMail",
                "IcedID"
            ],
            "label": "ACTOR"
        },
        {
            "count": 107,
            "id": 1,
            "texts": [
                "C2 traffic",
                "Diffie-Hellman key exchange",
                "C2 communications",
                "C2 messages",
                "TLS",
                "message",
                "C2 traffic",
                "TLS encrypted C2 communications",
                "socket",
                "TLS socket",
                "C2 communication",
                "OpenSSL",
                "AES ECB",
                "SSL",
                "C2 communications",
                "TLS",
                "C2 communications",
                "C2 traffic",
                "SSL/TLS",
                "C2 traffic",
                "HTTP-based C2 channel",
                "Gmail C2 channel",
                "encrypted C2 communications",
                "C2",
                "RSA encrypted communications",
                "C2",
                "SSL",
                "C2 communication",
                "C2 communication channel",
                "SSL",
                "reverse SSH tunnel",
                "RDP",
                "services",
                "SSL",
                "encrypted C2",
                "C2",
                "network communications",
                "encrypted traffic",
                "C2",
                "mutual TLS",
                "client",
                "server",
                "SSL",
                "C2s",
                "SSL/TLS",
                "HTTPS Telegram Bot API-based C2 channel",
                "C2 communications",
                "Tor",
                "traffic",
                "TLS",
                "communication",
                "C2",
                "communications",
                "hardcoded C2 IP address",
                "TLS",
                "C2 channel",
                "C2 communications",
                "SSL",
                "TLS",
                "tunnels",
                "C2s",
                "communications",
                "TLS-encrypted FTP",
                "C2",
                "SSL",
                "C2 communications",
                "C2 traffic",
                "TLS",
                "SSL",
                "C2 communications",
                "C2 traffic",
                "SSL/TLS",
                "RC4",
                "traffic",
                "SSL",
                "C2 communications",
                "TCP port",
                "TLS-encrypted WebSocket Protocol",
                "WSS",
                "C2",
                "TLS",
                "C2 communications",
                "SSH tunnels",
                "C2",
                "C2s",
                "SSL",
                "TLS",
                "communications",
                "Tor circuit",
                "Tor",
                "C2 traffic",
                "custom cryptographic protocol",
                "SSH tunnels",
                "C2s",
                "TLS",
                "C2 channel",
                "RDP",
                "C2 infrastructure",
                "C2 traffic",
                "key exchange",
                "authentication",
                "mutual TLS",
                "C2",
                "SSL",
                "TLS",
                "communications",
                "C2"
            ],
            "label": "NETWORK"
        },
        {
            "count": 10,
            "id": 2,
            "texts": [
                "top layer",
                "PSK",
                "IV",
                "generated key",
                "TA2541",
                "use",
                "some",
                "Sieve",
                "layers",
                "RSA-4096"
            ],
            "label": "OTHER"
        },
        {
            "count": 36,
            "id": 3,
            "texts": [
                "pre-shared key",
                "AES-256-CBC",
                "IV",
                "generated key",
                "hard-coded RSA public key",
                "RSA keys",
                "AES ECB",
                "SSL",
                "hardcoded RSA key",
                "SSL/TLS encryption",
                "public key cryptography",
                "custom encryption",
                "RSA",
                "default encryption",
                "RSA",
                "AES",
                "hardcoded server public RSA key",
                "Blowfish key",
                "public RSA key",
                "RSA",
                "RSA encryption",
                "encryption",
                "mutual TLS and RSA cryptography",
                "RSA-2048",
                "TLS encryption",
                "symmetric key",
                "BlowFish algorithm",
                "RSA asymmetric encryption",
                "RSA",
                "AES",
                "SSL/TLS",
                "RC4",
                "RSA",
                "random 64-byte RC4 key",
                "RSA public key",
                "RSA-512"
            ],
            "label": "ENCRYPTION"
        },
        {
            "count": 32,
            "id": 4,
            "texts": [
                "OpenSSL library functions",
                "AsyncRAT",
                "proxy implementation",
                "Agent",
                "ECIES algorithm",
                "Pupy",
                "transport options",
                "RDP",
                "services",
                "Mythic",
                "request",
                "embedTLS library",
                "its HTTPS Telegram Bot API",
                "Sliver",
                "tools",
                "Plink utility",
                "symmetric key",
                "BlowFish algorithm",
                "Diffie Hellman",
                "PKCS1 padding",
                "Volgmer variants",
                "Rising Sun variants",
                "Plink utility",
                "variant",
                "ADVSTORESHELL",
                "Koadic",
                "Plink command-line utility",
                "Empire",
                "Plink utility",
                "OpenSSL library",
                "key exchange",
                "authentication"
            ],
            "label": "FUNCTION"
        },
        {
            "count": 10,
            "id": 5,
            "texts": [
                "RSA and AES encrypted email attachments",
                "access",
                "certificates",
                "default",
                "session key",
                "data",
                "data",
                "data",
                "copy",
                "coded client and certificate authority certificates"
            ],
            "label": "DATA"
        },
        {
            "count": 3,
            "id": 6,
            "texts": [
                "victim",
                "client",
                "server"
            ],
            "label": "USER"
        }
    ],
    "graph_edges": [
        {
            "id": "0_1",
            "source": 0,
            "dest": 1,
            "count": 60
        },
        {
            "id": "0_2",
            "source": 0,
            "dest": 2,
            "count": 3
        },
        {
            "id": "1_3",
            "source": 1,
            "dest": 3,
            "count": 7
        },
        {
            "id": "1_2",
            "source": 1,
            "dest": 2,
            "count": 4
        },
        {
            "id": "2_1",
            "source": 2,
            "dest": 1,
            "count": 5
        },
        {
            "id": "0_3",
            "source": 0,
            "dest": 3,
            "count": 17
        },
        {
            "id": "4_1",
            "source": 4,
            "dest": 1,
            "count": 18
        },
        {
            "id": "4_2",
            "source": 4,
            "dest": 2,
            "count": 1
        },
        {
            "id": "4_3",
            "source": 4,
            "dest": 3,
            "count": 5
        },
        {
            "id": "2_3",
            "source": 2,
            "dest": 3,
            "count": 2
        },
        {
            "id": "0_4",
            "source": 0,
            "dest": 4,
            "count": 8
        },
        {
            "id": "4_0",
            "source": 4,
            "dest": 0,
            "count": 3
        },
        {
            "id": "1_0",
            "source": 1,
            "dest": 0,
            "count": 2
        },
        {
            "id": "3_1",
            "source": 3,
            "dest": 1,
            "count": 6
        },
        {
            "id": "3_5",
            "source": 3,
            "dest": 5,
            "count": 1
        },
        {
            "id": "1_4",
            "source": 1,
            "dest": 4,
            "count": 2
        },
        {
            "id": "3_4",
            "source": 3,
            "dest": 4,
            "count": 3
        },
        {
            "id": "0_5",
            "source": 0,
            "dest": 5,
            "count": 6
        },
        {
            "id": "5_4",
            "source": 5,
            "dest": 4,
            "count": 2
        },
        {
            "id": "5_1",
            "source": 5,
            "dest": 1,
            "count": 2
        },
        {
            "id": "4_6",
            "source": 4,
            "dest": 6,
            "count": 1
        },
        {
            "id": "1_6",
            "source": 1,
            "dest": 6,
            "count": 1
        },
        {
            "id": "3_0",
            "source": 3,
            "dest": 0,
            "count": 1
        },
        {
            "id": "6_5",
            "source": 6,
            "dest": 5,
            "count": 1
        },
        {
            "id": "1_5",
            "source": 1,
            "dest": 5,
            "count": 3
        },
        {
            "id": "4_5",
            "source": 4,
            "dest": 5,
            "count": 1
        }
    ],
    "verbs": {
        "encrypt": 23,
        "use": 50,
        "mix with": 2,
        "of": 11,
        "with": 21,
        "send": 2,
        "upgrade": 2,
        "to": 9,
        "in": 9,
        "for": 22,
        "have": 3,
        "be": 1,
        "set": 1,
        "give": 2,
        "run on": 1,
        "support": 2,
        "check": 1,
        "connect": 1,
        "basedon": 1,
        "encapsulate": 1,
        "by": 2,
        "rsa-encrypte": 1,
        "exchange": 1,
        "secure": 1,
        "create": 3,
        "exchange with": 1,
        "exfiltrate": 1,
        "send to": 1,
        "communicate": 2,
        "over": 2,
        "route": 1,
        "tunnel": 1,
        "contain": 1
    }
}