{
    "id": "T1571",
    "tech_id": "T1571",
    "tech_name": "Non-Standard Port",
    "best_phrases": [],
    "tactics": [
        "TA0011"
    ],
    "features": [
        "NETWORK",
        "FUNCTION",
        "DATA",
        "COMPONENT",
        "USER"
    ],
    "locations": [
        "Linux",
        "macOS",
        "Windows"
    ],
    "procedures": [
        "relationship--0076c114-0e7a-45c3-a851-7a877a9eefd0",
        "relationship--01c982c2-f610-443f-ae60-1b4a1f508f81",
        "relationship--0b2b567c-718c-485f-b187-2bf6c6bb0c76",
        "relationship--12c14ace-db29-4b08-a052-ba867c9ba534",
        "relationship--18714758-e6ea-4f61-87c9-6340c0001b9c",
        "relationship--207f1084-a466-4e08-a157-886db373f09a",
        "relationship--2243acac-6401-41df-b658-2a36f7977d15",
        "relationship--2311b504-e0c3-4594-8174-f9ce86941bc3",
        "relationship--30f0fc1f-d2fb-4bc8-98b1-431324127f07",
        "relationship--31b54e57-8a8c-4c0f-9170-b3694dd82005",
        "relationship--36983a10-4fdb-4bfc-83a0-78f4d11e83df",
        "relationship--3a5c4e73-3657-470e-882b-563f3ca599e7",
        "relationship--3ffac9f5-9a5e-41dd-aa7d-c981842015d7",
        "relationship--4050ee68-3f26-49e6-beec-e2a62133a1c3",
        "relationship--42af62e7-3e38-46e7-ac70-c557f33d377d",
        "relationship--53e123a8-0794-4bec-b71b-3c4b4a94057f",
        "relationship--5a34e6af-f5e1-4191-aec0-06a92201f414",
        "relationship--6cc8e1ce-c007-4a26-bd3b-cac73bb98c73",
        "relationship--730a735c-1008-490e-b0c8-6938b858b28a",
        "relationship--759af051-f194-4a68-98af-224f7d9916e8",
        "relationship--76ff48d5-a341-431b-8653-1b1ad93ae435",
        "relationship--800f3241-62f4-4eb4-b9a2-df62f67d27d6",
        "relationship--8131a5ed-f95f-406d-ae56-e5e10c8ced74",
        "relationship--921b9a4d-091a-442b-981a-0b34daa2ed6a",
        "relationship--9ee6eb40-881c-4928-a036-58a8df0e8f95",
        "relationship--a06533f5-02f9-4246-9315-0fa8df3465e0",
        "relationship--a5bb3ddf-446a-42c4-b522-112ad643c678",
        "relationship--af74a9b1-6c74-45b6-a21d-38686afb202c",
        "relationship--b2848d62-76a1-465c-b12e-7dc3113e6bbe",
        "relationship--b35cd29e-1439-4f7a-a81e-44d4db29cd8b",
        "relationship--b75e158b-3c2e-425d-a14e-84a974d86c8c",
        "relationship--bfbabaff-1918-4a35-b5ab-8aa981e50027",
        "relationship--c13bc6b0-a8fa-4c52-9774-3738a5f1ce90",
        "relationship--ca38f31f-3551-49e3-835b-588693a8b512",
        "relationship--d21527b8-a8c8-4c95-9061-21c49155232e",
        "relationship--db0f9f05-6f76-47c3-81bf-a59d85045188",
        "relationship--e61e5dc3-b6ac-4909-b188-eaede02385df",
        "relationship--e6b9c4c1-3b84-4957-8533-f96a92dcab2a",
        "relationship--e9b71895-a9d2-4023-930b-4204f6c2d325",
        "relationship--ec55cdc1-8ca2-42c9-a1d9-9755d24bc294",
        "relationship--f4a65903-0b28-4e52-ad3b-bb7c55772509",
        "relationship--f7f947cd-6e0c-499c-8cdf-293e38657e31"
    ],
    "graph_nodes": [
        {
            "count": 37,
            "id": 0,
            "texts": [
                "WIRTE",
                "Silence",
                "PingPull",
                "Emotet",
                "StrongPity",
                "PoetRAT",
                "GoldenSpy",
                "SUGARUSH",
                "threat actors",
                "ports",
                "HOPLIGHT",
                "ZxShell",
                "MoonWind",
                "threat actors",
                "HARDRAIN",
                "OSX_OCEANLOTUS.D",
                "Metamorfo",
                "BendyBear",
                "Sandworm Team",
                "TEMP.Veles",
                "FIN7",
                "njRAT",
                "Sardonic",
                "MacMa",
                "Derusbi",
                "RotaJakiro",
                "RTM",
                "BADCALL",
                "DarkVishnya",
                "TYPEFRAME",
                "APT-C-36",
                "GravityRAT",
                "APT33",
                "Bankshot",
                "RedLeaves",
                "Cyclops Blink",
                "Rocke"
            ],
            "label": "ACTOR"
        },
        {
            "count": 121,
            "id": 1,
            "texts": [
                "ports",
                "HTTPS",
                "C2",
                "port",
                "server",
                "port",
                "HTTPS",
                "C2",
                "7080",
                "20",
                "50000",
                "22",
                "443",
                "ports",
                "HTTP",
                "ports",
                "HTTP",
                "port",
                "HTTPS",
                "C2 communication",
                "TLS",
                "communications",
                "port",
                "ports",
                "HTTP",
                "network traffic",
                "C2 requests",
                "WebSocket",
                "port",
                "TCP connection",
                "C2",
                "threat actors",
                "ports",
                "47000",
                "uncommon high ports",
                "ports",
                "backdoor C2",
                "open port",
                "secure C2 communications",
                "TCP port",
                "ports",
                "HTTP/S communication",
                "protocols",
                "raw sockets",
                "ports",
                "ports",
                "non-standard TCP port",
                "HTTP",
                "32467",
                "46892",
                "ports",
                "41578",
                "RDP connections",
                "port",
                "custom binary protocol",
                "C2",
                "TCP port",
                "raw TCP",
                "port",
                "custom RC4 and XOR encrypted protocol",
                "C2",
                "port",
                "port",
                "connections",
                "SSH server",
                "port-protocol mismatches",
                "C2",
                "53",
                "4444",
                "8531",
                "443",
                "80",
                "ports",
                "50501",
                "8080",
                "port",
                "port-protocol mismatches",
                "C2 traffic",
                "port",
                "HTTP C2 communications",
                "port",
                "C2s",
                "custom binary protocol",
                "TCP port",
                "C2 Communication",
                "unencrypted HTTP",
                "port",
                "C2",
                "TCP port",
                "custom binary protocol",
                "Port",
                "TCP ports",
                "C2",
                "HTTP",
                "ports",
                "HTTP",
                "C2",
                "port",
                "port",
                "ports",
                "ports",
                "shellcode C2",
                "ports",
                "port",
                "C2 communications",
                "TCP port",
                "non-standard port",
                "HTTP",
                "TCP ports",
                "HTTP",
                "C2",
                "port",
                "HTTP traffic",
                "non-standard ports",
                "995",
                "HTTP",
                "C2",
                "non-standard ports",
                "C2",
                "C2",
                "port"
            ],
            "label": "NETWORK"
        },
        {
            "count": 41,
            "id": 2,
            "texts": [
                "2087",
                "7080",
                "20",
                "50000",
                "22",
                "443",
                "ports",
                "addition",
                "/",
                "S.",
                "9002",
                "33666",
                "8090",
                "47000",
                "uncommon high ports",
                "ports",
                "53",
                "8080",
                "e.g 14146",
                "which",
                "32467",
                "46892",
                "ports",
                "41578",
                "group",
                "53",
                "4444",
                "8531",
                "443",
                "80",
                "ports",
                "50501",
                "8080",
                "which",
                "8000",
                "4444",
                "8080",
                "8443",
                "880",
                "non-standard ports",
                "995"
            ],
            "label": "OTHER"
        },
        {
            "count": 6,
            "id": 3,
            "texts": [
                "data",
                "files",
                "backdoor configuration",
                "ordered port numbers",
                "data",
                "Newer versions"
            ],
            "label": "DATA"
        },
        {
            "count": 3,
            "id": 4,
            "texts": [
                "system",
                "hosts",
                "compromised host"
            ],
            "label": "COMPONENT"
        },
        {
            "count": 1,
            "id": 5,
            "texts": [
                "client"
            ],
            "label": "USER"
        },
        {
            "count": 15,
            "id": 6,
            "texts": [
                "FakeTLS method",
                "APT32 backdoor",
                "FakeTLS method",
                "Lazarus Group malware",
                "VNC module",
                "Magic Hound malware",
                "TrickBot samples",
                "TrickBot",
                "QuasarRAT",
                "TCP callbacks",
                "FakeTLS method",
                "shellcode listeners",
                "FakeTLS method",
                "FakeTLS method",
                "miner"
            ],
            "label": "FUNCTION"
        }
    ],
    "graph_edges": [
        {
            "id": "0_1",
            "source": 0,
            "dest": 1,
            "count": 68
        },
        {
            "id": "0_2",
            "source": 0,
            "dest": 2,
            "count": 12
        },
        {
            "id": "1_2",
            "source": 1,
            "dest": 2,
            "count": 11
        },
        {
            "id": "0_3",
            "source": 0,
            "dest": 3,
            "count": 1
        },
        {
            "id": "3_4",
            "source": 3,
            "dest": 4,
            "count": 1
        },
        {
            "id": "3_5",
            "source": 3,
            "dest": 5,
            "count": 1
        },
        {
            "id": "3_1",
            "source": 3,
            "dest": 1,
            "count": 3
        },
        {
            "id": "2_1",
            "source": 2,
            "dest": 1,
            "count": 7
        },
        {
            "id": "2_3",
            "source": 2,
            "dest": 3,
            "count": 2
        },
        {
            "id": "2_0",
            "source": 2,
            "dest": 0,
            "count": 1
        },
        {
            "id": "1_0",
            "source": 1,
            "dest": 0,
            "count": 1
        },
        {
            "id": "0_6",
            "source": 0,
            "dest": 6,
            "count": 7
        },
        {
            "id": "6_1",
            "source": 6,
            "dest": 1,
            "count": 13
        },
        {
            "id": "6_2",
            "source": 6,
            "dest": 2,
            "count": 1
        },
        {
            "id": "0_4",
            "source": 0,
            "dest": 4,
            "count": 1
        },
        {
            "id": "6_3",
            "source": 6,
            "dest": 3,
            "count": 1
        },
        {
            "id": "1_6",
            "source": 1,
            "dest": 6,
            "count": 4
        },
        {
            "id": "1_3",
            "source": 1,
            "dest": 3,
            "count": 1
        },
        {
            "id": "3_6",
            "source": 3,
            "dest": 6,
            "count": 1
        },
        {
            "id": "1_4",
            "source": 1,
            "dest": 4,
            "count": 1
        },
        {
            "id": "6_0",
            "source": 6,
            "dest": 0,
            "count": 1
        }
    ],
    "verbs": {
        "over": 35,
        "use": 42,
        "for": 40,
        "send": 2,
        "about": 1,
        "from": 1,
        "to": 3,
        "in": 7,
        "associate with": 4,
        "encrypt": 1,
        "as": 2,
        "download": 1,
        "with": 8,
        "by": 1,
        "communicate": 3,
        "open": 1,
        "establish": 1,
        "on": 9,
        "accept": 1,
        "of": 3,
        "during": 2,
        "choose": 1,
        "create": 1,
        "utilize": 1
    }
}