{
    "id": "T1573.001",
    "tech_id": "T1573.001",
    "tech_name": "Symmetric Cryptography",
    "best_phrases": [],
    "tactics": [
        "TA0011"
    ],
    "features": [
        "ENCRYPTION",
        "NETWORK",
        "FUNCTION",
        "DATA",
        "COMPONENT",
        "VULNERABILITY"
    ],
    "locations": [
        "Linux",
        "Windows",
        "macOS"
    ],
    "procedures": [
        "relationship--0245022b-05ac-4d66-ae9f-e4c2f604c07a",
        "relationship--0335dd7e-1f5e-4068-b680-197de6c0af68",
        "relationship--03927dc7-2ef0-43e4-ad71-94243e29bca4",
        "relationship--089ad94f-daa3-437d-931a-9fc2b782595c",
        "relationship--0d3e115b-ff08-4bff-8802-be3d21cec68f",
        "relationship--0e630f6b-8662-4ffe-b666-709e17aad69f",
        "relationship--122e6f20-ab3b-4bf0-bef1-0372399bee7c",
        "relationship--140046d6-8cb6-4a09-bd74-fd7696ac4247",
        "relationship--14568d94-858d-4b8a-af94-88cd17f6ab10",
        "relationship--180f0c7c-c7bb-4131-b831-f406ee0516e2",
        "relationship--19c33297-1efd-4489-b09c-a4230ce194f4",
        "relationship--1a028242-1896-4867-a691-c97867f1663d",
        "relationship--1a20c3db-a33c-4129-9fad-3f5605c0cbcb",
        "relationship--1b418159-e33b-407e-9849-1ebeddaa4074",
        "relationship--1ba38510-0489-4305-944f-451e6869b30f",
        "relationship--1bc5328a-e079-4478-9d04-d840626d4976",
        "relationship--1ca66056-792e-4e19-8742-a782d87806e4",
        "relationship--1ccef9f1-9fb4-460d-81a9-e0353e9440bd",
        "relationship--1de3d895-7bf9-4b60-b819-d49b31a26b38",
        "relationship--1e05bf60-ac1b-4497-a9bc-55eff65cf927",
        "relationship--1e3a1ea2-55fb-4abc-970a-e384b4c7d314",
        "relationship--21717b6b-1fc6-4619-9877-bb36237a8efd",
        "relationship--2315fa7f-2161-45c1-9f23-d47a96488465",
        "relationship--25d4fa6d-4f88-4604-8b9f-cce6f3b5ae4d",
        "relationship--2624fd3f-9282-4080-bace-6a673fd31b9f",
        "relationship--28b3fb26-c7f8-481d-8424-895953bfb492",
        "relationship--2b454322-5ad5-449f-86c9-092867acd51c",
        "relationship--2c29e6cf-a177-4578-bf1f-fd73ae254edd",
        "relationship--2c339e33-c290-42bc-9f2c-056aa0a321d8",
        "relationship--2d8cdbf3-1be2-4e64-ba18-f8b65fcbae8f",
        "relationship--2f3ff7c9-ea14-45ad-b295-6f2f3c40cff7",
        "relationship--30da2329-c7ee-4ac9-a38d-af79e6c1389c",
        "relationship--336e0a87-8ee2-420d-8fb8-10ea2c015723",
        "relationship--339746da-8c6e-4273-8e17-895d3b50fe4d",
        "relationship--34e75ef5-b2de-41dc-96d3-2c5388c570be",
        "relationship--34e9fc0a-75b9-4100-91ef-30ca3225958a",
        "relationship--35f02c40-d46f-44fa-8ba2-5106357494b4",
        "relationship--3658d2f3-25f5-404a-bf0b-7c5fce9978f6",
        "relationship--3671c28f-927b-40e0-ba75-079c0aafea5b",
        "relationship--36b2817e-5f07-4f70-927c-8e04b955d5a3",
        "relationship--39cf6431-f800-4911-8434-49ce1b2874f1",
        "relationship--3a11eb81-545a-4153-8c3b-feb47db1f288",
        "relationship--3db5259f-5426-4c47-8fc3-44118f63f985",
        "relationship--3ebc8829-f260-4d75-817a-cd23a4ebb194",
        "relationship--4153632f-9ac5-4f8b-af83-b4b089ce5429",
        "relationship--4256a056-d15a-4323-8e04-92e623d5e899",
        "relationship--47b5c142-c0e5-4754-ae7f-b95bf01d3a5b",
        "relationship--4b5540e5-eac1-40f4-93d0-155f60e9395a",
        "relationship--4b6bee9b-469e-48ce-84fa-5322de03470a",
        "relationship--4b70ec83-7488-4b4e-bd0b-58fb45da3a15",
        "relationship--4c06e313-2cde-494c-a8dc-449649a1afa6",
        "relationship--4c131eaa-c7c1-4c17-bcab-25cdf35e743c",
        "relationship--4d6a3a5b-58c2-4dab-8710-fe7e6b893f98",
        "relationship--4e5dff55-c686-4fa6-bad1-caa8507083d9",
        "relationship--53da7e18-3812-47d5-a8de-af49e84f796a",
        "relationship--5a347320-15ce-40b9-8b9f-05f7c0c3ff9c",
        "relationship--5ac475f9-f253-44db-861e-c7303961aa6c",
        "relationship--5b3d2b2f-73f4-4fef-9cb9-b11db3eb4c4f",
        "relationship--603d13cd-f6f7-4321-99db-3d3326878de4",
        "relationship--609d3d8c-1995-43ef-a102-a39d668a774d",
        "relationship--639a960d-8cc1-4f6f-aca1-cf3c6445d056",
        "relationship--64eefbfb-5241-4325-919d-4739504644c2",
        "relationship--6613ed52-5c6c-43f2-bd0c-9809769cb022",
        "relationship--670d65e8-59a9-46ae-bdb6-6cb94a0528ba",
        "relationship--71bb09bc-0405-43ed-9848-bf685234c670",
        "relationship--73da57b5-e64f-44ee-85f7-d294c21fb534",
        "relationship--73fa4b5d-e75f-4050-b7aa-d003b3a31bf3",
        "relationship--773ba80b-0dbc-4ed9-9fbb-bcfef08da01d",
        "relationship--77bcb339-4a2f-4fa6-9145-c653000952dc",
        "relationship--78665233-dd3d-4a86-981f-4342e4e0cbee",
        "relationship--78adc73a-0f8c-498e-9451-7f9081f81595",
        "relationship--7a41dd37-a5a0-4469-9ed9-74eb8ac57af3",
        "relationship--7cb48d6d-1171-4e9d-87c7-4779293f6921",
        "relationship--7e80ade6-a566-4e2b-b2e4-021f9dd6889a",
        "relationship--7feb6ceb-8a7c-45a9-902a-9b9c2c9a5e2c",
        "relationship--805f7ba3-a904-410c-b9fd-20356c595b19",
        "relationship--846c52e8-41dc-4fe1-ab99-53d280d21748",
        "relationship--85a92b0f-f8c3-41a9-a1b3-cfbf8b442b39",
        "relationship--86db4034-d33f-4067-b133-70ea904fa461",
        "relationship--87480e5f-2284-43cb-86e6-01c0c49c2c23",
        "relationship--87fb2671-e71a-4630-bde2-67e546fdeaa6",
        "relationship--8c418cb5-2cff-45f9-ad5d-b8b65cde713c",
        "relationship--8d12dc63-d18a-43ef-b4bb-f4e9f67d2251",
        "relationship--8d75c103-c7d8-44cd-afb6-f36f763c031f",
        "relationship--8df1a464-9623-46bf-b23b-0430aa0a8c44",
        "relationship--8fd3fb7d-29be-4199-87e4-6fb270925ab1",
        "relationship--90c3e922-1a21-4dc1-ad89-a72e013b5977",
        "relationship--90ca7f0e-f0fd-47d5-9d40-8ae6d77c0897",
        "relationship--9253e8b3-9fbb-4149-a2e4-60d36c006ba6",
        "relationship--93f51dcb-f2cf-4aa2-880d-c2b9388252ff",
        "relationship--96fad0c2-f880-4fab-8aee-5573e1737dd8",
        "relationship--9bfcecc9-1a59-427c-9189-59a19c58e201",
        "relationship--9ce0b5a6-b0e8-45b3-9c5c-bbb6b891a216",
        "relationship--a392aa7e-b3ce-477c-acfc-e0f6b1d38556",
        "relationship--a5f33976-796d-46b8-9c5f-5545ef25c03f",
        "relationship--a7cb0193-e854-4361-b1a1-fc4e68354c59",
        "relationship--a9bd68ed-2602-4225-838e-2d9b7f8761b4",
        "relationship--aa56ecfa-9eaf-457c-b46c-0710a0c8ff7c",
        "relationship--abf2a4b0-d0d7-4f13-9b7c-647abc3694e2",
        "relationship--af052dd3-641e-4954-a08f-74d56ad29b53",
        "relationship--b41c9b77-536b-49bc-8cb9-a873aa121002",
        "relationship--b5cbd882-e5dc-468e-b853-5e6e24583741",
        "relationship--b644de55-05f0-4e2e-93ee-db7915097ed1",
        "relationship--b85998e0-9f93-4cb3-a1cf-64e510b109c4",
        "relationship--b947983f-2c0a-4082-b102-8f8497e2b045",
        "relationship--b94e707d-b2f8-4b68-acac-44d3777dd93f",
        "relationship--bc4b8f68-3570-474e-8157-225afddda463",
        "relationship--bcc48bba-95a6-465b-ad37-90e2faee5707",
        "relationship--bf8ae26c-c28c-4de7-a3e2-ad1a2851c1c0",
        "relationship--bfe30cdf-a0c8-440d-b471-d9fef00c559b",
        "relationship--c08ef8e9-9e12-4bb2-9e6a-061934f33ea0",
        "relationship--c420d58d-2a7e-4eef-a12d-d37e4c9fc9b4",
        "relationship--c7aa0575-5434-4a42-ae9d-9a7a52eac99b",
        "relationship--c8d0e862-20af-4f9f-84e8-0419c8080008",
        "relationship--c945e5f2-5622-46ce-8b35-468d41d2af46",
        "relationship--ca8ed9e2-f7a6-4d54-b450-94c187b1f9b6",
        "relationship--cd89dfdb-5c48-4a91-ba2f-e3c6e74c5094",
        "relationship--ce43264e-ab32-45a7-898f-0320c477c581",
        "relationship--ce9dbe5b-1b16-41d6-a7af-a2a1b33c4552",
        "relationship--cf8f6cd4-cd87-430b-b286-3790c5a97efa",
        "relationship--d6a29b67-d323-4579-9c8e-1c95a0ea7c20",
        "relationship--d7cdf423-5fed-4402-b970-f6cf2d8df2bb",
        "relationship--d7f3c107-cf9c-4cb3-9d58-56199962e8c5",
        "relationship--d8f14118-ba84-44b0-a0b6-ad2348e42906",
        "relationship--e053cb07-3e4d-41a1-85a6-38cd2ac0e6ea",
        "relationship--e08a510f-65b2-4676-9667-848166ba22b4",
        "relationship--e0d5dda2-3fc1-4dde-aebe-fb6e31023195",
        "relationship--e1e07e90-7012-4a38-82b4-e521ef21e8d9",
        "relationship--e2f9132b-cb32-4b39-8d6d-fec48be3e92f",
        "relationship--e376d1ed-a35a-47c1-98c6-4d37f52b1b84",
        "relationship--e4fa961c-e72b-47b3-b0fb-8051f9ca4d63",
        "relationship--ea2f41fe-0701-4607-aa70-d6531c7461c6",
        "relationship--ec4d07a2-8c8b-4df8-bb9e-b8c3e23d8dc5",
        "relationship--eeccfd34-bc7a-4a94-bc27-3f5f20063ee7",
        "relationship--f02f0a58-a76b-4966-8717-8a9b40b07e81",
        "relationship--f09f6c15-193c-406a-ab64-bf730d83f39f",
        "relationship--f29a3a93-e697-4d6f-8087-eec72856bae5",
        "relationship--f4e53b40-abcf-4157-9e53-4ab9632619f1",
        "relationship--f6ae27d6-5391-467d-a25d-e4172daa963d",
        "relationship--f874b527-e973-40f2-89cb-2c7feab5b6b4",
        "relationship--fa035513-59b6-4f54-8b85-13ec08849453",
        "relationship--fa426e9e-7e77-4c1b-b03c-00a4ae45ac6c",
        "relationship--fa44e12d-d936-47ba-8fb4-1c9775c08658",
        "relationship--fa50bbff-2f2f-47a8-b295-588e61b76a77",
        "relationship--fbae4191-679a-45b2-8ebb-8adb5348f4d0",
        "relationship--ffe85478-e3ed-4856-b4ae-03a7b693e381"
    ],
    "graph_nodes": [
        {
            "count": 127,
            "id": 0,
            "texts": [
                "Dridex",
                "SMOKEDHAM",
                "ChChes",
                "gh0st RAT",
                "BLINDINGCAN",
                "ZeroT",
                "Mafalda",
                "H1N1",
                "InvisiMole",
                "SysUpdate",
                "Prikormka",
                "NETEAGLE",
                "Machete",
                "Azorult",
                "Sys10",
                "Elise",
                "Pandora",
                "BADNEWS",
                "NDiskMonitor",
                "Nebulae",
                "RainyDay",
                "CHOPSTICK",
                "Mustang Panda",
                "SodaMaster",
                "Comnie",
                "QUIETCANARY",
                "Sardonic",
                "Darkhotel",
                "Attor",
                "Lurid",
                "Hikit",
                "StrifeWater",
                "Chaos",
                "LightNeuron",
                "CallMe",
                "POWERTON",
                "KONNI",
                "BADCALL",
                "SUNBURST",
                "More_eggs",
                "NETWIRE",
                "Helminth",
                "HotCroissant",
                "Bonadan",
                "FatDuke",
                "Mongall",
                "Lucifer",
                "Taidoor",
                "Hi-Zor",
                "FALLCHILL",
                "Lazarus Group",
                "Mosquito",
                "Dipsind",
                "CharmPower",
                "WarzoneRAT",
                "Uroburos",
                "SideTwist",
                "OSX_OCEANLOTUS.D",
                "QakBot",
                "Lazarus Group",
                "Cardinal RAT",
                "Sakula",
                "ZIRCONIUM",
                "Volgmer",
                "httpclient",
                "HiddenWasp",
                "MoonWind",
                "RDAT",
                "GrimAgent",
                "4H RAT",
                "TrickBot",
                "Stuxnet",
                "RotaJakiro",
                "Torisma",
                "Ebury",
                "attacker",
                "XCSSET",
                "Bazar",
                "Rifdoor",
                "attacker",
                "BBSRAT",
                "MuddyWater",
                "Explosive",
                "RTM",
                "LookBack",
                "TAINTEDSCRIBE",
                "Kobalos",
                "SombRAT",
                "WellMess",
                "Downdelph",
                "BendyBear",
                "attacker",
                "HyperStack",
                "PlugX",
                "Gazer",
                "NanoCore",
                "Derusbi",
                "Carbanak",
                "xCaon",
                "Okrum",
                "Higaisa",
                "PoisonIvy",
                "Bumblebee",
                "GreyEnergy",
                "RedLeaves",
                "FlawedAmmyy",
                "Epic",
                "TSCookie",
                "Cobalt Strike",
                "APT12",
                "Inception",
                "Daserf",
                "KEYMARBLE",
                "Bandook",
                "APT33",
                "PLAINTEE",
                "FoggyWeb",
                "metaMain",
                "APT28",
                "BRONZE BUTLER",
                "Metamorfo",
                "SNUGRIDE",
                "PLEAD",
                "threat actors",
                "Woody RAT",
                "CosmicDuke",
                "PingPull"
            ],
            "label": "ACTOR"
        },
        {
            "count": 123,
            "id": 1,
            "texts": [
                "traffic",
                "C2 traffic",
                "C2 communications",
                "C2 communications",
                "C2 traffic",
                "HTTP C2 channel",
                "C2 traffic",
                "C2",
                "C2 communications",
                "C2 domain",
                "C2 traffic",
                "communications",
                "C2 channel",
                "C2 communications",
                "communications",
                "C2 communications",
                "C2 traffic",
                "reverse shell connection",
                "TCP",
                "C2 traffic",
                "C2 traffic",
                "C2 communications",
                "HTTP",
                "network communication",
                "network communications",
                "them",
                "C2 communications",
                "wire",
                "initial C2 request",
                "C2 traffic",
                "C2",
                "C2",
                "C2",
                "C2 communications",
                "C2",
                "server",
                "C2 response",
                "subsequent network communications",
                "C2 traffic",
                "C2 traffic",
                "C2 communication",
                "C2 traffic",
                "C2 traffic",
                "C2 traffic",
                "C2 traffic",
                "AES encrypted communications",
                "C2",
                "C2 communications",
                "files",
                "traffic",
                "network communication",
                "C2 traffic",
                "C2 communications",
                "C2",
                "C2 address",
                "C2 communication",
                "custom TCP protocol",
                "C2",
                "C2",
                "C2",
                "C2 traffic",
                "C2s",
                "C2s",
                "servers",
                "C2 communication",
                "C2 communications",
                "C2 traffic",
                "client IP address",
                "C2",
                "TCP",
                "C2 communications",
                "protocol",
                "C2 communications",
                "Hydraq C2 traffic",
                "HTTP",
                "C2 responses",
                "C2",
                "communications",
                "C2 traffic",
                "post-authentication communication channel",
                "inbound and outbound traffic",
                "C2 communications",
                "C2 responses",
                "port",
                "C2",
                "PipeMon communications",
                "C2 communications",
                "C2",
                "C2 traffic",
                "C2 traffic",
                "HTTP traffic",
                "network traffic",
                "C2",
                "C2 traffic",
                "communications",
                "C2 requests",
                "responses",
                "communications",
                "C2 message exchange",
                "C2 traffic",
                "C2",
                "network communications",
                "Komplex C2 channel",
                "SeaDuke C2 traffic",
                "HTTP",
                "encrypted network communications",
                "HTTP traffic",
                "C2 communications",
                "C2 communication",
                "C2 responses",
                "C2 traffic",
                "C2 communications",
                "C2",
                "C2 communications",
                "HTTP traffic",
                "C2",
                "C2 traffic",
                "CORESHELL C2 messages",
                "C2 communications",
                "C2 traffic",
                "C2",
                "C2",
                "C2 communications"
            ],
            "label": "NETWORK"
        },
        {
            "count": 167,
            "id": 2,
            "texts": [
                "RC4",
                "XOR",
                "RC4 key",
                "RC4",
                "AES",
                "DES",
                "Blowfish cipher",
                "key",
                "CBC mode",
                "8-byte XOR key",
                "RC4",
                "key",
                "ScoutEagle",
                "AES",
                "XOR",
                "XOR cipher",
                "RC4",
                "RC4",
                "D3DES",
                "ROR",
                "XOR",
                "AES",
                "XOR",
                "RC4",
                "RC4 key",
                "3DES",
                "AES-256",
                "generated Blowfish (OFB) key",
                "public RSA key",
                "XOR encryption",
                "XOR",
                "coded key",
                "AES",
                "XOR/ADD cipher",
                "single-byte-XOR cipher",
                "AES encryption",
                "RC4",
                "AES",
                "hardcoded pre-shared key",
                "custom stream cipher",
                "decremental-xor encryption",
                "RC4",
                "XOR",
                "distinct single-byte keys",
                "RC4 encryption",
                "AES key",
                "XOR",
                "stream",
                "AES256",
                "ECB mode",
                "substitution cipher",
                "RC4",
                "key",
                "key",
                "http2 or tcp encryption",
                "generated key",
                "AES",
                "null initialization vector",
                "key",
                "CBC mode",
                "encryption key",
                "custom encryption cipher",
                "XOR key",
                "bit rotation",
                "YHCRA",
                "RC4",
                "XOR",
                "Caracachs encryption",
                "AES",
                "secret key",
                "XOR",
                "addition operations",
                "single-byte XOR keys",
                "AES encryption",
                "decryption",
                "XOR cipher",
                "XOR",
                "RC4",
                "static key",
                "AES key",
                "AES ciphertext",
                "encrypt key",
                "hard-coded keys",
                "1-byte XOR",
                "key",
                "0xBE",
                "four-byte XOR",
                "custom crypter",
                "CryptoAPI",
                "bcrypt",
                "RC4",
                "hard-coded key",
                "byte 0xFF XOR key",
                "XOR",
                "VEST-32",
                "ZLIB compression",
                "AES",
                "ROTATE encryption",
                "RC4 encryption",
                "XOR encryption",
                "AES-CBC",
                "stream cipher",
                "AES",
                "3DES",
                "RC4",
                "network encryption",
                "RC4",
                "AES",
                "RC6",
                "generated AES key",
                "coded RSA public key",
                "RC4",
                "RC4 encryption",
                "RSA encryption",
                "custom encryption",
                "3DES",
                "DES",
                "variable 4-byte XOR keys",
                "RC2",
                "XOR",
                "CBC mode",
                "random keys",
                "XOR key",
                "AES",
                "key",
                "AES-128",
                "Camellia cipher",
                "RC4",
                "AES256",
                "AES-GCM-256",
                "RC4",
                "keys",
                "88888888",
                "babybear",
                "SEAL encryption",
                "hardcoded key",
                "RC4",
                "XOR",
                "AES-256 symmetric encryption",
                "HMAC-SHA-256",
                "CBC mode",
                "RC4",
                "RC4",
                "AES",
                "RC4 encryption",
                "AES encryption",
                "AES",
                "encryption",
                "XOR",
                "custom XOR methodology",
                "dynamic XOR key",
                "RC4 encryption",
                "AES",
                "AES-256",
                "AES",
                "static key",
                "RC4 encryption",
                "custom stream ciphers",
                "six-byte or eight-byte keys",
                "AES",
                "AES",
                "keys",
                "AES-CBC",
                "encrypted RC4 byte stream",
                "AES-CBC",
                "AES",
                "PKCS5"
            ],
            "label": "ENCRYPTION"
        },
        {
            "count": 81,
            "id": 3,
            "texts": [
                "variations",
                "XOR encryption routine",
                "3PARA RAT C2 commands",
                "DES algorithm",
                "3PARA RAT",
                "HTTP requests",
                "Bisonal variants",
                "Bisonal samples",
                "XOR 0x1 loop",
                "Winnti",
                "RC4-based encryption method",
                "QuasarRAT",
                "custom encryption algorithm",
                "modules",
                "HAMMERTOSS commands",
                "investigator",
                "commands",
                "tweet",
                "intended malware sample",
                "image file",
                "command",
                "null initialization vector",
                "key",
                "beacon",
                "variant",
                "Emissary",
                "variants",
                "XOR operations",
                "variant",
                "FakeM",
                "XOR key",
                "bit rotation",
                "XOR operation",
                "variants",
                "custom code",
                "ADD operation",
                "SUB operation",
                "Lazarus Group malware",
                "XOR",
                "addition operations",
                "Awen web shell",
                "RC4-like algorithm",
                "UPPERCUT",
                "Winnti",
                "Stealth Falcon malware",
                "payload",
                "implant",
                "custom encryption algorithm",
                "variant",
                "ADVSTORESHELL",
                "RC4 method",
                "custom RC4 variant",
                "data transfer",
                "Linear Feedback Shift Register (LFSR) algorithm",
                "registration phase",
                "Sliver",
                "initial C2 handshake",
                "commands",
                "11-byte XOR algorithm",
                "task commands",
                "configuration data",
                "shell code",
                "RIPTIDE RAT",
                "payload",
                "customized XOR algorithm",
                "IceApple Result Retriever module",
                "C2 beacons",
                "custom XOR methodology",
                "dynamic XOR key",
                "RC4 encryption algorithm",
                "Delphi backdoor",
                "custom algorithm",
                "RarStar",
                "tool",
                "Datper malware",
                "xxmm malware",
                "C2 commands",
                "modules",
                "Felismus samples",
                "custom encryption method",
                "RC4 algorithm"
            ],
            "label": "FUNCTION"
        },
        {
            "count": 67,
            "id": 4,
            "texts": [
                "MD5 hash",
                "string",
                "HYF54&%9&jkMCXuiS.",
                "HYF54&%9&jkMCXuiS",
                "resources",
                "documents",
                "exfiltrated data",
                "C2 data",
                "information",
                "data",
                "C2 data",
                "data",
                "message body",
                "HTTP content",
                "C2 data",
                "XOR",
                "stream",
                "C2 data",
                "password",
                "warzone160\\x00",
                "hard-coded value",
                "string",
                "tweet",
                "day",
                "access",
                "tweet",
                "intended malware sample",
                "image file",
                "day",
                "data",
                "incoming and outgoing data",
                "data",
                "32 bytes",
                "36-character GUID value",
                "strings",
                "Lazarus Group malware families",
                "version",
                "files",
                "traffic",
                "C2 content",
                "byte",
                "computed PRGA generated key-stream",
                "versions",
                "hard-coded string",
                "versions",
                "31-byte long static byte string",
                "data",
                "system information",
                "hexadecimal string",
                "data stream",
                "data",
                "modified version",
                "32-byte-long password",
                "HTTP POST data",
                "modified RC4 and XOR-encrypted chunks",
                "message body",
                "data",
                "session key",
                "data",
                "configuration data",
                "shell code",
                "data",
                "data",
                "AES-CBC",
                "encrypted RC4 byte stream",
                "data",
                "custom version"
            ],
            "label": "DATA"
        },
        {
            "count": 2,
            "id": 5,
            "texts": [
                "Windows",
                "Linux"
            ],
            "label": "COMPONENT"
        },
        {
            "count": 25,
            "id": 6,
            "texts": [
                "3",
                "0x23",
                "which",
                "8338",
                "/",
                "which",
                "session layer",
                "CAST-128",
                "IV",
                "that",
                "that",
                "Volt Typhoon",
                "that",
                "0x12",
                "this",
                "Microsoft",
                "responses",
                "replies",
                "C2 requests",
                "responses",
                "88888888",
                "babybear",
                "which",
                "that",
                "cipher block chaining (CBC) mode"
            ],
            "label": "OTHER"
        },
        {
            "count": 1,
            "id": 7,
            "texts": [
                "programming error"
            ],
            "label": "VULNERABILITY"
        }
    ],
    "graph_edges": [
        {
            "id": "0_1",
            "source": 0,
            "dest": 1,
            "count": 73
        },
        {
            "id": "0_2",
            "source": 0,
            "dest": 2,
            "count": 84
        },
        {
            "id": "1_2",
            "source": 1,
            "dest": 2,
            "count": 23
        },
        {
            "id": "0_3",
            "source": 0,
            "dest": 3,
            "count": 25
        },
        {
            "id": "3_1",
            "source": 3,
            "dest": 1,
            "count": 20
        },
        {
            "id": "3_2",
            "source": 3,
            "dest": 2,
            "count": 19
        },
        {
            "id": "2_4",
            "source": 2,
            "dest": 4,
            "count": 8
        },
        {
            "id": "0_4",
            "source": 0,
            "dest": 4,
            "count": 30
        },
        {
            "id": "4_3",
            "source": 4,
            "dest": 3,
            "count": 10
        },
        {
            "id": "2_1",
            "source": 2,
            "dest": 1,
            "count": 17
        },
        {
            "id": "4_2",
            "source": 4,
            "dest": 2,
            "count": 16
        },
        {
            "id": "3_5",
            "source": 3,
            "dest": 5,
            "count": 2
        },
        {
            "id": "2_6",
            "source": 2,
            "dest": 6,
            "count": 5
        },
        {
            "id": "4_1",
            "source": 4,
            "dest": 1,
            "count": 17
        },
        {
            "id": "6_2",
            "source": 6,
            "dest": 2,
            "count": 6
        },
        {
            "id": "1_6",
            "source": 1,
            "dest": 6,
            "count": 3
        },
        {
            "id": "3_4",
            "source": 3,
            "dest": 4,
            "count": 9
        },
        {
            "id": "6_4",
            "source": 6,
            "dest": 4,
            "count": 3
        },
        {
            "id": "1_4",
            "source": 1,
            "dest": 4,
            "count": 6
        },
        {
            "id": "0_6",
            "source": 0,
            "dest": 6,
            "count": 4
        },
        {
            "id": "4_6",
            "source": 4,
            "dest": 6,
            "count": 4
        },
        {
            "id": "1_3",
            "source": 1,
            "dest": 3,
            "count": 4
        },
        {
            "id": "2_3",
            "source": 2,
            "dest": 3,
            "count": 10
        },
        {
            "id": "6_1",
            "source": 6,
            "dest": 1,
            "count": 4
        },
        {
            "id": "4_0",
            "source": 4,
            "dest": 0,
            "count": 1
        },
        {
            "id": "6_3",
            "source": 6,
            "dest": 3,
            "count": 2
        },
        {
            "id": "1_0",
            "source": 1,
            "dest": 0,
            "count": 1
        },
        {
            "id": "3_0",
            "source": 3,
            "dest": 0,
            "count": 1
        },
        {
            "id": "4_7",
            "source": 4,
            "dest": 7,
            "count": 1
        }
    ],
    "verbs": {
        "encrypt": 79,
        "with": 91,
        "use": 100,
        "for": 42,
        "of": 25,
        "within": 1,
        "in": 11,
        "derive from": 3,
        "decrypt": 2,
        "download": 2,
        "exfiltrate": 1,
        "by": 3,
        "send over": 1,
        "perform": 2,
        "provide": 1,
        "on": 6,
        "compress": 1,
        "xor-encrypt": 1,
        "over": 6,
        "communicate": 4,
        "consist": 1,
        "send": 3,
        "compose of": 1,
        "contain on": 1,
        "need": 1,
        "to": 8,
        "contain": 3,
        "at": 2,
        "beneath": 1,
        "send to": 4,
        "send from": 1,
        "as": 2,
        "between": 1,
        "xor": 2,
        "encode": 5,
        "employ": 1,
        "be": 1,
        "have": 2,
        "obfuscate": 4,
        "sign": 1,
        "encrypt with": 2,
        "during": 2,
        "from": 4,
        "hide": 1,
        "receive": 1,
        "instal": 1,
        "post": 1,
        "utilize": 1,
        "include": 1,
        "pad with": 1
    }
}