{
    "id": "T1584.005",
    "tech_id": "T1584.005",
    "tech_name": "Botnet",
    "best_phrases": [
        "large-scale botnet",
        "Botnet"
    ],
    "tactics": [
        "TA0042"
    ],
    "features": [
        "NETWORK",
        "COMPONENT",
        "USER",
        "FUNCTION"
    ],
    "locations": [
        "PRE"
    ],
    "procedures": [
        "relationship--1e81cdcc-e258-479f-9588-3649509bfcd1",
        "relationship--324a715b-5d89-41a1-957e-3214badee119",
        "relationship--40df642d-ed7f-4b05-ac08-bdc9d4f0246a"
    ],
    "graph_nodes": [
        {
            "count": 4,
            "id": 0,
            "texts": [
                "Volt Typhoon",
                "compromised small office and home office (SOHO) network equipment",
                "many",
                "groups"
            ],
            "label": "OTHER"
        },
        {
            "count": 3,
            "id": 1,
            "texts": [
                "traffic",
                "proxy nodes",
                "Office/Home Office (SOHO) network devices"
            ],
            "label": "NETWORK"
        },
        {
            "count": 2,
            "id": 2,
            "texts": [
                "geographic area",
                "compromised machines"
            ],
            "label": "COMPONENT"
        },
        {
            "count": 1,
            "id": 3,
            "texts": [
                "victim"
            ],
            "label": "USER"
        },
        {
            "count": 2,
            "id": 4,
            "texts": [
                "Axiom",
                "Sandworm Team"
            ],
            "label": "ACTOR"
        },
        {
            "count": 1,
            "id": 5,
            "texts": [
                "large-scale botnet"
            ],
            "label": "FUNCTION"
        }
    ],
    "graph_edges": [
        {
            "id": "0_1",
            "source": 0,
            "dest": 1,
            "count": 2
        },
        {
            "id": "1_0",
            "source": 1,
            "dest": 0,
            "count": 1
        },
        {
            "id": "0_2",
            "source": 0,
            "dest": 2,
            "count": 2
        },
        {
            "id": "2_3",
            "source": 2,
            "dest": 3,
            "count": 1
        },
        {
            "id": "4_0",
            "source": 4,
            "dest": 0,
            "count": 1
        },
        {
            "id": "4_1",
            "source": 4,
            "dest": 1,
            "count": 2
        },
        {
            "id": "4_5",
            "source": 4,
            "dest": 5,
            "count": 1
        }
    ],
    "verbs": {
        "route": 1,
        "by": 1,
        "in": 1,
        "as": 3,
        "use": 2,
        "of": 1,
        "target": 1
    }
}