{
    "id": "T1584.002",
    "tech_id": "T1584.002",
    "tech_name": "DNS Server",
    "best_phrases": [],
    "tactics": [
        "TA0042"
    ],
    "features": [
        "NETWORK",
        "DATA",
        "USER"
    ],
    "locations": [
        "PRE"
    ],
    "procedures": [
        "relationship--c6a104db-515e-4878-93f1-edfc0c242af9"
    ],
    "graph_nodes": [
        {
            "count": 1,
            "id": 0,
            "texts": [
                "LAPSUS$"
            ],
            "label": "ACTOR"
        },
        {
            "count": 1,
            "id": 1,
            "texts": [
                "DNS records"
            ],
            "label": "DATA"
        },
        {
            "count": 2,
            "id": 2,
            "texts": [
                "websites",
                "domains"
            ],
            "label": "NETWORK"
        },
        {
            "count": 1,
            "id": 3,
            "texts": [
                "victim"
            ],
            "label": "USER"
        }
    ],
    "graph_edges": [
        {
            "id": "0_1",
            "source": 0,
            "dest": 1,
            "count": 1
        },
        {
            "id": "0_2",
            "source": 0,
            "dest": 2,
            "count": 1
        },
        {
            "id": "1_3",
            "source": 1,
            "dest": 3,
            "count": 1
        },
        {
            "id": "1_2",
            "source": 1,
            "dest": 2,
            "count": 1
        }
    ],
    "verbs": {
        "reconfigure": 1,
        "to": 2,
        "of": 1
    }
}