{
    "id": "T1586.003",
    "tech_id": "T1586.003",
    "tech_name": "Cloud Accounts",
    "best_phrases": [],
    "tactics": [
        "TA0042"
    ],
    "features": [
        "COMPONENT",
        "NETWORK",
        "DATA"
    ],
    "locations": [
        "PRE"
    ],
    "procedures": [
        "relationship--a4c888fc-278d-43a1-98a5-5ae1b2694b82"
    ],
    "graph_nodes": [
        {
            "count": 1,
            "id": 0,
            "texts": [
                "APT29"
            ],
            "label": "ACTOR"
        },
        {
            "count": 3,
            "id": 1,
            "texts": [
                "residential proxies",
                "Azure Virtual Machines",
                "victim environments"
            ],
            "label": "COMPONENT"
        },
        {
            "count": 2,
            "id": 2,
            "texts": [
                "residential proxies",
                "Azure Virtual Machines"
            ],
            "label": "NETWORK"
        },
        {
            "count": 1,
            "id": 3,
            "texts": [
                "access"
            ],
            "label": "DATA"
        }
    ],
    "graph_edges": [
        {
            "id": "0_1",
            "source": 0,
            "dest": 1,
            "count": 1
        },
        {
            "id": "0_2",
            "source": 0,
            "dest": 2,
            "count": 1
        },
        {
            "id": "0_3",
            "source": 0,
            "dest": 3,
            "count": 1
        },
        {
            "id": "3_1",
            "source": 3,
            "dest": 1,
            "count": 1
        }
    ],
    "verbs": {
        "use": 1,
        "obfuscate": 1,
        "to": 1
    }
}