{
    "id": "T1585.001",
    "tech_id": "T1585.001",
    "tech_name": "Social Media Accounts",
    "best_phrases": [],
    "tactics": [
        "TA0042"
    ],
    "features": [
        "DATA",
        "NETWORK",
        "USER",
        "FUNCTION"
    ],
    "locations": [
        "PRE"
    ],
    "procedures": [
        "relationship--12853add-45f8-4dfb-9d64-af39b1575dcf",
        "relationship--14fac9a8-f835-492b-b4df-32b677ac9030",
        "relationship--4269e5cb-b2ad-4757-b0b0-bfd5e8b7dc38",
        "relationship--428a1a44-f1bc-4589-94de-946233489905",
        "relationship--6514cf17-0e40-4858-bd3e-58c8fb70796a",
        "relationship--6de233bc-efe2-4dbd-b0a6-994d45f6bc23",
        "relationship--6fc8e3dd-1bb7-4e76-8a8c-9e836f944488",
        "relationship--a60c0123-95a3-4409-a60e-354e4237d6cb",
        "relationship--afaafa9d-6c93-4116-94c2-6ff11a304ed8",
        "relationship--c0807a3c-a298-47ef-8705-7d7ca55d446e",
        "relationship--e122b9fa-d722-4ee8-a5d7-0e585277676d",
        "relationship--e463f5ae-4b7a-40dd-94e1-1a04a22e5e23",
        "relationship--e562688d-a5e3-4a17-95dd-8ef7488e015e"
    ],
    "graph_nodes": [
        {
            "count": 13,
            "id": 0,
            "texts": [
                "Sandworm Team",
                "Lazarus Group",
                "EXOTIC LILY",
                "HEXANE",
                "Kimsuky",
                "Leviathan",
                "CURIUM",
                "Cleaver",
                "APT29",
                "Lazarus Group",
                "APT32",
                "Fox Kitten",
                "Magic Hound"
            ],
            "label": "ACTOR"
        },
        {
            "count": 22,
            "id": 1,
            "texts": [
                "social media accounts",
                "sensitive data",
                "victim internal-only documents",
                "fake LinkedIn accounts",
                "social media profiles",
                "fraudulent LinkedIn accounts",
                "social media accounts",
                "potential targets",
                "news and security trends",
                "social media accounts",
                "relationships",
                "Facebook",
                "fictitious social media accounts",
                "LinkedIn",
                "fake LinkedIn profiles",
                "connections",
                "profile photos",
                "details",
                "Twitter accounts",
                "Twitter accounts",
                "Twitter account",
                "fake LinkedIn and other social media accounts"
            ],
            "label": "DATA"
        },
        {
            "count": 4,
            "id": 2,
            "texts": [
                "targeting efforts",
                "fake job offers",
                "targeting efforts",
                "social engineering"
            ],
            "label": "FUNCTION"
        },
        {
            "count": 9,
            "id": 3,
            "texts": [
                "employees",
                "potential victims",
                "HR department employees",
                "potential targets",
                "news and security trends",
                "victims",
                "potential victims",
                "ransomware victims",
                "targets"
            ],
            "label": "USER"
        },
        {
            "count": 2,
            "id": 4,
            "texts": [
                "targeted companies",
                "them--by"
            ],
            "label": "OTHER"
        },
        {
            "count": 12,
            "id": 5,
            "texts": [
                "network",
                "Facebook",
                "fictitious social media accounts",
                "LinkedIn",
                "connections",
                "profile photos",
                "details",
                "C2 nodes",
                "Facebook pages",
                "fake websites",
                "messages",
                "links"
            ],
            "label": "NETWORK"
        }
    ],
    "graph_edges": [
        {
            "id": "0_1",
            "source": 0,
            "dest": 1,
            "count": 12
        },
        {
            "id": "0_2",
            "source": 0,
            "dest": 2,
            "count": 2
        },
        {
            "id": "1_2",
            "source": 1,
            "dest": 2,
            "count": 2
        },
        {
            "id": "0_3",
            "source": 0,
            "dest": 3,
            "count": 4
        },
        {
            "id": "3_4",
            "source": 3,
            "dest": 4,
            "count": 1
        },
        {
            "id": "1_3",
            "source": 1,
            "dest": 3,
            "count": 3
        },
        {
            "id": "3_2",
            "source": 3,
            "dest": 2,
            "count": 1
        },
        {
            "id": "0_5",
            "source": 0,
            "dest": 5,
            "count": 5
        },
        {
            "id": "5_1",
            "source": 5,
            "dest": 1,
            "count": 1
        },
        {
            "id": "1_5",
            "source": 1,
            "dest": 5,
            "count": 1
        },
        {
            "id": "2_3",
            "source": 2,
            "dest": 3,
            "count": 1
        },
        {
            "id": "0_4",
            "source": 0,
            "dest": 4,
            "count": 1
        }
    ],
    "verbs": {
        "establish": 5,
        "disseminate": 1,
        "create": 6,
        "for": 3,
        "mimic": 1,
        "of": 2,
        "target": 1,
        "impersonate": 1,
        "with": 3,
        "monitor": 1,
        "include": 1,
        "register": 1,
        "host": 1,
        "conduct": 1,
        "against": 1,
        "set": 1,
        "use": 1,
        "communicate": 1,
        "contact": 1,
        "convince": 2,
        "open": 1
    }
}