{
    "id": "T1584.006",
    "tech_id": "T1584.006",
    "tech_name": "Web Services",
    "best_phrases": [],
    "tactics": [
        "TA0042"
    ],
    "features": [
        "NETWORK",
        "COMPONENT"
    ],
    "locations": [
        "PRE"
    ],
    "procedures": [
        "relationship--01b5af07-512b-4b60-ba2d-5c185b80fb5f",
        "relationship--2dc666e3-b715-425c-b8b4-f3c0f7d6d8e9"
    ],
    "graph_nodes": [
        {
            "count": 2,
            "id": 0,
            "texts": [
                "Turla",
                "Earth Lusca"
            ],
            "label": "ACTOR"
        },
        {
            "count": 2,
            "id": 1,
            "texts": [
                "compromised WordPress sites",
                "C2 infrastructure"
            ],
            "label": "NETWORK"
        },
        {
            "count": 1,
            "id": 2,
            "texts": [
                "Google Drive repositories"
            ],
            "label": "COMPONENT"
        }
    ],
    "graph_edges": [
        {
            "id": "0_1",
            "source": 0,
            "dest": 1,
            "count": 2
        },
        {
            "id": "0_2",
            "source": 0,
            "dest": 2,
            "count": 1
        }
    ],
    "verbs": {
        "use": 1,
        "for": 2,
        "compromise": 1
    }
}