{
    "id": "T1589.003",
    "tech_id": "T1589.003",
    "tech_name": "Employee Names",
    "best_phrases": [],
    "tactics": [
        "TA0043"
    ],
    "features": [
        "DATA",
        "FUNCTION",
        "USER"
    ],
    "locations": [
        "PRE"
    ],
    "procedures": [
        "relationship--487ea754-d2dd-4e54-b16d-4e90d4e9bddb",
        "relationship--4e602d58-5a4f-417c-8b61-568e830411d1",
        "relationship--53608455-3b90-45b1-9006-da343efa52d4"
    ],
    "graph_nodes": [
        {
            "count": 3,
            "id": 0,
            "texts": [
                "Kimsuky",
                "Team",
                "Silent Librarian"
            ],
            "label": "ACTOR"
        },
        {
            "count": 5,
            "id": 1,
            "texts": [
                "victim employee name information",
                "data",
                "employee information",
                "lists",
                "names"
            ],
            "label": "DATA"
        },
        {
            "count": 2,
            "id": 2,
            "texts": [
                "research",
                "targeted organizations"
            ],
            "label": "OTHER"
        },
        {
            "count": 1,
            "id": 3,
            "texts": [
                "identification"
            ],
            "label": "FUNCTION"
        },
        {
            "count": 1,
            "id": 4,
            "texts": [
                "individuals"
            ],
            "label": "USER"
        }
    ],
    "graph_edges": [
        {
            "id": "0_1",
            "source": 0,
            "dest": 1,
            "count": 3
        },
        {
            "id": "2_0",
            "source": 2,
            "dest": 0,
            "count": 1
        },
        {
            "id": "2_3",
            "source": 2,
            "dest": 3,
            "count": 1
        },
        {
            "id": "3_1",
            "source": 3,
            "dest": 1,
            "count": 1
        },
        {
            "id": "1_4",
            "source": 1,
            "dest": 4,
            "count": 1
        },
        {
            "id": "4_2",
            "source": 4,
            "dest": 2,
            "count": 1
        }
    ],
    "verbs": {
        "collect": 3,
        "of": 3,
        "include": 1,
        "for": 1,
        "from": 1
    }
}