{
    "id": "T1588.002",
    "tech_id": "T1588.002",
    "tech_name": "Tool",
    "best_phrases": [
        "Tool",
        "commercial tool",
        "heyoka open source exfiltration tool",
        "remote management tool",
        "arp spoofing tool",
        "open source pcshare remote administration tool"
    ],
    "tactics": [
        "TA0042"
    ],
    "features": [
        "FUNCTION",
        "NETWORK",
        "DATA",
        "COMPONENT"
    ],
    "locations": [
        "PRE"
    ],
    "procedures": [
        "relationship--0b3809c3-78a5-4121-9b51-64a9dfa60b11",
        "relationship--0b512662-8eb8-424d-99c5-4f76d1d70276",
        "relationship--108b7d74-30a7-40ec-997e-b47c62a5f6e7",
        "relationship--1134f983-3ad3-4c79-baaa-f604ac9dc642",
        "relationship--13a41ddf-24f2-4c73-a047-7093f94a2573",
        "relationship--13b6f054-5771-43ef-84df-b05ec9001f23",
        "relationship--164bf82a-10bf-4a6d-b43c-70ff11f60229",
        "relationship--17738bdd-24b9-44d0-a897-d1b861fd2636",
        "relationship--17c0d0d3-b57d-434d-9404-1e67414a4da5",
        "relationship--1aa34972-7bed-4e2d-bf72-b7352677de60",
        "relationship--1e902f51-efe0-4848-b47a-7e1a1664b101",
        "relationship--2370fba0-1d66-4aad-ac01-fb63857b7732",
        "relationship--242de5f8-7944-4fdd-af87-a5da0050e7c3",
        "relationship--260a6771-1b29-49b6-ad42-6c43e68b11dc",
        "relationship--2a7bd59d-7905-44ae-9134-1601e636f73f",
        "relationship--321a0d18-11a6-4504-add5-8ee515a43170",
        "relationship--34ff9bfb-0b3a-4b83-af85-60700ed052f4",
        "relationship--35f5f7b9-8b86-4390-9f99-1d56aa1ae32a",
        "relationship--3a20f6f1-0e1b-4d8e-8461-eb41e4c6b5da",
        "relationship--3e6b6ed9-4c28-4dd0-903a-360f57864de4",
        "relationship--3e91f49c-5342-49d8-8105-7ab17c5ef9f4",
        "relationship--3faaf140-71cd-4cc2-91c9-f0980ca72079",
        "relationship--406e78ba-fc34-4be9-9dcc-323aad40d709",
        "relationship--41e2d922-5014-479d-85ba-da70ad6aa44b",
        "relationship--54aae76b-14fe-47e9-86c8-bd39317429c3",
        "relationship--5614b582-eeed-4a52-a2e0-2f756f03e26c",
        "relationship--59116a0e-f23b-43ec-8b25-fbad5043344a",
        "relationship--5eba2b01-da0d-4340-816b-16a4f3cc8ba6",
        "relationship--5f0b2cd5-125e-4473-8623-5f5a7dc09caf",
        "relationship--5f3f6350-5e69-4b50-a0c7-c1f04ae85976",
        "relationship--5ff56332-1e9e-4853-baae-5918e41882ac",
        "relationship--644bfb9b-0555-45e9-a967-c6bedcc05e88",
        "relationship--6c89f28c-963b-44ef-8dda-5916aa17b7e9",
        "relationship--6e20b61f-bf7e-40a3-b7b9-98d79e5a3ecd",
        "relationship--72b81f9e-8760-4d46-9ed3-4b91b12f6299",
        "relationship--7363ed1a-6f75-4ded-9179-2fdba17f6cf1",
        "relationship--747f1dcd-7af4-4a38-983b-e2d6108af677",
        "relationship--77f919ce-1a18-4ee5-9979-1c9b818ca973",
        "relationship--7b050e9f-ab8e-4860-aae9-4a37e18efbe2",
        "relationship--7b2e912e-4561-4edc-87fe-11f9e259a5a9",
        "relationship--7c240038-5599-418a-83e4-6d9962eee0bd",
        "relationship--7eecb510-7937-40d2-b491-7d9165b5afc1",
        "relationship--8019fbd7-b72e-42aa-8685-60e8138db932",
        "relationship--8127487a-15fd-4802-8537-ddb2f72e72fd",
        "relationship--83b4190b-31aa-4f90-a397-624b89fb2f6f",
        "relationship--84a7d204-857f-43dd-8876-215b7a946ed1",
        "relationship--86169d65-b154-402d-918c-4b4602d71cd0",
        "relationship--86a7e0a4-4fbd-4355-9428-f0b79249d225",
        "relationship--8b65bc11-9b56-4eca-9fa2-efb7ffcbb94b",
        "relationship--9292d1e2-562f-4cda-a5f4-4ed6406e8b78",
        "relationship--9b363538-86e1-446a-a4f8-b3045a7e8f68",
        "relationship--9bab41c7-1581-4c51-9119-6a5e29445979",
        "relationship--9e2b7623-69e9-4c03-a4da-df281e99f663",
        "relationship--a6ff725c-1c60-44dd-8f78-22f1b009bbb5",
        "relationship--a7213656-7166-4b88-8d32-f388a2ef1671",
        "relationship--a8fef3c0-796a-4995-81fe-c47336c3ddbd",
        "relationship--aa82f131-3eeb-4d1a-9f2e-bb2efcc7470b",
        "relationship--b6f6b1e0-8e37-4f0a-b506-66537d3f0ff0",
        "relationship--ba29bbf3-4947-4676-98c4-13bf6fb79ce0",
        "relationship--bfa11036-022f-49b3-a6bd-7cf2083a264e",
        "relationship--c0c1a394-23db-44cf-a922-89e10ba13ec6",
        "relationship--c298538c-bab6-4982-9b83-17f752358932",
        "relationship--c3a35bf1-acfc-4e70-8be8-db843110a142",
        "relationship--cb909b8f-59ba-4edd-ac04-7d9fafdcfe89",
        "relationship--d13e6112-7edc-4355-b7a7-a29c04016168",
        "relationship--d35934e8-c16e-4820-a0ad-88e0eff27554",
        "relationship--d970ba14-4c96-4f98-a1e1-4417f52b76f3",
        "relationship--dbcd9d76-b527-472f-8d3f-944cee432479",
        "relationship--df940d86-6586-429f-ae57-fe99da9e8edb",
        "relationship--e215f890-b524-4456-a104-64ac8abda389",
        "relationship--e2ced722-52bf-40ae-9627-99b5bf72b680",
        "relationship--e5757ac1-2887-4492-9f9e-3c5e2c9994ff",
        "relationship--e6b509c8-0e00-48ac-b76d-f42d18a0ae51",
        "relationship--e9ff50dd-6367-43b1-9f75-1dee4028df84",
        "relationship--eb6f9345-0600-4afb-99db-cdfbc0d6bc18",
        "relationship--ec8858d9-0379-4995-8873-76c8f2a2c07d",
        "relationship--f06ee9db-1a29-412f-9584-5175eff85f28",
        "relationship--f55814a0-9e57-4bf3-bc40-21e7d3fca230",
        "relationship--f9b07e52-aff8-4fad-af72-ff646495d25f",
        "relationship--fd49b386-9455-4a23-b5eb-b673e58b9d3a"
    ],
    "graph_nodes": [
        {
            "count": 74,
            "id": 0,
            "texts": [
                "Gorgon Group",
                "Process Hacker",
                "Carbanak",
                "Dragonfly",
                "Blue Mockingbird",
                "APT29",
                "APT28",
                "Thrip",
                "Cleaver",
                "threat actors",
                "Lazarus Group",
                "TEMP.Veles",
                "Whitefly",
                "PittyTiger",
                "Kimsuky",
                "Leafminer",
                "BRONZE BUTLER",
                "APT41",
                "DarkHydrus",
                "FIN6",
                "Cobalt Group",
                "Chimera",
                "Ke3chang",
                "DarkVishnya",
                "Magic Hound",
                "Threat Group-3390",
                "APT38",
                "UNC3890 actors",
                "Turla",
                "APT19",
                "threat actors",
                "Earth Lusca",
                "Inception",
                "Patchwork",
                "threat actors",
                "LAPSUS$",
                "BITTER",
                "POLONIUM",
                "Lazarus Group",
                "TA505",
                "BlackTech",
                "MuddyWater",
                "Wizard Spider",
                "Ember Bear",
                "menuPass",
                "FIN8",
                "APT39",
                "GALLIUM",
                "BackdoorDiplomacy",
                "Sandworm Team",
                "Team",
                "FIN7",
                "threat actors",
                "LuminousMoth",
                "APT-C-36",
                "WIRTE",
                "CopyKittens",
                "threat actors",
                "FIN5",
                "Moses Staff",
                "threat actors",
                "IndigoZebra",
                "Ferocious Kitten",
                "FIN10",
                "Aquatic Panda",
                "Aoqin Dragon",
                "APT33",
                "APT32",
                "Silence",
                "Metador",
                "Silent Librarian",
                "threat actors",
                "threat actors",
                "APT1"
            ],
            "label": "ACTOR"
        },
        {
            "count": 169,
            "id": 1,
            "texts": [
                "tools",
                "dbxcli",
                "MailSniper",
                "ChromePass",
                "Nirsoft WebBrowserPassVIew",
                "ConfuserEx",
                "Wake-On-Lan",
                "Windows Credential Editor",
                "sqlmap",
                "PowerSploit",
                "Metasploit",
                "Sliver",
                "YSoSerial.NET",
                "QuasarRAT",
                "AnyDesk",
                "Winexe",
                "AdFind",
                "BadPotato",
                "LaZagne",
                "Mimikatz",
                "Koadic",
                "Remcos",
                "NBTscan",
                "Plink",
                "pwdump",
                "Cobalt Strike",
                "Empire",
                "Impacket",
                "open-source tools",
                "CrackMapExec",
                "SoftPerfect Network Scanner",
                "BloodHound",
                "Responder",
                "PsExec",
                "open source tools",
                "PDQ Deploy",
                "gsecdump",
                "Havij",
                "Mimikatz",
                "METASPLOIT",
                "publicly-available tools",
                "NorthStar C2",
                "Empire",
                "UNICORN",
                "BloodHound",
                "open source tools",
                "JexBoss",
                "QuasarRAT",
                "KeeThief",
                "open-source tools",
                "LaZagne",
                "packers",
                "CyaX.",
                "tools",
                "BloodHound",
                "Responder",
                "PsExec",
                "SNScan",
                "Mimikatz",
                "Putty",
                "RVTools",
                "PowerSploit",
                "PuTTy PSCP",
                "AdFind",
                "AirVPN",
                "PuTTY",
                "plink",
                "AD Explorer",
                "operations",
                "legitimate tools",
                "Remote Utilities",
                "ConnectWise",
                "tools",
                "BloodHound",
                "Advanced IP Scanner",
                "Nirsoft PingInfoView",
                "Cobalt Strike",
                "Empire",
                "AdFind",
                "Metasploit",
                "Rubeus",
                "SoftPerfect Network Scanner",
                "targeting efforts",
                "open source scripts",
                "Impacket",
                "open-source tools",
                "pwdump",
                "Mimikatz",
                "Impacket",
                "open-source tools",
                "efforts",
                "publicly-available tools",
                "PLINK",
                "Mimikatz",
                "widely-available tools",
                "functionality",
                "antimalware solutions",
                "open-source reconnaissance and red team tools",
                "commodity remote access tools",
                "Impacket",
                "open-source tools",
                "RemoteExec",
                "Invoke-PSImage",
                "operations",
                "2022 Prestige operations",
                "preparation",
                "2018 Winter Olympics attack",
                "tools",
                "remote management tool",
                "PowerSploit",
                "Atera",
                "Cobalt Strike",
                "efforts",
                "publicly-available JSP code",
                "webshell",
                "ARP spoofing tool",
                "modified variant",
                "Imminent Monitor",
                "Metasploit",
                "AirVPN",
                "Empire",
                "post-exploitation activities",
                "tools",
                "PWdump7",
                "Mimikatz",
                "ProcDump",
                "Incognito V2",
                "Nmap",
                "Impacket",
                "targeting efforts",
                "Cobalt Strike",
                "modified variation",
                "Pandora Malleable C2 Profile",
                "tools",
                "SDelete",
                "pwdump",
                "Windows Credential Editor",
                "PsExec",
                "commercial tool",
                "DiskCryptor",
                "Psiphon",
                "JsonCPP",
                "open source tools",
                "NBTscan",
                "Meterpreter",
                "operations",
                "publicly-available software",
                "Cobalt Strike",
                "operations",
                "Heyoka open source exfiltration tool",
                "operations",
                "publicly-available tools",
                "early intrusion activities",
                "tools",
                "Cobalt Strike",
                "open-source tools",
                "Mimikatz",
                "publicly-available tools",
                "Empire",
                "PsExec",
                "Console Debugger",
                "operations",
                "free and publicly available tools",
                "tools",
                "open-source tools",
                "Empire",
                "open source PcShare remote administration tool",
                "open-source tools",
                "privilege escalation purposes"
            ],
            "label": "FUNCTION"
        },
        {
            "count": 49,
            "id": 2,
            "texts": [
                "tools",
                "dbxcli",
                "MailSniper",
                "ChromePass",
                "Nirsoft WebBrowserPassVIew",
                "ConfuserEx",
                "Wake-On-Lan",
                "Windows Credential Editor",
                "sqlmap",
                "PowerSploit",
                "Metasploit",
                "Sliver",
                "YSoSerial.NET",
                "QuasarRAT",
                "AnyDesk",
                "Winexe",
                "AdFind",
                "BadPotato",
                "LaZagne",
                "Mimikatz",
                "Koadic",
                "Remcos",
                "NBTscan",
                "Plink",
                "pwdump",
                "Cobalt Strike",
                "Empire",
                "Impacket",
                "open-source tools",
                "CrackMapExec",
                "SoftPerfect Network Scanner",
                "BloodHound",
                "Responder",
                "PsExec",
                "open source tools",
                "PDQ Deploy",
                "gsecdump",
                "Havij",
                "Mimikatz",
                "METASPLOIT",
                "publicly-available tools",
                "NorthStar C2",
                "Empire",
                "UNICORN",
                "encrypted channel",
                "C2",
                "compromised server",
                "login pages",
                "C2"
            ],
            "label": "NETWORK"
        },
        {
            "count": 49,
            "id": 3,
            "texts": [
                "packers",
                "CyaX.",
                "tools",
                "BloodHound",
                "Responder",
                "PsExec",
                "SNScan",
                "Mimikatz",
                "Putty",
                "RVTools",
                "PowerSploit",
                "PuTTy PSCP",
                "AdFind",
                "AirVPN",
                "PuTTY",
                "plink",
                "AD Explorer",
                "use",
                "tools",
                "BloodHound",
                "Advanced IP Scanner",
                "Nirsoft PingInfoView",
                "Cobalt Strike",
                "Empire",
                "AdFind",
                "Metasploit",
                "Rubeus",
                "SoftPerfect Network Scanner",
                "TA2541",
                "which",
                "tools",
                "remote management tool",
                "PowerSploit",
                "Atera",
                "Cobalt Strike",
                "that",
                "FIN13",
                "tools",
                "PWdump7",
                "Mimikatz",
                "ProcDump",
                "Incognito V2",
                "Nmap",
                "Impacket",
                "some",
                "Microsoft",
                "targeted organizations",
                "Scattered Spider",
                "Volt Typhoon"
            ],
            "label": "OTHER"
        },
        {
            "count": 8,
            "id": 4,
            "texts": [
                "access",
                "customized versions",
                "information",
                "customized version",
                "footholds",
                "versions",
                "customized versions",
                "modified version"
            ],
            "label": "DATA"
        },
        {
            "count": 5,
            "id": 5,
            "texts": [
                "target environment",
                "GitHub",
                "compromised host",
                "GitHub",
                "GitHub"
            ],
            "label": "COMPONENT"
        }
    ],
    "graph_edges": [
        {
            "id": "0_1",
            "source": 0,
            "dest": 1,
            "count": 42
        },
        {
            "id": "0_2",
            "source": 0,
            "dest": 2,
            "count": 2
        },
        {
            "id": "0_3",
            "source": 0,
            "dest": 3,
            "count": 8
        },
        {
            "id": "3_1",
            "source": 3,
            "dest": 1,
            "count": 11
        },
        {
            "id": "0_4",
            "source": 0,
            "dest": 4,
            "count": 7
        },
        {
            "id": "3_4",
            "source": 3,
            "dest": 4,
            "count": 2
        },
        {
            "id": "4_5",
            "source": 4,
            "dest": 5,
            "count": 1
        },
        {
            "id": "0_5",
            "source": 0,
            "dest": 5,
            "count": 2
        },
        {
            "id": "1_5",
            "source": 1,
            "dest": 5,
            "count": 3
        },
        {
            "id": "4_1",
            "source": 4,
            "dest": 1,
            "count": 5
        },
        {
            "id": "1_2",
            "source": 1,
            "dest": 2,
            "count": 3
        },
        {
            "id": "2_5",
            "source": 2,
            "dest": 5,
            "count": 1
        },
        {
            "id": "2_1",
            "source": 2,
            "dest": 1,
            "count": 1
        },
        {
            "id": "2_0",
            "source": 2,
            "dest": 0,
            "count": 1
        },
        {
            "id": "1_4",
            "source": 1,
            "dest": 4,
            "count": 1
        },
        {
            "id": "1_3",
            "source": 1,
            "dest": 3,
            "count": 2
        },
        {
            "id": "2_3",
            "source": 2,
            "dest": 3,
            "count": 1
        },
        {
            "id": "3_2",
            "source": 3,
            "dest": 2,
            "count": 1
        },
        {
            "id": "4_2",
            "source": 4,
            "dest": 2,
            "count": 1
        }
    ],
    "verbs": {
        "use": 25,
        "customize": 1,
        "obtain": 8,
        "in": 10,
        "make": 1,
        "of": 14,
        "gain": 4,
        "to": 2,
        "utilize": 3,
        "for": 16,
        "from": 6,
        "modify": 2,
        "target": 2,
        "add": 1,
        "subvert": 1,
        "discover": 1,
        "acquire": 1,
        "establish": 1,
        "deploy": 1,
        "onto": 1,
        "configure with": 1,
        "on": 1,
        "copy": 1
    }
}