{
    "id": "T1590.001",
    "tech_id": "T1590.001",
    "tech_name": "Domain Properties",
    "best_phrases": [],
    "tactics": [
        "TA0043"
    ],
    "features": [
        "FUNCTION",
        "NETWORK",
        "DATA",
        "USER"
    ],
    "locations": [
        "PRE"
    ],
    "procedures": [
        "relationship--614b4bf0-8a57-401f-a018-8217146c27d2",
        "relationship--a3932823-51c8-402d-a7a7-ee31882fc48a"
    ],
    "graph_nodes": [
        {
            "count": 1,
            "id": 0,
            "texts": [
                "Sandworm Team"
            ],
            "label": "ACTOR"
        },
        {
            "count": 3,
            "id": 1,
            "texts": [
                "technical reconnaissance",
                "AADInternals",
                "public Microsoft APIs"
            ],
            "label": "FUNCTION"
        },
        {
            "count": 2,
            "id": 2,
            "texts": [
                "official internet domain",
                "domains"
            ],
            "label": "NETWORK"
        },
        {
            "count": 1,
            "id": 3,
            "texts": [
                "Parliament"
            ],
            "label": "OTHER"
        },
        {
            "count": 1,
            "id": 4,
            "texts": [
                "information"
            ],
            "label": "DATA"
        },
        {
            "count": 1,
            "id": 5,
            "texts": [
                "tenant"
            ],
            "label": "USER"
        }
    ],
    "graph_edges": [
        {
            "id": "0_1",
            "source": 0,
            "dest": 1,
            "count": 1
        },
        {
            "id": "1_2",
            "source": 1,
            "dest": 2,
            "count": 1
        },
        {
            "id": "2_3",
            "source": 2,
            "dest": 3,
            "count": 1
        },
        {
            "id": "1_4",
            "source": 1,
            "dest": 4,
            "count": 1
        },
        {
            "id": "4_2",
            "source": 4,
            "dest": 2,
            "count": 1
        },
        {
            "id": "2_5",
            "source": 2,
            "dest": 5,
            "count": 1
        }
    ],
    "verbs": {
        "conduct": 1,
        "of": 3,
        "gather": 1,
        "use": 1,
        "about": 1
    }
}