{
    "id": "T1590",
    "tech_id": "T1590",
    "tech_name": "Gather Victim Network Information",
    "best_phrases": [],
    "tactics": [
        "TA0043"
    ],
    "features": [
        "NETWORK",
        "DATA",
        "COMPONENT",
        "USER"
    ],
    "locations": [
        "PRE"
    ],
    "procedures": [
        "relationship--73e8d90b-62e2-4ea2-b66c-2c94297bdcc5"
    ],
    "graph_nodes": [
        {
            "count": 1,
            "id": 0,
            "texts": [
                "HAFNIUM"
            ],
            "label": "ACTOR"
        },
        {
            "count": 1,
            "id": 1,
            "texts": [
                "qualified domain names"
            ],
            "label": "DATA"
        },
        {
            "count": 2,
            "id": 2,
            "texts": [
                "FQDNs",
                "targeted Exchange servers"
            ],
            "label": "NETWORK"
        },
        {
            "count": 1,
            "id": 3,
            "texts": [
                "environment"
            ],
            "label": "COMPONENT"
        },
        {
            "count": 1,
            "id": 4,
            "texts": [
                "victim"
            ],
            "label": "USER"
        }
    ],
    "graph_edges": [
        {
            "id": "0_1",
            "source": 0,
            "dest": 1,
            "count": 1
        },
        {
            "id": "0_2",
            "source": 0,
            "dest": 2,
            "count": 1
        },
        {
            "id": "1_2",
            "source": 1,
            "dest": 2,
            "count": 1
        },
        {
            "id": "2_3",
            "source": 2,
            "dest": 3,
            "count": 1
        },
        {
            "id": "3_4",
            "source": 3,
            "dest": 4,
            "count": 1
        }
    ],
    "verbs": {
        "gather": 2,
        "for": 1,
        "in": 1,
        "of": 1
    }
}