{
    "id": "T1597",
    "tech_id": "T1597",
    "tech_name": "Search Closed Sources",
    "best_phrases": [],
    "tactics": [
        "TA0043"
    ],
    "features": [
        "DATA",
        "NETWORK",
        "USER"
    ],
    "locations": [
        "PRE"
    ],
    "procedures": [
        "relationship--a42c4b1f-e145-4bf2-bd5e-fe65ff3e1a24"
    ],
    "graph_nodes": [
        {
            "count": 1,
            "id": 0,
            "texts": [
                "EXOTIC LILY"
            ],
            "label": "ACTOR"
        },
        {
            "count": 1,
            "id": 1,
            "texts": [
                "information"
            ],
            "label": "DATA"
        },
        {
            "count": 1,
            "id": 2,
            "texts": [
                "business databases"
            ],
            "label": "NETWORK"
        },
        {
            "count": 1,
            "id": 3,
            "texts": [
                "targeted individuals"
            ],
            "label": "USER"
        }
    ],
    "graph_edges": [
        {
            "id": "0_1",
            "source": 0,
            "dest": 1,
            "count": 1
        },
        {
            "id": "0_2",
            "source": 0,
            "dest": 2,
            "count": 1
        },
        {
            "id": "1_3",
            "source": 1,
            "dest": 3,
            "count": 1
        }
    ],
    "verbs": {
        "for": 1,
        "on": 2
    }
}