{
    "id": "T1597.002",
    "tech_id": "T1597.002",
    "tech_name": "Purchase Technical Data",
    "best_phrases": [],
    "tactics": [
        "TA0043"
    ],
    "features": [
        "DATA",
        "NETWORK"
    ],
    "locations": [
        "PRE"
    ],
    "procedures": [
        "relationship--e8183fad-e62c-47f0-8aeb-4f1d7fd36444"
    ],
    "graph_nodes": [
        {
            "count": 1,
            "id": 0,
            "texts": [
                "LAPSUS$"
            ],
            "label": "ACTOR"
        },
        {
            "count": 2,
            "id": 1,
            "texts": [
                "credentials",
                "session tokens"
            ],
            "label": "DATA"
        },
        {
            "count": 1,
            "id": 2,
            "texts": [
                "criminal underground forums"
            ],
            "label": "NETWORK"
        }
    ],
    "graph_edges": [
        {
            "id": "0_1",
            "source": 0,
            "dest": 1,
            "count": 1
        },
        {
            "id": "0_2",
            "source": 0,
            "dest": 2,
            "count": 1
        },
        {
            "id": "1_2",
            "source": 1,
            "dest": 2,
            "count": 1
        }
    ],
    "verbs": {
        "purchase": 1,
        "from": 2
    }
}