{
    "id": "T1598.002",
    "tech_id": "T1598.002",
    "tech_name": "Spearphishing Attachment",
    "best_phrases": [],
    "tactics": [
        "TA0043"
    ],
    "features": [
        "NETWORK",
        "DATA",
        "FUNCTION",
        "USER"
    ],
    "locations": [
        "PRE"
    ],
    "procedures": [
        "relationship--6385d0af-765c-44f9-afab-ed3852f6a22f",
        "relationship--a28e6ec8-0519-40e7-b252-90205dfbe5d9",
        "relationship--cfdd9ee1-119f-4071-8498-02bb568fc778"
    ],
    "graph_nodes": [
        {
            "count": 3,
            "id": 0,
            "texts": [
                "Dragonfly",
                "Sidewinder",
                "SideCopy"
            ],
            "label": "ACTOR"
        },
        {
            "count": 7,
            "id": 1,
            "texts": [
                "spearphishing",
                "e-mails",
                "credential harvesting websites",
                "generic lures",
                "spam campaigns",
                "credentials",
                "emails"
            ],
            "label": "NETWORK"
        },
        {
            "count": 2,
            "id": 2,
            "texts": [
                "harvesting",
                "targeting efforts"
            ],
            "label": "FUNCTION"
        },
        {
            "count": 5,
            "id": 3,
            "texts": [
                "Microsoft Office attachments",
                "user credentials",
                "attachments",
                "credentials",
                "emails"
            ],
            "label": "DATA"
        },
        {
            "count": 1,
            "id": 4,
            "texts": [
                "victims"
            ],
            "label": "USER"
        },
        {
            "count": 1,
            "id": 5,
            "texts": [
                "that"
            ],
            "label": "OTHER"
        }
    ],
    "graph_edges": [
        {
            "id": "0_1",
            "source": 0,
            "dest": 1,
            "count": 5
        },
        {
            "id": "0_2",
            "source": 0,
            "dest": 2,
            "count": 1
        },
        {
            "id": "1_3",
            "source": 1,
            "dest": 3,
            "count": 2
        },
        {
            "id": "2_3",
            "source": 2,
            "dest": 3,
            "count": 1
        },
        {
            "id": "3_4",
            "source": 3,
            "dest": 4,
            "count": 1
        },
        {
            "id": "4_1",
            "source": 4,
            "dest": 1,
            "count": 1
        },
        {
            "id": "5_1",
            "source": 5,
            "dest": 1,
            "count": 1
        },
        {
            "id": "0_3",
            "source": 0,
            "dest": 3,
            "count": 1
        },
        {
            "id": "3_2",
            "source": 3,
            "dest": 2,
            "count": 1
        },
        {
            "id": "1_2",
            "source": 1,
            "dest": 2,
            "count": 1
        }
    ],
    "verbs": {
        "use": 1,
        "enable": 1,
        "with": 2,
        "of": 1,
        "send": 1,
        "lead": 1,
        "to": 2,
        "craft": 1,
        "for": 3,
        "collect": 1
    }
}