{
    "best": {
        "0": [
            {
                "techID": "T1588.001",
                "techName": "Malware",
                "value": 1.0,
                "min_id": 18,
                "location": 18,
                "order_ids": [
                    18
                ],
                "sent_indexes": [
                    3
                ]
            }
        ],
        "12": [
            {
                "id": "relationship--57c8dc86-93a0-43d6-a47c-f0f5892948b3",
                "techID": "T1204.002",
                "tech_name": "Malicious File",
                "value": 0.9494208853958853,
                "min_id": 13,
                "order_ids": [
                    13,
                    12
                ],
                "sent_indexes": [
                    3,
                    3
                ],
                "combine_ids": [
                    3007,
                    3004
                ],
                "phrases": [
                    {
                        "source": {
                            "start": 21,
                            "end": 28,
                            "text": "victims",
                            "id": 5,
                            "label": [
                                "USER"
                            ],
                            "sent_index": 0,
                            "type": "subject",
                            "texts": [
                                "victims"
                            ],
                            "verbs": [
                                "lure"
                            ]
                        },
                        "dest": {
                            "start": 27,
                            "end": 31,
                            "text": "user",
                            "id": 7,
                            "label": [
                                "USER"
                            ],
                            "sent_index": 3,
                            "type": "subject"
                        }
                    },
                    {
                        "source": {
                            "start": 50,
                            "end": 54,
                            "text": "file",
                            "id": 10,
                            "verbs": [
                                "execute",
                                "open"
                            ],
                            "label": [
                                "DATA"
                            ],
                            "sent_index": 0,
                            "type": "object",
                            "texts": [
                                "file",
                                "files"
                            ]
                        },
                        "dest": {
                            "start": 17,
                            "end": 21,
                            "text": "file",
                            "id": 4,
                            "verbs": [
                                "open"
                            ],
                            "label": [
                                "DATA"
                            ],
                            "sent_index": 3,
                            "type": "object"
                        }
                    }
                ],
                "location": 12
            }
        ],
        "16": [
            {
                "id": "relationship--66044dfc-ab9a-4de4-a20b-cfed6d3f6236",
                "techID": "T1140",
                "tech_name": "Deobfuscate/Decode Files or Information",
                "value": 0.993629272450717,
                "min_id": 16,
                "order_ids": [
                    16
                ],
                "sent_indexes": [
                    3
                ],
                "combine_ids": [
                    3019
                ],
                "phrases": [
                    {
                        "source": {
                            "text": "command",
                            "start": 34,
                            "end": 43,
                            "id": 5,
                            "verbs": [
                                "execute"
                            ],
                            "label": [
                                "FUNCTION"
                            ],
                            "sent_index": 0,
                            "type": "object"
                        },
                        "dest": {
                            "text": "command",
                            "start": 96,
                            "end": 105,
                            "id": 19,
                            "verbs": [
                                "execute"
                            ],
                            "label": [
                                "FUNCTION"
                            ],
                            "sent_index": 3,
                            "type": "object"
                        }
                    }
                ],
                "location": 16
            }
        ],
        "22": [
            {
                "techID": "T1059.001",
                "techName": "PowerShell",
                "value": 1.0,
                "min_id": 22,
                "location": 22,
                "order_ids": [
                    22
                ],
                "sent_indexes": [
                    4
                ]
            }
        ],
        "25": [
            {
                "id": "relationship--a7ad3949-0d4d-49a8-a2cd-3a0d5857ba92",
                "techID": "T1547.001",
                "tech_name": "Registry Run Keys / Startup Folder",
                "value": 0.993629272450717,
                "min_id": 25,
                "order_ids": [
                    25
                ],
                "sent_indexes": [
                    4
                ],
                "combine_ids": [
                    4025
                ],
                "phrases": [
                    {
                        "source": {
                            "start": 26,
                            "end": 37,
                            "text": "persistence",
                            "id": 5,
                            "verbs": [
                                "establish"
                            ],
                            "label": [
                                "FUNCTION"
                            ],
                            "sent_index": 0,
                            "type": "object"
                        },
                        "dest": {
                            "start": 125,
                            "end": 136,
                            "text": "persistence",
                            "id": 25,
                            "verbs": [
                                "instal"
                            ],
                            "label": [
                                "FUNCTION"
                            ],
                            "sent_index": 4,
                            "type": "object"
                        }
                    }
                ],
                "location": 25
            }
        ],
        "26": [
            {
                "id": "relationship--005b6fd1-be80-424b-b6df-2ff88d390b1b",
                "techID": "T1053.005",
                "tech_name": "Scheduled Task",
                "value": 0.993629272450717,
                "min_id": 26,
                "order_ids": [
                    26
                ],
                "sent_indexes": [
                    4
                ],
                "combine_ids": [
                    4029
                ],
                "phrases": [
                    {
                        "source": {
                            "start": 17,
                            "end": 32,
                            "text": "scheduled tasks",
                            "id": 5,
                            "verbs": [
                                "use"
                            ],
                            "label": [
                                "FUNCTION",
                                "DIRECTORY"
                            ],
                            "sent_index": 0,
                            "type": "object",
                            "texts": [
                                "MSST",
                                "Task Scheduler",
                                "and\\Microsoft\\Windows\\Autochk\\Scheduled",
                                "scheduled tasks",
                                "\"Watchmon Service",
                                "scheduled task"
                            ]
                        },
                        "dest": {
                            "start": 142,
                            "end": 156,
                            "text": "scheduled task",
                            "id": 29,
                            "verbs": [
                                "use",
                                "by"
                            ],
                            "label": [
                                "FUNCTION"
                            ],
                            "sent_index": 4,
                            "type": "object"
                        }
                    }
                ],
                "location": 26
            }
        ],
        "31": [
            {
                "id": "relationship--188366e1-a2a9-4025-ac5a-ce56d940094a",
                "techID": "T1059.005",
                "tech_name": "Visual Basic",
                "value": 0.8921353228111044,
                "min_id": 31,
                "order_ids": [
                    31,
                    31
                ],
                "sent_indexes": [
                    6,
                    6
                ],
                "combine_ids": [
                    6008,
                    6008
                ],
                "phrases": [
                    {
                        "source": {
                            "start": 18,
                            "end": 28,
                            "text": "VBA macros",
                            "id": 5,
                            "verbs": [
                                "execute",
                                "use"
                            ],
                            "label": [
                                "FUNCTION"
                            ],
                            "sent_index": 0,
                            "type": "object",
                            "texts": [
                                "shellcode",
                                "VBA macros",
                                "VBA script"
                            ]
                        },
                        "dest": {
                            "start": 31,
                            "end": 50,
                            "text": "VBA embedded macros",
                            "id": 8,
                            "label": [
                                "FUNCTION"
                            ],
                            "sent_index": 6,
                            "type": "object"
                        }
                    },
                    {
                        "source": {
                            "start": 40,
                            "end": 49,
                            "text": "shellcode",
                            "id": 8,
                            "verbs": [
                                "execute"
                            ],
                            "label": [
                                "FUNCTION"
                            ],
                            "sent_index": 0,
                            "type": "object",
                            "texts": [
                                "shellcode",
                                "VBA script"
                            ]
                        },
                        "dest": {
                            "start": 31,
                            "end": 50,
                            "text": "VBA embedded macros",
                            "id": 8,
                            "label": [
                                "FUNCTION"
                            ],
                            "sent_index": 6,
                            "type": "object"
                        }
                    }
                ],
                "location": 31
            }
        ],
        "33": [
            {
                "id": "relationship--2cd5235f-1f0b-4f58-a931-d3b940b62cbf",
                "techID": "T1059.001",
                "tech_name": "PowerShell",
                "value": 0.9443645195266924,
                "min_id": 33,
                "order_ids": [
                    32,
                    33
                ],
                "sent_indexes": [
                    6,
                    6
                ],
                "combine_ids": [
                    6012,
                    6021
                ],
                "phrases": [
                    {
                        "source": {
                            "start": 20,
                            "end": 37,
                            "text": "PowerShell script",
                            "id": 6,
                            "verbs": [
                                "execute"
                            ],
                            "label": [
                                "FUNCTION"
                            ],
                            "sent_index": 0,
                            "type": "object",
                            "texts": [
                                "Powershell commands",
                                "PowerShell script",
                                "PowerShell scripts"
                            ]
                        },
                        "dest": {
                            "start": 56,
                            "end": 73,
                            "text": "PowerShell script",
                            "id": 12,
                            "label": [
                                "FUNCTION"
                            ],
                            "sent_index": 6,
                            "type": "subject"
                        }
                    },
                    {
                        "source": {
                            "start": 52,
                            "end": 54,
                            "text": "C2",
                            "id": 9,
                            "verbs": [
                                "receive",
                                "send"
                            ],
                            "label": [
                                "NETWORK"
                            ],
                            "sent_index": 0,
                            "type": "object",
                            "texts": [
                                "C2"
                            ]
                        },
                        "dest": {
                            "start": 111,
                            "end": 113,
                            "text": "C2",
                            "id": 21,
                            "verbs": [
                                "connect"
                            ],
                            "label": [
                                "NETWORK"
                            ],
                            "sent_index": 6,
                            "type": "object"
                        }
                    }
                ],
                "location": 33
            }
        ],
        "34": [
            {
                "id": "relationship--7340fcbe-e87b-4f16-bdac-e429a0ba7714",
                "techID": "T1573",
                "tech_name": "Encrypted Channel",
                "value": 0.9059863378309322,
                "min_id": 34,
                "order_ids": [
                    34,
                    33
                ],
                "sent_indexes": [
                    6,
                    6
                ],
                "combine_ids": [
                    6025,
                    6021
                ],
                "phrases": [
                    {
                        "source": {
                            "start": 21,
                            "end": 38,
                            "text": "encrypted channel",
                            "id": 6,
                            "verbs": [
                                "use"
                            ],
                            "label": [
                                "NETWORK"
                            ],
                            "sent_index": 0,
                            "type": "object"
                        },
                        "dest": {
                            "start": 120,
                            "end": 137,
                            "text": "encrypted channel",
                            "id": 25,
                            "verbs": [
                                "use"
                            ],
                            "label": [
                                "NETWORK"
                            ],
                            "sent_index": 6,
                            "type": "object"
                        }
                    },
                    {
                        "source": {
                            "start": 43,
                            "end": 60,
                            "text": "C2 communications",
                            "id": 9,
                            "label": [
                                "NETWORK"
                            ],
                            "sent_index": 0,
                            "type": "object"
                        },
                        "dest": {
                            "start": 111,
                            "end": 113,
                            "text": "C2",
                            "id": 21,
                            "verbs": [
                                "connect"
                            ],
                            "label": [
                                "NETWORK"
                            ],
                            "sent_index": 6,
                            "type": "object"
                        }
                    }
                ],
                "location": 34
            }
        ],
        "43": [
            {
                "id": "relationship--5829ee6d-68e4-44a8-828e-ba188b14c163",
                "techID": "T1027.010",
                "tech_name": "Command Obfuscation",
                "value": 0.8732935373085636,
                "min_id": 43,
                "order_ids": [
                    43
                ],
                "sent_indexes": [
                    9
                ],
                "combine_ids": [
                    9008
                ],
                "phrases": [
                    {
                        "source": {
                            "start": 21,
                            "end": 44,
                            "text": "base64-encoded commands",
                            "id": 6,
                            "verbs": [
                                "use"
                            ],
                            "label": [
                                "FUNCTION"
                            ],
                            "sent_index": 0,
                            "type": "object"
                        },
                        "dest": {
                            "start": 40,
                            "end": 58,
                            "text": "discovery commands",
                            "id": 8,
                            "verbs": [
                                "execute"
                            ],
                            "label": [
                                "FUNCTION"
                            ],
                            "sent_index": 9,
                            "type": "object"
                        }
                    }
                ],
                "location": 43
            }
        ],
        "52": [
            {
                "id": "relationship--d8a5e73d-fe56-42d7-a53d-09a90c21308b",
                "techID": "T1016",
                "tech_name": "System Network Configuration Discovery",
                "value": 0.8799263082106739,
                "min_id": 52,
                "order_ids": [
                    52
                ],
                "sent_indexes": [
                    9
                ],
                "combine_ids": [
                    9056
                ],
                "phrases": [
                    {
                        "source": {
                            "start": 29,
                            "end": 47,
                            "text": "domain information",
                            "id": 6,
                            "verbs": [
                                "discover"
                            ],
                            "label": [
                                "DATA"
                            ],
                            "sent_index": 0,
                            "type": "object"
                        },
                        "dest": {
                            "start": 329,
                            "end": 344,
                            "text": "domain accounts",
                            "id": 56,
                            "verbs": [
                                "enumerate"
                            ],
                            "label": [
                                "DATA"
                            ],
                            "sent_index": 9,
                            "type": "object"
                        }
                    }
                ],
                "location": 52
            }
        ],
        "55": [
            {
                "id": "relationship--3f37a188-b994-4191-aee1-56d0c60101e1",
                "techID": "T1102.002",
                "tech_name": "Bidirectional Communication",
                "value": 0.9634995462073321,
                "min_id": 55,
                "order_ids": [
                    55
                ],
                "sent_indexes": [
                    10
                ],
                "combine_ids": [
                    10011
                ],
                "phrases": [
                    {
                        "source": {
                            "start": 25,
                            "end": 36,
                            "text": "C2 channels",
                            "id": 6,
                            "verbs": [
                                "use"
                            ],
                            "label": [
                                "COMPONENT",
                                "DATA",
                                "NETWORK"
                            ],
                            "sent_index": 0,
                            "type": "object",
                            "texts": [
                                "C2 channels",
                                "RSS feeds",
                                "blogs",
                                "Github",
                                "forums"
                            ]
                        },
                        "dest": {
                            "start": 58,
                            "end": 68,
                            "text": "C2 channel",
                            "id": 11,
                            "verbs": [
                                "use",
                                "over"
                            ],
                            "label": [
                                "NETWORK"
                            ],
                            "sent_index": 10,
                            "type": "object"
                        }
                    }
                ],
                "location": 55
            }
        ],
        "59": [
            {
                "id": "relationship--0d328be7-85d2-4558-a4e3-cc5ce8bc7e2e",
                "techID": "T1056.001",
                "tech_name": "Keylogging",
                "value": 0.934083613499523,
                "min_id": 59,
                "order_ids": [
                    59
                ],
                "sent_indexes": [
                    11
                ],
                "combine_ids": [
                    11022
                ],
                "phrases": [
                    {
                        "source": {
                            "start": 26,
                            "end": 36,
                            "text": "keylogging",
                            "id": 4,
                            "verbs": [
                                "use",
                                "perform"
                            ],
                            "label": [
                                "FUNCTION"
                            ],
                            "sent_index": 0,
                            "type": "object",
                            "texts": [
                                "keylogger",
                                "keyloggers",
                                "LONGWATCH",
                                "KEYPUNCH",
                                "keylogging",
                                "keylogging tools"
                            ]
                        },
                        "dest": {
                            "start": 110,
                            "end": 129,
                            "text": "keylogger functions",
                            "id": 22,
                            "verbs": [
                                "perform"
                            ],
                            "label": [
                                "FUNCTION"
                            ],
                            "sent_index": 11,
                            "type": "object"
                        }
                    }
                ],
                "location": 59
            }
        ],
        "60": [
            {
                "id": "relationship--2ccf654b-1077-4277-9a24-099fb3bf095f",
                "techID": "T1036.004",
                "tech_name": "Masquerade Task or Service",
                "value": 0.993629272450717,
                "min_id": 60,
                "order_ids": [
                    60
                ],
                "sent_indexes": [
                    12
                ],
                "combine_ids": [
                    12003
                ],
                "phrases": [
                    {
                        "source": {
                            "start": 25,
                            "end": 39,
                            "text": "scheduled task",
                            "id": 6,
                            "verbs": [
                                "create"
                            ],
                            "label": [
                                "COMPONENT",
                                "FUNCTION"
                            ],
                            "sent_index": 0,
                            "type": "object",
                            "texts": [
                                "\"AdobeFlashSync",
                                "\"MicrosoftEdge",
                                "scheduled task"
                            ]
                        },
                        "dest": {
                            "start": 2,
                            "end": 16,
                            "text": "scheduled task",
                            "id": 3,
                            "verbs": [
                                "create"
                            ],
                            "label": [
                                "FUNCTION"
                            ],
                            "sent_index": 12,
                            "type": "object"
                        }
                    }
                ],
                "location": 60
            }
        ],
        "73": [
            {
                "id": "relationship--394a227d-585f-48a5-84ac-cc40a0ad80e6",
                "techID": "T1119",
                "tech_name": "Automated Collection",
                "value": 0.993629272450717,
                "min_id": 73,
                "order_ids": [
                    73
                ],
                "sent_indexes": [
                    16
                ],
                "combine_ids": [
                    16016
                ],
                "phrases": [
                    {
                        "source": {
                            "start": 44,
                            "end": 48,
                            "text": "data",
                            "id": 6,
                            "verbs": [
                                "archive"
                            ],
                            "label": [
                                "DATA"
                            ],
                            "sent_index": 0,
                            "type": "object"
                        },
                        "dest": {
                            "start": 80,
                            "end": 84,
                            "text": "data",
                            "id": 16,
                            "verbs": [
                                "return",
                                "compile",
                                "collect"
                            ],
                            "label": [
                                "DATA"
                            ],
                            "sent_index": 16,
                            "type": "object"
                        }
                    }
                ],
                "location": 73
            }
        ],
        "79": [
            {
                "id": "relationship--5eb253cb-2e81-4f51-bd0e-d1734283491c",
                "techID": "T1029",
                "tech_name": "Scheduled Transfer",
                "value": 0.9008433898901176,
                "min_id": 79,
                "order_ids": [
                    73,
                    79
                ],
                "sent_indexes": [
                    16,
                    17
                ],
                "combine_ids": [
                    16016,
                    17021
                ],
                "phrases": [
                    {
                        "source": {
                            "start": 62,
                            "end": 66,
                            "text": "data",
                            "id": 10,
                            "verbs": [
                                "encrypt"
                            ],
                            "label": [
                                "DATA"
                            ],
                            "sent_index": 0,
                            "type": "object"
                        },
                        "dest": {
                            "start": 80,
                            "end": 84,
                            "text": "data",
                            "id": 16,
                            "verbs": [
                                "return",
                                "compile",
                                "collect"
                            ],
                            "label": [
                                "DATA"
                            ],
                            "sent_index": 16,
                            "type": "object"
                        }
                    },
                    {
                        "source": {
                            "start": 74,
                            "end": 76,
                            "text": "C2",
                            "id": 13,
                            "verbs": [
                                "to"
                            ],
                            "label": [
                                "NETWORK"
                            ],
                            "sent_index": 0,
                            "type": "object"
                        },
                        "dest": {
                            "start": 136,
                            "end": 138,
                            "text": "C2",
                            "id": 21,
                            "verbs": [
                                "to"
                            ],
                            "label": [
                                "NETWORK"
                            ],
                            "sent_index": 17,
                            "type": "object"
                        }
                    }
                ],
                "location": 79
            }
        ],
        "83": [
            {
                "id": "relationship--3d1fe308-5bef-4e7a-9daa-333680a11d7b",
                "techID": "T1113",
                "tech_name": "Screen Capture",
                "value": 0.9704214339753374,
                "min_id": 84,
                "order_ids": [
                    83,
                    84
                ],
                "sent_indexes": [
                    19,
                    19
                ],
                "combine_ids": [
                    19006,
                    19009
                ],
                "phrases": [
                    {
                        "source": {
                            "start": 18,
                            "end": 28,
                            "text": "screenshot",
                            "id": 5,
                            "verbs": [
                                "take"
                            ],
                            "label": [
                                "DATA"
                            ],
                            "sent_index": 0,
                            "type": "object"
                        },
                        "dest": {
                            "start": 25,
                            "end": 35,
                            "text": "screenshot",
                            "id": 6,
                            "verbs": [
                                "take"
                            ],
                            "label": [
                                "DATA"
                            ],
                            "sent_index": 19,
                            "type": "object"
                        }
                    },
                    {
                        "source": {
                            "start": 36,
                            "end": 43,
                            "text": "desktop",
                            "id": 8,
                            "label": [
                                "DIRECTORY"
                            ],
                            "sent_index": 0,
                            "type": "object"
                        },
                        "dest": {
                            "start": 43,
                            "end": 50,
                            "text": "desktop",
                            "id": 9,
                            "label": [
                                "DIRECTORY"
                            ],
                            "sent_index": 19,
                            "type": "object"
                        }
                    }
                ],
                "location": 83
            }
        ],
        "85": [
            {
                "id": "relationship--134a44d5-19f9-4052-9dc2-b1f5af870e28",
                "techID": "T1005",
                "tech_name": "Data from Local System",
                "value": 0.8994342035803287,
                "min_id": 85,
                "order_ids": [
                    73,
                    85
                ],
                "sent_indexes": [
                    16,
                    19
                ],
                "combine_ids": [
                    16016,
                    19013
                ],
                "phrases": [
                    {
                        "source": {
                            "start": 21,
                            "end": 25,
                            "text": "data",
                            "id": 4,
                            "verbs": [
                                "collect"
                            ],
                            "label": [
                                "DATA"
                            ],
                            "sent_index": 0,
                            "type": "object",
                            "texts": [
                                "data"
                            ]
                        },
                        "dest": {
                            "start": 80,
                            "end": 84,
                            "text": "data",
                            "id": 16,
                            "verbs": [
                                "return",
                                "compile",
                                "collect"
                            ],
                            "label": [
                                "DATA"
                            ],
                            "sent_index": 16,
                            "type": "object"
                        }
                    },
                    {
                        "source": {
                            "start": 34,
                            "end": 47,
                            "text": "infected host",
                            "id": 8,
                            "verbs": [
                                "from"
                            ],
                            "label": [
                                "COMPONENT"
                            ],
                            "sent_index": 0,
                            "type": "object",
                            "texts": [
                                "infected host",
                                "infected local host"
                            ]
                        },
                        "dest": {
                            "start": 58,
                            "end": 71,
                            "text": "infected host",
                            "id": 13,
                            "label": [
                                "COMPONENT"
                            ],
                            "sent_index": 19,
                            "type": "object"
                        }
                    }
                ],
                "location": 85
            }
        ],
        "86": [
            {
                "id": "relationship--e9249ab2-eeee-4984-9ee2-78ff52335077",
                "techID": "T1560.003",
                "tech_name": "Archive via Custom Method",
                "value": 0.8788975052381209,
                "min_id": 86,
                "order_ids": [
                    86
                ],
                "sent_indexes": [
                    20
                ],
                "combine_ids": [
                    20003
                ],
                "phrases": [
                    {
                        "source": {
                            "text": "information",
                            "start": 36,
                            "end": 48,
                            "id": 6,
                            "verbs": [
                                "exfiltrate"
                            ],
                            "label": [
                                "DATA"
                            ],
                            "sent_index": 0,
                            "type": "object"
                        },
                        "dest": {
                            "start": 11,
                            "end": 15,
                            "text": "data",
                            "id": 3,
                            "verbs": [
                                "exfiltrate"
                            ],
                            "label": [
                                "DATA"
                            ],
                            "sent_index": 20,
                            "type": "object"
                        }
                    }
                ],
                "location": 86
            }
        ]
    },
    "k2": {
        "0": [
            {
                "techID": "T1588.001",
                "techName": "Malware",
                "value": 1.0,
                "min_id": 18,
                "location": 18,
                "order_ids": [
                    18
                ],
                "sent_indexes": [
                    3
                ]
            }
        ],
        "12": [
            {
                "id": "relationship--57c8dc86-93a0-43d6-a47c-f0f5892948b3",
                "techID": "T1204.002",
                "tech_name": "Malicious File",
                "value": 0.9494208853958853,
                "min_id": 13,
                "order_ids": [
                    13,
                    12
                ],
                "sent_indexes": [
                    3,
                    3
                ],
                "combine_ids": [
                    3007,
                    3004
                ],
                "phrases": [
                    {
                        "source": {
                            "start": 21,
                            "end": 28,
                            "text": "victims",
                            "id": 5,
                            "label": [
                                "USER"
                            ],
                            "sent_index": 0,
                            "type": "subject",
                            "texts": [
                                "victims"
                            ],
                            "verbs": [
                                "lure"
                            ]
                        },
                        "dest": {
                            "start": 27,
                            "end": 31,
                            "text": "user",
                            "id": 7,
                            "label": [
                                "USER"
                            ],
                            "sent_index": 3,
                            "type": "subject"
                        }
                    },
                    {
                        "source": {
                            "start": 50,
                            "end": 54,
                            "text": "file",
                            "id": 10,
                            "verbs": [
                                "execute",
                                "open"
                            ],
                            "label": [
                                "DATA"
                            ],
                            "sent_index": 0,
                            "type": "object",
                            "texts": [
                                "file",
                                "files"
                            ]
                        },
                        "dest": {
                            "start": 17,
                            "end": 21,
                            "text": "file",
                            "id": 4,
                            "verbs": [
                                "open"
                            ],
                            "label": [
                                "DATA"
                            ],
                            "sent_index": 3,
                            "type": "object"
                        }
                    }
                ],
                "location": 12
            }
        ],
        "16": [
            {
                "id": "relationship--66044dfc-ab9a-4de4-a20b-cfed6d3f6236",
                "techID": "T1140",
                "tech_name": "Deobfuscate/Decode Files or Information",
                "value": 0.993629272450717,
                "min_id": 16,
                "order_ids": [
                    16
                ],
                "sent_indexes": [
                    3
                ],
                "combine_ids": [
                    3019
                ],
                "phrases": [
                    {
                        "source": {
                            "text": "command",
                            "start": 34,
                            "end": 43,
                            "id": 5,
                            "verbs": [
                                "execute"
                            ],
                            "label": [
                                "FUNCTION"
                            ],
                            "sent_index": 0,
                            "type": "object"
                        },
                        "dest": {
                            "text": "command",
                            "start": 96,
                            "end": 105,
                            "id": 19,
                            "verbs": [
                                "execute"
                            ],
                            "label": [
                                "FUNCTION"
                            ],
                            "sent_index": 3,
                            "type": "object"
                        }
                    }
                ],
                "location": 16
            }
        ],
        "22": [
            {
                "techID": "T1059.001",
                "techName": "PowerShell",
                "value": 1.0,
                "min_id": 22,
                "location": 22,
                "order_ids": [
                    22
                ],
                "sent_indexes": [
                    4
                ]
            }
        ],
        "25": [
            {
                "id": "relationship--a7ad3949-0d4d-49a8-a2cd-3a0d5857ba92",
                "techID": "T1547.001",
                "tech_name": "Registry Run Keys / Startup Folder",
                "value": 0.993629272450717,
                "min_id": 25,
                "order_ids": [
                    25
                ],
                "sent_indexes": [
                    4
                ],
                "combine_ids": [
                    4025
                ],
                "phrases": [
                    {
                        "source": {
                            "start": 26,
                            "end": 37,
                            "text": "persistence",
                            "id": 5,
                            "verbs": [
                                "establish"
                            ],
                            "label": [
                                "FUNCTION"
                            ],
                            "sent_index": 0,
                            "type": "object"
                        },
                        "dest": {
                            "start": 125,
                            "end": 136,
                            "text": "persistence",
                            "id": 25,
                            "verbs": [
                                "instal"
                            ],
                            "label": [
                                "FUNCTION"
                            ],
                            "sent_index": 4,
                            "type": "object"
                        }
                    }
                ],
                "location": 25
            }
        ],
        "26": [
            {
                "id": "relationship--005b6fd1-be80-424b-b6df-2ff88d390b1b",
                "techID": "T1053.005",
                "tech_name": "Scheduled Task",
                "value": 0.993629272450717,
                "min_id": 26,
                "order_ids": [
                    26
                ],
                "sent_indexes": [
                    4
                ],
                "combine_ids": [
                    4029
                ],
                "phrases": [
                    {
                        "source": {
                            "start": 17,
                            "end": 32,
                            "text": "scheduled tasks",
                            "id": 5,
                            "verbs": [
                                "use"
                            ],
                            "label": [
                                "FUNCTION",
                                "DIRECTORY"
                            ],
                            "sent_index": 0,
                            "type": "object",
                            "texts": [
                                "MSST",
                                "Task Scheduler",
                                "and\\Microsoft\\Windows\\Autochk\\Scheduled",
                                "scheduled tasks",
                                "\"Watchmon Service",
                                "scheduled task"
                            ]
                        },
                        "dest": {
                            "start": 142,
                            "end": 156,
                            "text": "scheduled task",
                            "id": 29,
                            "verbs": [
                                "use",
                                "by"
                            ],
                            "label": [
                                "FUNCTION"
                            ],
                            "sent_index": 4,
                            "type": "object"
                        }
                    }
                ],
                "location": 26
            }
        ],
        "31": [
            {
                "id": "relationship--188366e1-a2a9-4025-ac5a-ce56d940094a",
                "techID": "T1059.005",
                "tech_name": "Visual Basic",
                "value": 0.8921353228111044,
                "min_id": 31,
                "order_ids": [
                    31,
                    31
                ],
                "sent_indexes": [
                    6,
                    6
                ],
                "combine_ids": [
                    6008,
                    6008
                ],
                "phrases": [
                    {
                        "source": {
                            "start": 18,
                            "end": 28,
                            "text": "VBA macros",
                            "id": 5,
                            "verbs": [
                                "execute",
                                "use"
                            ],
                            "label": [
                                "FUNCTION"
                            ],
                            "sent_index": 0,
                            "type": "object",
                            "texts": [
                                "shellcode",
                                "VBA macros",
                                "VBA script"
                            ]
                        },
                        "dest": {
                            "start": 31,
                            "end": 50,
                            "text": "VBA embedded macros",
                            "id": 8,
                            "label": [
                                "FUNCTION"
                            ],
                            "sent_index": 6,
                            "type": "object"
                        }
                    },
                    {
                        "source": {
                            "start": 40,
                            "end": 49,
                            "text": "shellcode",
                            "id": 8,
                            "verbs": [
                                "execute"
                            ],
                            "label": [
                                "FUNCTION"
                            ],
                            "sent_index": 0,
                            "type": "object",
                            "texts": [
                                "shellcode",
                                "VBA script"
                            ]
                        },
                        "dest": {
                            "start": 31,
                            "end": 50,
                            "text": "VBA embedded macros",
                            "id": 8,
                            "label": [
                                "FUNCTION"
                            ],
                            "sent_index": 6,
                            "type": "object"
                        }
                    }
                ],
                "location": 31
            }
        ],
        "33": [
            {
                "id": "relationship--2cd5235f-1f0b-4f58-a931-d3b940b62cbf",
                "techID": "T1059.001",
                "tech_name": "PowerShell",
                "value": 0.9443645195266924,
                "min_id": 33,
                "order_ids": [
                    32,
                    33
                ],
                "sent_indexes": [
                    6,
                    6
                ],
                "combine_ids": [
                    6012,
                    6021
                ],
                "phrases": [
                    {
                        "source": {
                            "start": 20,
                            "end": 37,
                            "text": "PowerShell script",
                            "id": 6,
                            "verbs": [
                                "execute"
                            ],
                            "label": [
                                "FUNCTION"
                            ],
                            "sent_index": 0,
                            "type": "object",
                            "texts": [
                                "Powershell commands",
                                "PowerShell script",
                                "PowerShell scripts"
                            ]
                        },
                        "dest": {
                            "start": 56,
                            "end": 73,
                            "text": "PowerShell script",
                            "id": 12,
                            "label": [
                                "FUNCTION"
                            ],
                            "sent_index": 6,
                            "type": "subject"
                        }
                    },
                    {
                        "source": {
                            "start": 52,
                            "end": 54,
                            "text": "C2",
                            "id": 9,
                            "verbs": [
                                "receive",
                                "send"
                            ],
                            "label": [
                                "NETWORK"
                            ],
                            "sent_index": 0,
                            "type": "object",
                            "texts": [
                                "C2"
                            ]
                        },
                        "dest": {
                            "start": 111,
                            "end": 113,
                            "text": "C2",
                            "id": 21,
                            "verbs": [
                                "connect"
                            ],
                            "label": [
                                "NETWORK"
                            ],
                            "sent_index": 6,
                            "type": "object"
                        }
                    }
                ],
                "location": 33
            }
        ],
        "34": [
            {
                "id": "relationship--7340fcbe-e87b-4f16-bdac-e429a0ba7714",
                "techID": "T1573",
                "tech_name": "Encrypted Channel",
                "value": 0.9059863378309322,
                "min_id": 34,
                "order_ids": [
                    34,
                    33
                ],
                "sent_indexes": [
                    6,
                    6
                ],
                "combine_ids": [
                    6025,
                    6021
                ],
                "phrases": [
                    {
                        "source": {
                            "start": 21,
                            "end": 38,
                            "text": "encrypted channel",
                            "id": 6,
                            "verbs": [
                                "use"
                            ],
                            "label": [
                                "NETWORK"
                            ],
                            "sent_index": 0,
                            "type": "object"
                        },
                        "dest": {
                            "start": 120,
                            "end": 137,
                            "text": "encrypted channel",
                            "id": 25,
                            "verbs": [
                                "use"
                            ],
                            "label": [
                                "NETWORK"
                            ],
                            "sent_index": 6,
                            "type": "object"
                        }
                    },
                    {
                        "source": {
                            "start": 43,
                            "end": 60,
                            "text": "C2 communications",
                            "id": 9,
                            "label": [
                                "NETWORK"
                            ],
                            "sent_index": 0,
                            "type": "object"
                        },
                        "dest": {
                            "start": 111,
                            "end": 113,
                            "text": "C2",
                            "id": 21,
                            "verbs": [
                                "connect"
                            ],
                            "label": [
                                "NETWORK"
                            ],
                            "sent_index": 6,
                            "type": "object"
                        }
                    }
                ],
                "location": 34
            }
        ],
        "43": [
            {
                "id": "relationship--5829ee6d-68e4-44a8-828e-ba188b14c163",
                "techID": "T1027.010",
                "tech_name": "Command Obfuscation",
                "value": 0.8732935373085636,
                "min_id": 43,
                "order_ids": [
                    43
                ],
                "sent_indexes": [
                    9
                ],
                "combine_ids": [
                    9008
                ],
                "phrases": [
                    {
                        "source": {
                            "start": 21,
                            "end": 44,
                            "text": "base64-encoded commands",
                            "id": 6,
                            "verbs": [
                                "use"
                            ],
                            "label": [
                                "FUNCTION"
                            ],
                            "sent_index": 0,
                            "type": "object"
                        },
                        "dest": {
                            "start": 40,
                            "end": 58,
                            "text": "discovery commands",
                            "id": 8,
                            "verbs": [
                                "execute"
                            ],
                            "label": [
                                "FUNCTION"
                            ],
                            "sent_index": 9,
                            "type": "object"
                        }
                    }
                ],
                "location": 43
            }
        ],
        "52": [
            {
                "id": "relationship--d8a5e73d-fe56-42d7-a53d-09a90c21308b",
                "techID": "T1016",
                "tech_name": "System Network Configuration Discovery",
                "value": 0.8799263082106739,
                "min_id": 52,
                "order_ids": [
                    52
                ],
                "sent_indexes": [
                    9
                ],
                "combine_ids": [
                    9056
                ],
                "phrases": [
                    {
                        "source": {
                            "start": 29,
                            "end": 47,
                            "text": "domain information",
                            "id": 6,
                            "verbs": [
                                "discover"
                            ],
                            "label": [
                                "DATA"
                            ],
                            "sent_index": 0,
                            "type": "object"
                        },
                        "dest": {
                            "start": 329,
                            "end": 344,
                            "text": "domain accounts",
                            "id": 56,
                            "verbs": [
                                "enumerate"
                            ],
                            "label": [
                                "DATA"
                            ],
                            "sent_index": 9,
                            "type": "object"
                        }
                    }
                ],
                "location": 52
            }
        ],
        "55": [
            {
                "id": "relationship--3f37a188-b994-4191-aee1-56d0c60101e1",
                "techID": "T1102.002",
                "tech_name": "Bidirectional Communication",
                "value": 0.9634995462073321,
                "min_id": 55,
                "order_ids": [
                    55
                ],
                "sent_indexes": [
                    10
                ],
                "combine_ids": [
                    10011
                ],
                "phrases": [
                    {
                        "source": {
                            "start": 25,
                            "end": 36,
                            "text": "C2 channels",
                            "id": 6,
                            "verbs": [
                                "use"
                            ],
                            "label": [
                                "COMPONENT",
                                "DATA",
                                "NETWORK"
                            ],
                            "sent_index": 0,
                            "type": "object",
                            "texts": [
                                "C2 channels",
                                "RSS feeds",
                                "blogs",
                                "Github",
                                "forums"
                            ]
                        },
                        "dest": {
                            "start": 58,
                            "end": 68,
                            "text": "C2 channel",
                            "id": 11,
                            "verbs": [
                                "use",
                                "over"
                            ],
                            "label": [
                                "NETWORK"
                            ],
                            "sent_index": 10,
                            "type": "object"
                        }
                    }
                ],
                "location": 55
            }
        ],
        "59": [
            {
                "id": "relationship--0d328be7-85d2-4558-a4e3-cc5ce8bc7e2e",
                "techID": "T1056.001",
                "tech_name": "Keylogging",
                "value": 0.934083613499523,
                "min_id": 59,
                "order_ids": [
                    59
                ],
                "sent_indexes": [
                    11
                ],
                "combine_ids": [
                    11022
                ],
                "phrases": [
                    {
                        "source": {
                            "start": 26,
                            "end": 36,
                            "text": "keylogging",
                            "id": 4,
                            "verbs": [
                                "use",
                                "perform"
                            ],
                            "label": [
                                "FUNCTION"
                            ],
                            "sent_index": 0,
                            "type": "object",
                            "texts": [
                                "keylogger",
                                "keyloggers",
                                "LONGWATCH",
                                "KEYPUNCH",
                                "keylogging",
                                "keylogging tools"
                            ]
                        },
                        "dest": {
                            "start": 110,
                            "end": 129,
                            "text": "keylogger functions",
                            "id": 22,
                            "verbs": [
                                "perform"
                            ],
                            "label": [
                                "FUNCTION"
                            ],
                            "sent_index": 11,
                            "type": "object"
                        }
                    }
                ],
                "location": 59
            }
        ],
        "60": [
            {
                "id": "relationship--2ccf654b-1077-4277-9a24-099fb3bf095f",
                "techID": "T1036.004",
                "tech_name": "Masquerade Task or Service",
                "value": 0.993629272450717,
                "min_id": 60,
                "order_ids": [
                    60
                ],
                "sent_indexes": [
                    12
                ],
                "combine_ids": [
                    12003
                ],
                "phrases": [
                    {
                        "source": {
                            "start": 25,
                            "end": 39,
                            "text": "scheduled task",
                            "id": 6,
                            "verbs": [
                                "create"
                            ],
                            "label": [
                                "COMPONENT",
                                "FUNCTION"
                            ],
                            "sent_index": 0,
                            "type": "object",
                            "texts": [
                                "\"AdobeFlashSync",
                                "\"MicrosoftEdge",
                                "scheduled task"
                            ]
                        },
                        "dest": {
                            "start": 2,
                            "end": 16,
                            "text": "scheduled task",
                            "id": 3,
                            "verbs": [
                                "create"
                            ],
                            "label": [
                                "FUNCTION"
                            ],
                            "sent_index": 12,
                            "type": "object"
                        }
                    }
                ],
                "location": 60
            }
        ],
        "73": [
            {
                "id": "relationship--394a227d-585f-48a5-84ac-cc40a0ad80e6",
                "techID": "T1119",
                "tech_name": "Automated Collection",
                "value": 0.993629272450717,
                "min_id": 73,
                "order_ids": [
                    73
                ],
                "sent_indexes": [
                    16
                ],
                "combine_ids": [
                    16016
                ],
                "phrases": [
                    {
                        "source": {
                            "start": 44,
                            "end": 48,
                            "text": "data",
                            "id": 6,
                            "verbs": [
                                "archive"
                            ],
                            "label": [
                                "DATA"
                            ],
                            "sent_index": 0,
                            "type": "object"
                        },
                        "dest": {
                            "start": 80,
                            "end": 84,
                            "text": "data",
                            "id": 16,
                            "verbs": [
                                "return",
                                "compile",
                                "collect"
                            ],
                            "label": [
                                "DATA"
                            ],
                            "sent_index": 16,
                            "type": "object"
                        }
                    }
                ],
                "location": 73
            }
        ],
        "79": [
            {
                "id": "relationship--5eb253cb-2e81-4f51-bd0e-d1734283491c",
                "techID": "T1029",
                "tech_name": "Scheduled Transfer",
                "value": 0.9008433898901176,
                "min_id": 79,
                "order_ids": [
                    73,
                    79
                ],
                "sent_indexes": [
                    16,
                    17
                ],
                "combine_ids": [
                    16016,
                    17021
                ],
                "phrases": [
                    {
                        "source": {
                            "start": 62,
                            "end": 66,
                            "text": "data",
                            "id": 10,
                            "verbs": [
                                "encrypt"
                            ],
                            "label": [
                                "DATA"
                            ],
                            "sent_index": 0,
                            "type": "object"
                        },
                        "dest": {
                            "start": 80,
                            "end": 84,
                            "text": "data",
                            "id": 16,
                            "verbs": [
                                "return",
                                "compile",
                                "collect"
                            ],
                            "label": [
                                "DATA"
                            ],
                            "sent_index": 16,
                            "type": "object"
                        }
                    },
                    {
                        "source": {
                            "start": 74,
                            "end": 76,
                            "text": "C2",
                            "id": 13,
                            "verbs": [
                                "to"
                            ],
                            "label": [
                                "NETWORK"
                            ],
                            "sent_index": 0,
                            "type": "object"
                        },
                        "dest": {
                            "start": 136,
                            "end": 138,
                            "text": "C2",
                            "id": 21,
                            "verbs": [
                                "to"
                            ],
                            "label": [
                                "NETWORK"
                            ],
                            "sent_index": 17,
                            "type": "object"
                        }
                    }
                ],
                "location": 79
            }
        ],
        "83": [
            {
                "id": "relationship--3d1fe308-5bef-4e7a-9daa-333680a11d7b",
                "techID": "T1113",
                "tech_name": "Screen Capture",
                "value": 0.9704214339753374,
                "min_id": 84,
                "order_ids": [
                    83,
                    84
                ],
                "sent_indexes": [
                    19,
                    19
                ],
                "combine_ids": [
                    19006,
                    19009
                ],
                "phrases": [
                    {
                        "source": {
                            "start": 18,
                            "end": 28,
                            "text": "screenshot",
                            "id": 5,
                            "verbs": [
                                "take"
                            ],
                            "label": [
                                "DATA"
                            ],
                            "sent_index": 0,
                            "type": "object"
                        },
                        "dest": {
                            "start": 25,
                            "end": 35,
                            "text": "screenshot",
                            "id": 6,
                            "verbs": [
                                "take"
                            ],
                            "label": [
                                "DATA"
                            ],
                            "sent_index": 19,
                            "type": "object"
                        }
                    },
                    {
                        "source": {
                            "start": 36,
                            "end": 43,
                            "text": "desktop",
                            "id": 8,
                            "label": [
                                "DIRECTORY"
                            ],
                            "sent_index": 0,
                            "type": "object"
                        },
                        "dest": {
                            "start": 43,
                            "end": 50,
                            "text": "desktop",
                            "id": 9,
                            "label": [
                                "DIRECTORY"
                            ],
                            "sent_index": 19,
                            "type": "object"
                        }
                    }
                ],
                "location": 83
            }
        ],
        "85": [
            {
                "id": "relationship--134a44d5-19f9-4052-9dc2-b1f5af870e28",
                "techID": "T1005",
                "tech_name": "Data from Local System",
                "value": 0.8994342035803287,
                "min_id": 85,
                "order_ids": [
                    73,
                    85
                ],
                "sent_indexes": [
                    16,
                    19
                ],
                "combine_ids": [
                    16016,
                    19013
                ],
                "phrases": [
                    {
                        "source": {
                            "start": 21,
                            "end": 25,
                            "text": "data",
                            "id": 4,
                            "verbs": [
                                "collect"
                            ],
                            "label": [
                                "DATA"
                            ],
                            "sent_index": 0,
                            "type": "object",
                            "texts": [
                                "data"
                            ]
                        },
                        "dest": {
                            "start": 80,
                            "end": 84,
                            "text": "data",
                            "id": 16,
                            "verbs": [
                                "return",
                                "compile",
                                "collect"
                            ],
                            "label": [
                                "DATA"
                            ],
                            "sent_index": 16,
                            "type": "object"
                        }
                    },
                    {
                        "source": {
                            "start": 34,
                            "end": 47,
                            "text": "infected host",
                            "id": 8,
                            "verbs": [
                                "from"
                            ],
                            "label": [
                                "COMPONENT"
                            ],
                            "sent_index": 0,
                            "type": "object",
                            "texts": [
                                "infected host",
                                "infected local host"
                            ]
                        },
                        "dest": {
                            "start": 58,
                            "end": 71,
                            "text": "infected host",
                            "id": 13,
                            "label": [
                                "COMPONENT"
                            ],
                            "sent_index": 19,
                            "type": "object"
                        }
                    }
                ],
                "location": 85
            }
        ],
        "86": [
            {
                "id": "relationship--e9249ab2-eeee-4984-9ee2-78ff52335077",
                "techID": "T1560.003",
                "tech_name": "Archive via Custom Method",
                "value": 0.8788975052381209,
                "min_id": 86,
                "order_ids": [
                    86
                ],
                "sent_indexes": [
                    20
                ],
                "combine_ids": [
                    20003
                ],
                "phrases": [
                    {
                        "source": {
                            "text": "information",
                            "start": 36,
                            "end": 48,
                            "id": 6,
                            "verbs": [
                                "exfiltrate"
                            ],
                            "label": [
                                "DATA"
                            ],
                            "sent_index": 0,
                            "type": "object"
                        },
                        "dest": {
                            "start": 11,
                            "end": 15,
                            "text": "data",
                            "id": 3,
                            "verbs": [
                                "exfiltrate"
                            ],
                            "label": [
                                "DATA"
                            ],
                            "sent_index": 20,
                            "type": "object"
                        }
                    }
                ],
                "location": 86
            }
        ]
    },
    "full_path": [
        "T1588.001",
        "T1204.002",
        "T1140",
        "T1059.001",
        "T1547.001",
        "T1053.005",
        "T1059.005",
        "T1573",
        "T1027.010",
        "T1016",
        "T1102.002",
        "T1056.001",
        "T1036.004",
        "T1119",
        "T1029",
        "T1113",
        "T1005",
        "T1560.003"
    ],
    "top_k_path": {
        "0": [
            "T1588.001"
        ],
        "12": [
            "T1204.002"
        ],
        "16": [
            "T1140"
        ],
        "22": [
            "T1059.001"
        ],
        "25": [
            "T1547.001"
        ],
        "26": [
            "T1053.005"
        ],
        "31": [
            "T1059.005"
        ],
        "33": [
            "T1059.001"
        ],
        "34": [
            "T1573"
        ],
        "43": [
            "T1027.010"
        ],
        "52": [
            "T1016"
        ],
        "55": [
            "T1102.002"
        ],
        "59": [
            "T1056.001"
        ],
        "60": [
            "T1036.004"
        ],
        "73": [
            "T1119"
        ],
        "79": [
            "T1029"
        ],
        "83": [
            "T1113"
        ],
        "85": [
            "T1005"
        ],
        "86": [
            "T1560.003"
        ]
    }
}