{
    "best": {
        "0": [
            {
                "id": "relationship--9b55c1b3-94fd-436f-8910-9d0519d3b5b4",
                "techID": "T1588.001",
                "tech_name": "Malware",
                "value": 0.9999999329447741,
                "min_id": 29,
                "order_ids": [
                    29
                ],
                "sent_indexes": [
                    7
                ],
                "combine_ids": [
                    7006
                ],
                "phrases": [
                    {
                        "source": {
                            "start": 29,
                            "end": 37,
                            "text": "backdoor",
                            "id": 7,
                            "verbs": [
                                "use"
                            ],
                            "label": [
                                "FUNCTION"
                            ],
                            "sent_index": 0,
                            "type": "object",
                            "texts": [
                                "Conti ransomware",
                                "Cobalt Strike",
                                "backdoor",
                                "FunnyDream",
                                "malware"
                            ]
                        },
                        "dest": {
                            "start": 23,
                            "end": 36,
                            "text": "Cobalt Strike",
                            "id": 6,
                            "verbs": [
                                "use"
                            ],
                            "label": [
                                "FUNCTION"
                            ],
                            "sent_index": 7,
                            "type": "object"
                        }
                    }
                ],
                "location": 29
            }
        ],
        "5": [
            {
                "id": "relationship--0b2b0719-c82e-4d1f-b34c-7ed5dd5c8968",
                "techID": "T1071.003",
                "tech_name": "Mail Protocols",
                "value": 0.8773391965908732,
                "min_id": 16,
                "order_ids": [
                    5,
                    16
                ],
                "sent_indexes": [
                    1,
                    4
                ],
                "combine_ids": [
                    1013,
                    4015
                ],
                "phrases": [
                    {
                        "source": {
                            "start": 15,
                            "end": 32,
                            "text": "email attachments",
                            "id": 5,
                            "verbs": [
                                "use"
                            ],
                            "label": [
                                "DATA"
                            ],
                            "sent_index": 0,
                            "type": "object"
                        },
                        "dest": {
                            "start": 53,
                            "end": 68,
                            "text": "zip attachments",
                            "id": 13,
                            "verbs": [
                                "favor"
                            ],
                            "label": [
                                "ENCRYPTION"
                            ],
                            "sent_index": 1,
                            "type": "object"
                        }
                    },
                    {
                        "source": {
                            "start": 37,
                            "end": 39,
                            "text": "C2",
                            "id": 7,
                            "label": [
                                "NETWORK"
                            ],
                            "sent_index": 0,
                            "type": "object"
                        },
                        "dest": {
                            "start": 83,
                            "end": 85,
                            "text": "C2",
                            "id": 15,
                            "verbs": [
                                "to"
                            ],
                            "label": [
                                "NETWORK"
                            ],
                            "sent_index": 4,
                            "type": "object"
                        }
                    }
                ],
                "location": 5
            }
        ],
        "6": [
            {
                "techID": "T1059.007",
                "techName": "JavaScript",
                "value": 1.0,
                "min_id": 6,
                "location": 6,
                "order_ids": [
                    6
                ],
                "sent_indexes": [
                    1
                ]
            }
        ],
        "7": [
            {
                "id": "relationship--46c37037-00da-4cf5-bde1-4296e10e6483",
                "techID": "T1496",
                "tech_name": "Resource Hijacking",
                "value": 0.8851204837648539,
                "min_id": 7,
                "order_ids": [
                    7
                ],
                "sent_indexes": [
                    1
                ],
                "combine_ids": [
                    1022
                ],
                "phrases": [
                    {
                        "source": {
                            "start": 22,
                            "end": 42,
                            "text": "cryptomining malware",
                            "id": 5,
                            "verbs": [
                                "distribute"
                            ],
                            "label": [
                                "FUNCTION"
                            ],
                            "sent_index": 0,
                            "type": "object"
                        },
                        "dest": {
                            "start": 117,
                            "end": 136,
                            "text": "BazarLoader malware",
                            "id": 22,
                            "verbs": [
                                "download"
                            ],
                            "label": [
                                "FUNCTION"
                            ],
                            "sent_index": 1,
                            "type": "object"
                        }
                    }
                ],
                "location": 7
            }
        ],
        "11": [
            {
                "id": "relationship--7bbc0809-d6ba-4be5-9397-e44b9481f317",
                "techID": "T1129",
                "tech_name": "Shared Modules",
                "value": 0.9686283836035928,
                "min_id": 11,
                "order_ids": [
                    11
                ],
                "sent_indexes": [
                    3
                ],
                "combine_ids": [
                    3013
                ],
                "phrases": [
                    {
                        "source": {
                            "start": 22,
                            "end": 26,
                            "text": "DLLs",
                            "id": 4,
                            "verbs": [
                                "load"
                            ],
                            "label": [
                                "REGISTRY"
                            ],
                            "sent_index": 0,
                            "type": "object"
                        },
                        "dest": {
                            "start": 63,
                            "end": 78,
                            "text": "BazarLoader DLL",
                            "id": 13,
                            "verbs": [
                                "begin with",
                                "begin"
                            ],
                            "label": [
                                "REGISTRY"
                            ],
                            "sent_index": 3,
                            "type": "object"
                        }
                    }
                ],
                "location": 11
            }
        ],
        "22": [
            {
                "id": "relationship--524261f3-8b87-4c99-b99b-1e78032f072c",
                "techID": "T1033",
                "tech_name": "System Owner/User Discovery",
                "value": 0.8848779270137281,
                "min_id": 22,
                "order_ids": [
                    22
                ],
                "sent_indexes": [
                    4
                ],
                "combine_ids": [
                    4042
                ],
                "phrases": [
                    {
                        "source": {
                            "start": 17,
                            "end": 28,
                            "text": "local users",
                            "id": 4,
                            "verbs": [
                                "list"
                            ],
                            "label": [
                                "DATA"
                            ],
                            "sent_index": 0,
                            "type": "object",
                            "texts": [
                                "local users",
                                "session information"
                            ]
                        },
                        "dest": {
                            "start": 229,
                            "end": 234,
                            "text": "users",
                            "id": 42,
                            "verbs": [
                                "discover"
                            ],
                            "label": [
                                "DATA"
                            ],
                            "sent_index": 4,
                            "type": "object"
                        }
                    }
                ],
                "location": 22
            }
        ],
        "27": [
            {
                "id": "relationship--8dd22b15-a9bb-4acc-8fac-e366756ab50b",
                "techID": "T1547.004",
                "tech_name": "Winlogon Helper DLL",
                "value": 0.9560542420057246,
                "min_id": 27,
                "order_ids": [
                    27
                ],
                "sent_indexes": [
                    6
                ],
                "combine_ids": [
                    6021
                ],
                "phrases": [
                    {
                        "source": {
                            "start": 14,
                            "end": 33,
                            "text": "Winlogon Helper DLL",
                            "id": 6,
                            "verbs": [
                                "use"
                            ],
                            "label": [
                                "REGISTRY"
                            ],
                            "sent_index": 0,
                            "type": "object"
                        },
                        "dest": {
                            "start": 95,
                            "end": 119,
                            "text": "Cobalt Strike beacon DLL",
                            "id": 21,
                            "verbs": [
                                "execute",
                                "download"
                            ],
                            "label": [
                                "REGISTRY"
                            ],
                            "sent_index": 6,
                            "type": "object"
                        }
                    }
                ],
                "location": 27
            }
        ],
        "31": [
            {
                "id": "relationship--625ebfc0-7aaa-4eaf-8c49-be8b55c059d4",
                "techID": "T1018",
                "tech_name": "Remote System Discovery",
                "value": 0.9936292501559338,
                "min_id": 31,
                "order_ids": [
                    31
                ],
                "sent_indexes": [
                    7
                ],
                "combine_ids": [
                    7014
                ],
                "phrases": [
                    {
                        "source": {
                            "start": 18,
                            "end": 56,
                            "text": "network scanning and enumeration tools",
                            "id": 8,
                            "verbs": [
                                "use"
                            ],
                            "label": [
                                "FUNCTION"
                            ],
                            "sent_index": 0,
                            "type": "object",
                            "texts": [
                                "Ping",
                                "network scanning and enumeration tools"
                            ]
                        },
                        "dest": {
                            "start": 77,
                            "end": 96,
                            "text": "Microsoft utilities",
                            "id": 14,
                            "verbs": [
                                "use"
                            ],
                            "label": [
                                "FUNCTION"
                            ],
                            "sent_index": 7,
                            "type": "object",
                            "texts": [
                                "systeminfo",
                                "taskmanager",
                                "ping",
                                "net",
                                "Microsoft utilities"
                            ]
                        }
                    }
                ],
                "location": 31
            }
        ],
        "32": [
            {
                "id": "relationship--0743264d-1356-4f9e-96cc-8698f5e0e862",
                "techID": "T1550.002",
                "tech_name": "Pass the Hash",
                "value": 0.993629272450717,
                "min_id": 32,
                "order_ids": [
                    32
                ],
                "sent_indexes": [
                    8
                ],
                "combine_ids": [
                    8009
                ],
                "phrases": [
                    {
                        "source": {
                            "start": 24,
                            "end": 28,
                            "text": "hash",
                            "id": 6,
                            "verbs": [
                                "pass"
                            ],
                            "label": [
                                "DATA"
                            ],
                            "sent_index": 0,
                            "type": "object",
                            "texts": [
                                "hash"
                            ]
                        },
                        "dest": {
                            "start": 44,
                            "end": 48,
                            "text": "hash",
                            "id": 9,
                            "verbs": [
                                "pass"
                            ],
                            "label": [
                                "DATA"
                            ],
                            "sent_index": 8,
                            "type": "object"
                        }
                    }
                ],
                "location": 32
            }
        ],
        "33": [
            {
                "id": "relationship--57d595d2-4363-4816-826e-91e45dd364e5",
                "techID": "T1021.002",
                "tech_name": "SMB/Windows Admin Shares",
                "value": 0.8807558643119873,
                "min_id": 37,
                "order_ids": [
                    33,
                    37
                ],
                "sent_indexes": [
                    8,
                    9
                ],
                "combine_ids": [
                    8012,
                    9018
                ],
                "phrases": [
                    {
                        "source": {
                            "start": 11,
                            "end": 34,
                            "text": "administrative accounts",
                            "id": 4,
                            "verbs": [
                                "use"
                            ],
                            "label": [
                                "DATA"
                            ],
                            "sent_index": 0,
                            "type": "object"
                        },
                        "dest": {
                            "start": 62,
                            "end": 70,
                            "text": "accounts",
                            "id": 12,
                            "verbs": [
                                "with"
                            ],
                            "label": [
                                "DATA"
                            ],
                            "sent_index": 8,
                            "type": "object"
                        }
                    },
                    {
                        "source": {
                            "start": 51,
                            "end": 54,
                            "text": "SMB",
                            "id": 8,
                            "verbs": [
                                "use"
                            ],
                            "label": [
                                "NETWORK"
                            ],
                            "sent_index": 0,
                            "type": "object"
                        },
                        "dest": {
                            "start": 95,
                            "end": 98,
                            "text": "SMB",
                            "id": 18,
                            "label": [
                                "NETWORK"
                            ],
                            "sent_index": 9,
                            "type": "object"
                        }
                    }
                ],
                "location": 33
            }
        ],
        "36": [
            {
                "id": "relationship--01f4b583-4bd0-47eb-a108-c0bd7fd4d571",
                "techID": "T1016",
                "tech_name": "System Network Configuration Discovery",
                "value": 0.9936292613033253,
                "min_id": 36,
                "order_ids": [
                    31,
                    36
                ],
                "sent_indexes": [
                    7,
                    9
                ],
                "combine_ids": [
                    7014,
                    9016
                ],
                "phrases": [
                    {
                        "source": {
                            "start": 16,
                            "end": 20,
                            "text": "Ping",
                            "id": 4,
                            "verbs": [
                                "use"
                            ],
                            "label": [
                                "FUNCTION"
                            ],
                            "sent_index": 0,
                            "type": "object",
                            "texts": [
                                "Ping",
                                "tracert"
                            ]
                        },
                        "dest": {
                            "start": 77,
                            "end": 96,
                            "text": "Microsoft utilities",
                            "id": 14,
                            "verbs": [
                                "use"
                            ],
                            "label": [
                                "FUNCTION"
                            ],
                            "sent_index": 7,
                            "type": "object",
                            "texts": [
                                "systeminfo",
                                "taskmanager",
                                "ping",
                                "net",
                                "Microsoft utilities"
                            ]
                        }
                    },
                    {
                        "source": {
                            "text": "network",
                            "start": 37,
                            "end": 44,
                            "id": 8,
                            "verbs": [
                                "discover"
                            ],
                            "label": [
                                "NETWORK"
                            ],
                            "sent_index": 0,
                            "type": "object"
                        },
                        "dest": {
                            "start": 83,
                            "end": 90,
                            "text": "network",
                            "id": 16,
                            "verbs": [
                                "scan"
                            ],
                            "label": [
                                "NETWORK"
                            ],
                            "sent_index": 9,
                            "type": "object"
                        }
                    }
                ],
                "location": 36
            }
        ],
        "42": [
            {
                "id": "relationship--c4cbbe25-bc29-406d-b92e-6e50ee4cd322",
                "techID": "T1105",
                "tech_name": "Ingress Tool Transfer",
                "value": 0.8927345853331613,
                "min_id": 42,
                "order_ids": [
                    42
                ],
                "sent_indexes": [
                    11
                ],
                "combine_ids": [
                    11010
                ],
                "phrases": [
                    {
                        "source": {
                            "start": 41,
                            "end": 60,
                            "text": "arbitary executable",
                            "id": 8,
                            "verbs": [
                                "download"
                            ],
                            "label": [
                                "FUNCTION"
                            ],
                            "sent_index": 0,
                            "type": "object"
                        },
                        "dest": {
                            "start": 59,
                            "end": 69,
                            "text": "executable",
                            "id": 10,
                            "verbs": [
                                "transfer"
                            ],
                            "label": [
                                "FUNCTION"
                            ],
                            "sent_index": 11,
                            "type": "object"
                        }
                    }
                ],
                "location": 42
            }
        ],
        "45": [
            {
                "id": "relationship--b835f71a-b961-4d69-a7eb-6bf682f433de",
                "techID": "T1047",
                "tech_name": "Windows Management Instrumentation",
                "value": 0.9936291832715838,
                "min_id": 45,
                "order_ids": [
                    45
                ],
                "sent_indexes": [
                    11
                ],
                "combine_ids": [
                    11021
                ],
                "phrases": [
                    {
                        "source": {
                            "start": 39,
                            "end": 43,
                            "text": "WMIC",
                            "id": 7,
                            "verbs": [
                                "execute"
                            ],
                            "label": [
                                "FUNCTION"
                            ],
                            "sent_index": 0,
                            "type": "object"
                        },
                        "dest": {
                            "start": 129,
                            "end": 133,
                            "text": "wmic",
                            "id": 21,
                            "verbs": [
                                "use"
                            ],
                            "label": [
                                "FUNCTION"
                            ],
                            "sent_index": 11,
                            "type": "object"
                        }
                    }
                ],
                "location": 45
            }
        ],
        "48": [
            {
                "techID": "T1059.001",
                "techName": "PowerShell",
                "value": 1.0,
                "min_id": 48,
                "location": 48,
                "order_ids": [
                    48
                ],
                "sent_indexes": [
                    12
                ]
            }
        ],
        "50": [
            {
                "id": "relationship--1d37f088-123f-41bb-9367-a1696dbfe895",
                "techID": "T1021.001",
                "tech_name": "Remote Desktop Protocol",
                "value": 0.9936292278611506,
                "min_id": 50,
                "order_ids": [
                    50
                ],
                "sent_indexes": [
                    12
                ],
                "combine_ids": [
                    12027
                ],
                "phrases": [
                    {
                        "source": {
                            "start": 17,
                            "end": 20,
                            "text": "RDP",
                            "id": 4,
                            "verbs": [
                                "use"
                            ],
                            "label": [
                                "NETWORK"
                            ],
                            "sent_index": 0,
                            "type": "object",
                            "texts": [
                                "RDP"
                            ]
                        },
                        "dest": {
                            "start": 162,
                            "end": 165,
                            "text": "RDP",
                            "id": 27,
                            "verbs": [
                                "use"
                            ],
                            "label": [
                                "NETWORK"
                            ],
                            "sent_index": 12,
                            "type": "object"
                        }
                    }
                ],
                "location": 50
            }
        ],
        "52": [
            {
                "id": "relationship--c417561d-d3fa-4aa7-b272-6769b2ada225",
                "techID": "T1003.001",
                "tech_name": "LSASS Memory",
                "value": 0.8908687868909442,
                "min_id": 53,
                "order_ids": [
                    53,
                    52
                ],
                "sent_indexes": [
                    13,
                    13
                ],
                "combine_ids": [
                    13017,
                    13014
                ],
                "phrases": [
                    {
                        "source": {
                            "start": 39,
                            "end": 50,
                            "text": "credentials",
                            "id": 7,
                            "verbs": [
                                "harvest"
                            ],
                            "label": [
                                "DATA"
                            ],
                            "sent_index": 0,
                            "type": "object"
                        },
                        "dest": {
                            "start": 92,
                            "end": 103,
                            "text": "credentials",
                            "id": 17,
                            "label": [
                                "DATA"
                            ],
                            "sent_index": 13,
                            "type": "object"
                        }
                    },
                    {
                        "source": {
                            "start": 54,
                            "end": 74,
                            "text": "LSASS memory dumping",
                            "id": 11,
                            "verbs": [
                                "use"
                            ],
                            "label": [
                                "FUNCTION"
                            ],
                            "sent_index": 0,
                            "type": "object"
                        },
                        "dest": {
                            "start": 67,
                            "end": 79,
                            "text": "lsass memory",
                            "id": 14,
                            "verbs": [
                                "dump"
                            ],
                            "label": [
                                "DATA"
                            ],
                            "sent_index": 13,
                            "type": "object"
                        }
                    }
                ],
                "location": 52
            }
        ],
        "60": [
            {
                "id": "relationship--6809f70c-63a2-415d-8c64-66784fd80caf",
                "techID": "T1059.001",
                "tech_name": "PowerShell",
                "value": 0.9936292278611506,
                "min_id": 60,
                "order_ids": [
                    60
                ],
                "sent_indexes": [
                    17
                ],
                "combine_ids": [
                    17011
                ],
                "phrases": [
                    {
                        "source": {
                            "start": 19,
                            "end": 38,
                            "text": "PowerShell commands",
                            "id": 5,
                            "verbs": [
                                "execute",
                                "use"
                            ],
                            "label": [
                                "FUNCTION"
                            ],
                            "sent_index": 0,
                            "type": "object",
                            "texts": [
                                "PowerShell commands",
                                "PowerShell scripts"
                            ]
                        },
                        "dest": {
                            "start": 68,
                            "end": 86,
                            "text": "PowerShell scripts",
                            "id": 11,
                            "verbs": [
                                "run"
                            ],
                            "label": [
                                "FUNCTION"
                            ],
                            "sent_index": 17,
                            "type": "object"
                        }
                    }
                ],
                "location": 60
            }
        ],
        "68": [
            {
                "id": "relationship--e9249ab2-eeee-4984-9ee2-78ff52335077",
                "techID": "T1560.003",
                "tech_name": "Archive via Custom Method",
                "value": 0.8788975052381209,
                "min_id": 68,
                "order_ids": [
                    68
                ],
                "sent_indexes": [
                    18
                ],
                "combine_ids": [
                    18013
                ],
                "phrases": [
                    {
                        "source": {
                            "text": "information",
                            "start": 36,
                            "end": 48,
                            "id": 6,
                            "verbs": [
                                "exfiltrate"
                            ],
                            "label": [
                                "DATA"
                            ],
                            "sent_index": 0,
                            "type": "object"
                        },
                        "dest": {
                            "text": "data",
                            "start": 68,
                            "end": 72,
                            "id": 13,
                            "verbs": [
                                "exfiltrate"
                            ],
                            "label": [
                                "DATA"
                            ],
                            "sent_index": 18,
                            "type": "object"
                        }
                    }
                ],
                "location": 68
            }
        ],
        "74": [
            {
                "id": "relationship--24a9d604-0e19-4458-953b-7985b862bfaa",
                "techID": "T1048.003",
                "tech_name": "Exfiltration Over Unencrypted Non-C2 Protocol",
                "value": 0.8963690600304769,
                "min_id": 74,
                "order_ids": [
                    74,
                    73
                ],
                "sent_indexes": [
                    19,
                    19
                ],
                "combine_ids": [
                    19023,
                    19018
                ],
                "phrases": [
                    {
                        "source": {
                            "start": 27,
                            "end": 31,
                            "text": "data",
                            "id": 5,
                            "verbs": [
                                "upload"
                            ],
                            "label": [
                                "DATA"
                            ],
                            "sent_index": 0,
                            "type": "object",
                            "texts": [
                                "data",
                                "files"
                            ]
                        },
                        "dest": {
                            "start": 139,
                            "end": 143,
                            "text": "data",
                            "id": 23,
                            "verbs": [
                                "exfiltrate"
                            ],
                            "label": [
                                "DATA"
                            ],
                            "sent_index": 19,
                            "type": "object"
                        }
                    },
                    {
                        "source": {
                            "start": 48,
                            "end": 58,
                            "text": "FTP server",
                            "id": 11,
                            "verbs": [
                                "to"
                            ],
                            "label": [
                                "NETWORK"
                            ],
                            "sent_index": 0,
                            "type": "object"
                        },
                        "dest": {
                            "start": 99,
                            "end": 110,
                            "text": "file server",
                            "id": 18,
                            "label": [
                                "NETWORK"
                            ],
                            "sent_index": 19,
                            "type": "object"
                        }
                    }
                ],
                "location": 74
            }
        ]
    },
    "k2": {
        "0": [
            {
                "id": "relationship--9b55c1b3-94fd-436f-8910-9d0519d3b5b4",
                "techID": "T1588.001",
                "tech_name": "Malware",
                "value": 0.9999999329447741,
                "min_id": 29,
                "order_ids": [
                    29
                ],
                "sent_indexes": [
                    7
                ],
                "combine_ids": [
                    7006
                ],
                "phrases": [
                    {
                        "source": {
                            "start": 29,
                            "end": 37,
                            "text": "backdoor",
                            "id": 7,
                            "verbs": [
                                "use"
                            ],
                            "label": [
                                "FUNCTION"
                            ],
                            "sent_index": 0,
                            "type": "object",
                            "texts": [
                                "Conti ransomware",
                                "Cobalt Strike",
                                "backdoor",
                                "FunnyDream",
                                "malware"
                            ]
                        },
                        "dest": {
                            "start": 23,
                            "end": 36,
                            "text": "Cobalt Strike",
                            "id": 6,
                            "verbs": [
                                "use"
                            ],
                            "label": [
                                "FUNCTION"
                            ],
                            "sent_index": 7,
                            "type": "object"
                        }
                    }
                ],
                "location": 29
            }
        ],
        "5": [
            {
                "id": "relationship--0b2b0719-c82e-4d1f-b34c-7ed5dd5c8968",
                "techID": "T1071.003",
                "tech_name": "Mail Protocols",
                "value": 0.8773391965908732,
                "min_id": 16,
                "order_ids": [
                    5,
                    16
                ],
                "sent_indexes": [
                    1,
                    4
                ],
                "combine_ids": [
                    1013,
                    4015
                ],
                "phrases": [
                    {
                        "source": {
                            "start": 15,
                            "end": 32,
                            "text": "email attachments",
                            "id": 5,
                            "verbs": [
                                "use"
                            ],
                            "label": [
                                "DATA"
                            ],
                            "sent_index": 0,
                            "type": "object"
                        },
                        "dest": {
                            "start": 53,
                            "end": 68,
                            "text": "zip attachments",
                            "id": 13,
                            "verbs": [
                                "favor"
                            ],
                            "label": [
                                "ENCRYPTION"
                            ],
                            "sent_index": 1,
                            "type": "object"
                        }
                    },
                    {
                        "source": {
                            "start": 37,
                            "end": 39,
                            "text": "C2",
                            "id": 7,
                            "label": [
                                "NETWORK"
                            ],
                            "sent_index": 0,
                            "type": "object"
                        },
                        "dest": {
                            "start": 83,
                            "end": 85,
                            "text": "C2",
                            "id": 15,
                            "verbs": [
                                "to"
                            ],
                            "label": [
                                "NETWORK"
                            ],
                            "sent_index": 4,
                            "type": "object"
                        }
                    }
                ],
                "location": 5
            }
        ],
        "6": [
            {
                "techID": "T1059.007",
                "techName": "JavaScript",
                "value": 1.0,
                "min_id": 6,
                "location": 6,
                "order_ids": [
                    6
                ],
                "sent_indexes": [
                    1
                ]
            }
        ],
        "7": [
            {
                "id": "relationship--46c37037-00da-4cf5-bde1-4296e10e6483",
                "techID": "T1496",
                "tech_name": "Resource Hijacking",
                "value": 0.8851204837648539,
                "min_id": 7,
                "order_ids": [
                    7
                ],
                "sent_indexes": [
                    1
                ],
                "combine_ids": [
                    1022
                ],
                "phrases": [
                    {
                        "source": {
                            "start": 22,
                            "end": 42,
                            "text": "cryptomining malware",
                            "id": 5,
                            "verbs": [
                                "distribute"
                            ],
                            "label": [
                                "FUNCTION"
                            ],
                            "sent_index": 0,
                            "type": "object"
                        },
                        "dest": {
                            "start": 117,
                            "end": 136,
                            "text": "BazarLoader malware",
                            "id": 22,
                            "verbs": [
                                "download"
                            ],
                            "label": [
                                "FUNCTION"
                            ],
                            "sent_index": 1,
                            "type": "object"
                        }
                    }
                ],
                "location": 7
            }
        ],
        "11": [
            {
                "id": "relationship--7bbc0809-d6ba-4be5-9397-e44b9481f317",
                "techID": "T1129",
                "tech_name": "Shared Modules",
                "value": 0.9686283836035928,
                "min_id": 11,
                "order_ids": [
                    11
                ],
                "sent_indexes": [
                    3
                ],
                "combine_ids": [
                    3013
                ],
                "phrases": [
                    {
                        "source": {
                            "start": 22,
                            "end": 26,
                            "text": "DLLs",
                            "id": 4,
                            "verbs": [
                                "load"
                            ],
                            "label": [
                                "REGISTRY"
                            ],
                            "sent_index": 0,
                            "type": "object"
                        },
                        "dest": {
                            "start": 63,
                            "end": 78,
                            "text": "BazarLoader DLL",
                            "id": 13,
                            "verbs": [
                                "begin with",
                                "begin"
                            ],
                            "label": [
                                "REGISTRY"
                            ],
                            "sent_index": 3,
                            "type": "object"
                        }
                    }
                ],
                "location": 11
            }
        ],
        "22": [
            {
                "id": "relationship--524261f3-8b87-4c99-b99b-1e78032f072c",
                "techID": "T1033",
                "tech_name": "System Owner/User Discovery",
                "value": 0.8848779270137281,
                "min_id": 22,
                "order_ids": [
                    22
                ],
                "sent_indexes": [
                    4
                ],
                "combine_ids": [
                    4042
                ],
                "phrases": [
                    {
                        "source": {
                            "start": 17,
                            "end": 28,
                            "text": "local users",
                            "id": 4,
                            "verbs": [
                                "list"
                            ],
                            "label": [
                                "DATA"
                            ],
                            "sent_index": 0,
                            "type": "object",
                            "texts": [
                                "local users",
                                "session information"
                            ]
                        },
                        "dest": {
                            "start": 229,
                            "end": 234,
                            "text": "users",
                            "id": 42,
                            "verbs": [
                                "discover"
                            ],
                            "label": [
                                "DATA"
                            ],
                            "sent_index": 4,
                            "type": "object"
                        }
                    }
                ],
                "location": 22
            }
        ],
        "27": [
            {
                "id": "relationship--8dd22b15-a9bb-4acc-8fac-e366756ab50b",
                "techID": "T1547.004",
                "tech_name": "Winlogon Helper DLL",
                "value": 0.9560542420057246,
                "min_id": 27,
                "order_ids": [
                    27
                ],
                "sent_indexes": [
                    6
                ],
                "combine_ids": [
                    6021
                ],
                "phrases": [
                    {
                        "source": {
                            "start": 14,
                            "end": 33,
                            "text": "Winlogon Helper DLL",
                            "id": 6,
                            "verbs": [
                                "use"
                            ],
                            "label": [
                                "REGISTRY"
                            ],
                            "sent_index": 0,
                            "type": "object"
                        },
                        "dest": {
                            "start": 95,
                            "end": 119,
                            "text": "Cobalt Strike beacon DLL",
                            "id": 21,
                            "verbs": [
                                "execute",
                                "download"
                            ],
                            "label": [
                                "REGISTRY"
                            ],
                            "sent_index": 6,
                            "type": "object"
                        }
                    }
                ],
                "location": 27
            }
        ],
        "31": [
            {
                "id": "relationship--625ebfc0-7aaa-4eaf-8c49-be8b55c059d4",
                "techID": "T1018",
                "tech_name": "Remote System Discovery",
                "value": 0.9936292501559338,
                "min_id": 31,
                "order_ids": [
                    31
                ],
                "sent_indexes": [
                    7
                ],
                "combine_ids": [
                    7014
                ],
                "phrases": [
                    {
                        "source": {
                            "start": 18,
                            "end": 56,
                            "text": "network scanning and enumeration tools",
                            "id": 8,
                            "verbs": [
                                "use"
                            ],
                            "label": [
                                "FUNCTION"
                            ],
                            "sent_index": 0,
                            "type": "object",
                            "texts": [
                                "Ping",
                                "network scanning and enumeration tools"
                            ]
                        },
                        "dest": {
                            "start": 77,
                            "end": 96,
                            "text": "Microsoft utilities",
                            "id": 14,
                            "verbs": [
                                "use"
                            ],
                            "label": [
                                "FUNCTION"
                            ],
                            "sent_index": 7,
                            "type": "object",
                            "texts": [
                                "systeminfo",
                                "taskmanager",
                                "ping",
                                "net",
                                "Microsoft utilities"
                            ]
                        }
                    }
                ],
                "location": 31
            }
        ],
        "32": [
            {
                "id": "relationship--0743264d-1356-4f9e-96cc-8698f5e0e862",
                "techID": "T1550.002",
                "tech_name": "Pass the Hash",
                "value": 0.993629272450717,
                "min_id": 32,
                "order_ids": [
                    32
                ],
                "sent_indexes": [
                    8
                ],
                "combine_ids": [
                    8009
                ],
                "phrases": [
                    {
                        "source": {
                            "start": 24,
                            "end": 28,
                            "text": "hash",
                            "id": 6,
                            "verbs": [
                                "pass"
                            ],
                            "label": [
                                "DATA"
                            ],
                            "sent_index": 0,
                            "type": "object",
                            "texts": [
                                "hash"
                            ]
                        },
                        "dest": {
                            "start": 44,
                            "end": 48,
                            "text": "hash",
                            "id": 9,
                            "verbs": [
                                "pass"
                            ],
                            "label": [
                                "DATA"
                            ],
                            "sent_index": 8,
                            "type": "object"
                        }
                    }
                ],
                "location": 32
            }
        ],
        "33": [
            {
                "id": "relationship--57d595d2-4363-4816-826e-91e45dd364e5",
                "techID": "T1021.002",
                "tech_name": "SMB/Windows Admin Shares",
                "value": 0.8807558643119873,
                "min_id": 37,
                "order_ids": [
                    33,
                    37
                ],
                "sent_indexes": [
                    8,
                    9
                ],
                "combine_ids": [
                    8012,
                    9018
                ],
                "phrases": [
                    {
                        "source": {
                            "start": 11,
                            "end": 34,
                            "text": "administrative accounts",
                            "id": 4,
                            "verbs": [
                                "use"
                            ],
                            "label": [
                                "DATA"
                            ],
                            "sent_index": 0,
                            "type": "object"
                        },
                        "dest": {
                            "start": 62,
                            "end": 70,
                            "text": "accounts",
                            "id": 12,
                            "verbs": [
                                "with"
                            ],
                            "label": [
                                "DATA"
                            ],
                            "sent_index": 8,
                            "type": "object"
                        }
                    },
                    {
                        "source": {
                            "start": 51,
                            "end": 54,
                            "text": "SMB",
                            "id": 8,
                            "verbs": [
                                "use"
                            ],
                            "label": [
                                "NETWORK"
                            ],
                            "sent_index": 0,
                            "type": "object"
                        },
                        "dest": {
                            "start": 95,
                            "end": 98,
                            "text": "SMB",
                            "id": 18,
                            "label": [
                                "NETWORK"
                            ],
                            "sent_index": 9,
                            "type": "object"
                        }
                    }
                ],
                "location": 33
            }
        ],
        "36": [
            {
                "id": "relationship--01f4b583-4bd0-47eb-a108-c0bd7fd4d571",
                "techID": "T1016",
                "tech_name": "System Network Configuration Discovery",
                "value": 0.9936292613033253,
                "min_id": 36,
                "order_ids": [
                    31,
                    36
                ],
                "sent_indexes": [
                    7,
                    9
                ],
                "combine_ids": [
                    7014,
                    9016
                ],
                "phrases": [
                    {
                        "source": {
                            "start": 16,
                            "end": 20,
                            "text": "Ping",
                            "id": 4,
                            "verbs": [
                                "use"
                            ],
                            "label": [
                                "FUNCTION"
                            ],
                            "sent_index": 0,
                            "type": "object",
                            "texts": [
                                "Ping",
                                "tracert"
                            ]
                        },
                        "dest": {
                            "start": 77,
                            "end": 96,
                            "text": "Microsoft utilities",
                            "id": 14,
                            "verbs": [
                                "use"
                            ],
                            "label": [
                                "FUNCTION"
                            ],
                            "sent_index": 7,
                            "type": "object",
                            "texts": [
                                "systeminfo",
                                "taskmanager",
                                "ping",
                                "net",
                                "Microsoft utilities"
                            ]
                        }
                    },
                    {
                        "source": {
                            "text": "network",
                            "start": 37,
                            "end": 44,
                            "id": 8,
                            "verbs": [
                                "discover"
                            ],
                            "label": [
                                "NETWORK"
                            ],
                            "sent_index": 0,
                            "type": "object"
                        },
                        "dest": {
                            "start": 83,
                            "end": 90,
                            "text": "network",
                            "id": 16,
                            "verbs": [
                                "scan"
                            ],
                            "label": [
                                "NETWORK"
                            ],
                            "sent_index": 9,
                            "type": "object"
                        }
                    }
                ],
                "location": 36
            }
        ],
        "42": [
            {
                "id": "relationship--c4cbbe25-bc29-406d-b92e-6e50ee4cd322",
                "techID": "T1105",
                "tech_name": "Ingress Tool Transfer",
                "value": 0.8927345853331613,
                "min_id": 42,
                "order_ids": [
                    42
                ],
                "sent_indexes": [
                    11
                ],
                "combine_ids": [
                    11010
                ],
                "phrases": [
                    {
                        "source": {
                            "start": 41,
                            "end": 60,
                            "text": "arbitary executable",
                            "id": 8,
                            "verbs": [
                                "download"
                            ],
                            "label": [
                                "FUNCTION"
                            ],
                            "sent_index": 0,
                            "type": "object"
                        },
                        "dest": {
                            "start": 59,
                            "end": 69,
                            "text": "executable",
                            "id": 10,
                            "verbs": [
                                "transfer"
                            ],
                            "label": [
                                "FUNCTION"
                            ],
                            "sent_index": 11,
                            "type": "object"
                        }
                    }
                ],
                "location": 42
            }
        ],
        "45": [
            {
                "id": "relationship--b835f71a-b961-4d69-a7eb-6bf682f433de",
                "techID": "T1047",
                "tech_name": "Windows Management Instrumentation",
                "value": 0.9936291832715838,
                "min_id": 45,
                "order_ids": [
                    45
                ],
                "sent_indexes": [
                    11
                ],
                "combine_ids": [
                    11021
                ],
                "phrases": [
                    {
                        "source": {
                            "start": 39,
                            "end": 43,
                            "text": "WMIC",
                            "id": 7,
                            "verbs": [
                                "execute"
                            ],
                            "label": [
                                "FUNCTION"
                            ],
                            "sent_index": 0,
                            "type": "object"
                        },
                        "dest": {
                            "start": 129,
                            "end": 133,
                            "text": "wmic",
                            "id": 21,
                            "verbs": [
                                "use"
                            ],
                            "label": [
                                "FUNCTION"
                            ],
                            "sent_index": 11,
                            "type": "object"
                        }
                    }
                ],
                "location": 45
            }
        ],
        "48": [
            {
                "techID": "T1059.001",
                "techName": "PowerShell",
                "value": 1.0,
                "min_id": 48,
                "location": 48,
                "order_ids": [
                    48
                ],
                "sent_indexes": [
                    12
                ]
            }
        ],
        "50": [
            {
                "id": "relationship--1d37f088-123f-41bb-9367-a1696dbfe895",
                "techID": "T1021.001",
                "tech_name": "Remote Desktop Protocol",
                "value": 0.9936292278611506,
                "min_id": 50,
                "order_ids": [
                    50
                ],
                "sent_indexes": [
                    12
                ],
                "combine_ids": [
                    12027
                ],
                "phrases": [
                    {
                        "source": {
                            "start": 17,
                            "end": 20,
                            "text": "RDP",
                            "id": 4,
                            "verbs": [
                                "use"
                            ],
                            "label": [
                                "NETWORK"
                            ],
                            "sent_index": 0,
                            "type": "object",
                            "texts": [
                                "RDP"
                            ]
                        },
                        "dest": {
                            "start": 162,
                            "end": 165,
                            "text": "RDP",
                            "id": 27,
                            "verbs": [
                                "use"
                            ],
                            "label": [
                                "NETWORK"
                            ],
                            "sent_index": 12,
                            "type": "object"
                        }
                    }
                ],
                "location": 50
            }
        ],
        "52": [
            {
                "id": "relationship--c417561d-d3fa-4aa7-b272-6769b2ada225",
                "techID": "T1003.001",
                "tech_name": "LSASS Memory",
                "value": 0.8908687868909442,
                "min_id": 53,
                "order_ids": [
                    53,
                    52
                ],
                "sent_indexes": [
                    13,
                    13
                ],
                "combine_ids": [
                    13017,
                    13014
                ],
                "phrases": [
                    {
                        "source": {
                            "start": 39,
                            "end": 50,
                            "text": "credentials",
                            "id": 7,
                            "verbs": [
                                "harvest"
                            ],
                            "label": [
                                "DATA"
                            ],
                            "sent_index": 0,
                            "type": "object"
                        },
                        "dest": {
                            "start": 92,
                            "end": 103,
                            "text": "credentials",
                            "id": 17,
                            "label": [
                                "DATA"
                            ],
                            "sent_index": 13,
                            "type": "object"
                        }
                    },
                    {
                        "source": {
                            "start": 54,
                            "end": 74,
                            "text": "LSASS memory dumping",
                            "id": 11,
                            "verbs": [
                                "use"
                            ],
                            "label": [
                                "FUNCTION"
                            ],
                            "sent_index": 0,
                            "type": "object"
                        },
                        "dest": {
                            "start": 67,
                            "end": 79,
                            "text": "lsass memory",
                            "id": 14,
                            "verbs": [
                                "dump"
                            ],
                            "label": [
                                "DATA"
                            ],
                            "sent_index": 13,
                            "type": "object"
                        }
                    }
                ],
                "location": 52
            }
        ],
        "60": [
            {
                "id": "relationship--6809f70c-63a2-415d-8c64-66784fd80caf",
                "techID": "T1059.001",
                "tech_name": "PowerShell",
                "value": 0.9936292278611506,
                "min_id": 60,
                "order_ids": [
                    60
                ],
                "sent_indexes": [
                    17
                ],
                "combine_ids": [
                    17011
                ],
                "phrases": [
                    {
                        "source": {
                            "start": 19,
                            "end": 38,
                            "text": "PowerShell commands",
                            "id": 5,
                            "verbs": [
                                "execute",
                                "use"
                            ],
                            "label": [
                                "FUNCTION"
                            ],
                            "sent_index": 0,
                            "type": "object",
                            "texts": [
                                "PowerShell commands",
                                "PowerShell scripts"
                            ]
                        },
                        "dest": {
                            "start": 68,
                            "end": 86,
                            "text": "PowerShell scripts",
                            "id": 11,
                            "verbs": [
                                "run"
                            ],
                            "label": [
                                "FUNCTION"
                            ],
                            "sent_index": 17,
                            "type": "object"
                        }
                    }
                ],
                "location": 60
            }
        ],
        "68": [
            {
                "id": "relationship--e9249ab2-eeee-4984-9ee2-78ff52335077",
                "techID": "T1560.003",
                "tech_name": "Archive via Custom Method",
                "value": 0.8788975052381209,
                "min_id": 68,
                "order_ids": [
                    68
                ],
                "sent_indexes": [
                    18
                ],
                "combine_ids": [
                    18013
                ],
                "phrases": [
                    {
                        "source": {
                            "text": "information",
                            "start": 36,
                            "end": 48,
                            "id": 6,
                            "verbs": [
                                "exfiltrate"
                            ],
                            "label": [
                                "DATA"
                            ],
                            "sent_index": 0,
                            "type": "object"
                        },
                        "dest": {
                            "text": "data",
                            "start": 68,
                            "end": 72,
                            "id": 13,
                            "verbs": [
                                "exfiltrate"
                            ],
                            "label": [
                                "DATA"
                            ],
                            "sent_index": 18,
                            "type": "object"
                        }
                    }
                ],
                "location": 68
            }
        ],
        "74": [
            {
                "id": "relationship--24a9d604-0e19-4458-953b-7985b862bfaa",
                "techID": "T1048.003",
                "tech_name": "Exfiltration Over Unencrypted Non-C2 Protocol",
                "value": 0.8963690600304769,
                "min_id": 74,
                "order_ids": [
                    74,
                    73
                ],
                "sent_indexes": [
                    19,
                    19
                ],
                "combine_ids": [
                    19023,
                    19018
                ],
                "phrases": [
                    {
                        "source": {
                            "start": 27,
                            "end": 31,
                            "text": "data",
                            "id": 5,
                            "verbs": [
                                "upload"
                            ],
                            "label": [
                                "DATA"
                            ],
                            "sent_index": 0,
                            "type": "object",
                            "texts": [
                                "data",
                                "files"
                            ]
                        },
                        "dest": {
                            "start": 139,
                            "end": 143,
                            "text": "data",
                            "id": 23,
                            "verbs": [
                                "exfiltrate"
                            ],
                            "label": [
                                "DATA"
                            ],
                            "sent_index": 19,
                            "type": "object"
                        }
                    },
                    {
                        "source": {
                            "start": 48,
                            "end": 58,
                            "text": "FTP server",
                            "id": 11,
                            "verbs": [
                                "to"
                            ],
                            "label": [
                                "NETWORK"
                            ],
                            "sent_index": 0,
                            "type": "object"
                        },
                        "dest": {
                            "start": 99,
                            "end": 110,
                            "text": "file server",
                            "id": 18,
                            "label": [
                                "NETWORK"
                            ],
                            "sent_index": 19,
                            "type": "object"
                        }
                    }
                ],
                "location": 74
            }
        ]
    },
    "full_path": [
        "T1588.001",
        "T1071.003",
        "T1059.007",
        "T1496",
        "T1129",
        "T1033",
        "T1547.004",
        "T1018",
        "T1550.002",
        "T1021.002",
        "T1016",
        "T1105",
        "T1047",
        "T1059.001",
        "T1021.001",
        "T1003.001",
        "T1560.003",
        "T1048.003"
    ],
    "top_k_path": {
        "0": [
            "T1588.001"
        ],
        "5": [
            "T1071.003"
        ],
        "6": [
            "T1059.007"
        ],
        "7": [
            "T1496"
        ],
        "11": [
            "T1129"
        ],
        "22": [
            "T1033"
        ],
        "27": [
            "T1547.004"
        ],
        "31": [
            "T1018"
        ],
        "32": [
            "T1550.002"
        ],
        "33": [
            "T1021.002"
        ],
        "36": [
            "T1016"
        ],
        "42": [
            "T1105"
        ],
        "45": [
            "T1047"
        ],
        "48": [
            "T1059.001"
        ],
        "50": [
            "T1021.001"
        ],
        "52": [
            "T1003.001"
        ],
        "60": [
            "T1059.001"
        ],
        "68": [
            "T1560.003"
        ],
        "74": [
            "T1048.003"
        ]
    }
}