{
    "best": {
        "0": [
            {
                "techID": "T1589.001",
                "techName": "Credentials",
                "value": 1.0,
                "min_id": 56,
                "location": 56,
                "order_ids": [
                    56
                ],
                "sent_indexes": [
                    8
                ]
            }
        ],
        "26": [
            {
                "id": "relationship--a602be33-6ed6-4f73-b7f6-10b47581707a",
                "techID": "T1087.002",
                "tech_name": "Domain Account",
                "value": 0.9039995256727168,
                "min_id": 26,
                "order_ids": [
                    26,
                    22
                ],
                "sent_indexes": [
                    3,
                    3
                ],
                "combine_ids": [
                    3042,
                    3020
                ],
                "phrases": [
                    {
                        "source": {
                            "start": 28,
                            "end": 50,
                            "text": "administrator accounts",
                            "id": 6,
                            "verbs": [
                                "search"
                            ],
                            "label": [
                                "DATA"
                            ],
                            "sent_index": 0,
                            "type": "object"
                        },
                        "dest": {
                            "start": 257,
                            "end": 278,
                            "text": "Domain Admin accounts",
                            "id": 42,
                            "verbs": [
                                "list"
                            ],
                            "label": [
                                "DATA"
                            ],
                            "sent_index": 3,
                            "type": "object"
                        }
                    },
                    {
                        "source": {
                            "start": 63,
                            "end": 83,
                            "text": "local victim machine",
                            "id": 12,
                            "label": [
                                "COMPONENT",
                                "NETWORK"
                            ],
                            "sent_index": 0,
                            "type": "object",
                            "texts": [
                                "network",
                                "local victim machine"
                            ]
                        },
                        "dest": {
                            "start": 129,
                            "end": 136,
                            "text": "network",
                            "id": 20,
                            "label": [
                                "NETWORK"
                            ],
                            "sent_index": 3,
                            "type": "object"
                        }
                    }
                ],
                "location": 26
            }
        ],
        "29": [
            {
                "id": "relationship--041e8f9b-6cdb-44b3-aa37-a274a4de9a0b",
                "techID": "T1082",
                "tech_name": "System Information Discovery",
                "value": 0.8708128690353795,
                "min_id": 29,
                "order_ids": [
                    29
                ],
                "sent_indexes": [
                    4
                ],
                "combine_ids": [
                    4006
                ],
                "phrases": [
                    {
                        "source": {
                            "start": 24,
                            "end": 35,
                            "text": "MAC address",
                            "id": 5,
                            "verbs": [
                                "identify",
                                "discover",
                                "obtain",
                                "capture",
                                "retrieve",
                                "gather",
                                "collect"
                            ],
                            "label": [
                                "OTHER",
                                "DIRECTORY",
                                "NETWORK",
                                "DATA"
                            ],
                            "sent_index": 0,
                            "type": "object",
                            "texts": [
                                "victim PC name",
                                "serial number",
                                "BIOS model",
                                "OS version information",
                                "MAC address",
                                "hardware information",
                                "system architecture",
                                "system volume serial number",
                                "OS information",
                                "operating system version",
                                "GUID",
                                "CPU details",
                                "battery status",
                                "CPU information",
                                "default language identifier",
                                "machine name",
                                "system memory status",
                                "OS version",
                                "system language",
                                "Windows product name/version",
                                "uptime",
                                "PC name",
                                "computer name",
                                "processor information",
                                "logical drives information",
                                "processor architecture",
                                "execution path",
                                "system and user language settings",
                                "victim machine information",
                                "RAM size",
                                "compromised host information",
                                "volume information",
                                "disk space information",
                                "OS edition",
                                "architecture information",
                                "OS bit information",
                                "memory space",
                                "hostname",
                                "computer names",
                                "victim computer name",
                                "machine role",
                                "system information",
                                "disk space"
                            ]
                        },
                        "dest": {
                            "text": "information",
                            "start": 26,
                            "end": 35,
                            "id": 6,
                            "verbs": [
                                "discover"
                            ],
                            "label": [
                                "DATA"
                            ],
                            "sent_index": 4,
                            "type": "object"
                        }
                    }
                ],
                "location": 29
            }
        ],
        "39": [
            {
                "id": "relationship--0cbc1f3f-7a32-4056-bfa6-25186ac5e6a4",
                "techID": "T1057",
                "tech_name": "Process Discovery",
                "value": 0.993629272450717,
                "min_id": 39,
                "order_ids": [
                    39
                ],
                "sent_indexes": [
                    6
                ],
                "combine_ids": [
                    6013
                ],
                "phrases": [
                    {
                        "source": {
                            "start": 23,
                            "end": 32,
                            "text": "processes",
                            "id": 4,
                            "verbs": [
                                "discover",
                                "list",
                                "enumerate",
                                "search",
                                "check"
                            ],
                            "label": [
                                "FUNCTION"
                            ],
                            "sent_index": 0,
                            "type": "object",
                            "texts": [
                                "BkavUtil.exe",
                                "processes",
                                "Bka.exe",
                                "process"
                            ]
                        },
                        "dest": {
                            "start": 63,
                            "end": 70,
                            "text": "process",
                            "id": 13,
                            "verbs": [
                                "observe"
                            ],
                            "label": [
                                "FUNCTION"
                            ],
                            "sent_index": 6,
                            "type": "object"
                        }
                    }
                ],
                "location": 39
            }
        ],
        "42": [
            {
                "id": "relationship--00aa618f-bcfa-4649-8436-134f9d01e43c",
                "techID": "T1071.004",
                "tech_name": "DNS",
                "value": 0.9028173967680776,
                "min_id": 42,
                "order_ids": [
                    42,
                    31
                ],
                "sent_indexes": [
                    6,
                    4
                ],
                "combine_ids": [
                    6029,
                    4013
                ],
                "phrases": [
                    {
                        "source": {
                            "start": 31,
                            "end": 33,
                            "text": "C2",
                            "id": 6,
                            "verbs": [
                                "with",
                                "communicate"
                            ],
                            "label": [
                                "NETWORK"
                            ],
                            "sent_index": 0,
                            "type": "object",
                            "texts": [
                                "C2"
                            ]
                        },
                        "dest": {
                            "start": 144,
                            "end": 146,
                            "text": "C2",
                            "id": 29,
                            "verbs": [
                                "from"
                            ],
                            "label": [
                                "NETWORK"
                            ],
                            "sent_index": 6,
                            "type": "object"
                        }
                    },
                    {
                        "source": {
                            "start": 39,
                            "end": 42,
                            "text": "DNS",
                            "id": 8,
                            "verbs": [
                                "use"
                            ],
                            "label": [
                                "NETWORK"
                            ],
                            "sent_index": 0,
                            "type": "object",
                            "texts": [
                                "DNS"
                            ]
                        },
                        "dest": {
                            "start": 46,
                            "end": 72,
                            "text": "built in Windows utilities",
                            "id": 13,
                            "verbs": [
                                "rely"
                            ],
                            "label": [
                                "FUNCTION",
                                "NETWORK"
                            ],
                            "sent_index": 4,
                            "type": "object",
                            "texts": [
                                "arp",
                                "nslookup",
                                "nbtstat",
                                "ping",
                                "net",
                                "nltest",
                                "built in Windows utilities"
                            ]
                        }
                    }
                ],
                "location": 42
            }
        ],
        "46": [
            {
                "id": "relationship--00991be5-e2c2-4645-b743-e9e4af3d38b9",
                "techID": "T1548.003",
                "tech_name": "Sudo and Sudo Caching",
                "value": 0.9283040501067019,
                "min_id": 46,
                "order_ids": [
                    33,
                    46
                ],
                "sent_indexes": [
                    5,
                    7
                ],
                "combine_ids": [
                    5005,
                    7012
                ],
                "phrases": [
                    {
                        "source": {
                            "start": 22,
                            "end": 26,
                            "text": "sudo",
                            "id": 5,
                            "verbs": [
                                "use"
                            ],
                            "label": [
                                "USER"
                            ],
                            "sent_index": 0,
                            "type": "object"
                        },
                        "dest": {
                            "start": 27,
                            "end": 31,
                            "text": "user",
                            "id": 5,
                            "verbs": [
                                "execute",
                                "under"
                            ],
                            "label": [
                                "USER"
                            ],
                            "sent_index": 5,
                            "type": "object"
                        }
                    },
                    {
                        "source": {
                            "start": 36,
                            "end": 43,
                            "text": "command",
                            "id": 9,
                            "verbs": [
                                "run"
                            ],
                            "label": [
                                "FUNCTION"
                            ],
                            "sent_index": 0,
                            "type": "object"
                        },
                        "dest": {
                            "start": 63,
                            "end": 70,
                            "text": "command",
                            "id": 12,
                            "verbs": [
                                "cut"
                            ],
                            "label": [
                                "FUNCTION"
                            ],
                            "sent_index": 7,
                            "type": "object"
                        }
                    }
                ],
                "location": 46
            }
        ],
        "49": [
            {
                "id": "relationship--a01e5280-ae4f-4edd-bb57-e29e8426cc3b",
                "techID": "T1008",
                "tech_name": "Fallback Channels",
                "value": 0.8822099018508105,
                "min_id": 49,
                "order_ids": [
                    49,
                    42
                ],
                "sent_indexes": [
                    7,
                    6
                ],
                "combine_ids": [
                    7019,
                    6029
                ],
                "phrases": [
                    {
                        "source": {
                            "start": 27,
                            "end": 34,
                            "text": "domains",
                            "id": 5,
                            "verbs": [
                                "use"
                            ],
                            "label": [
                                "NETWORK"
                            ],
                            "sent_index": 0,
                            "type": "object",
                            "texts": [
                                "domains",
                                "protocols"
                            ]
                        },
                        "dest": {
                            "start": 102,
                            "end": 109,
                            "text": "/domain",
                            "id": 19,
                            "verbs": [
                                "cut"
                            ],
                            "label": [
                                "OTHER"
                            ],
                            "sent_index": 7,
                            "type": "object"
                        }
                    },
                    {
                        "source": {
                            "start": 52,
                            "end": 54,
                            "text": "C2",
                            "id": 9,
                            "label": [
                                "NETWORK"
                            ],
                            "sent_index": 0,
                            "type": "object"
                        },
                        "dest": {
                            "start": 144,
                            "end": 146,
                            "text": "C2",
                            "id": 29,
                            "verbs": [
                                "from"
                            ],
                            "label": [
                                "NETWORK"
                            ],
                            "sent_index": 6,
                            "type": "object"
                        }
                    }
                ],
                "location": 49
            }
        ],
        "56": [
            {
                "id": "relationship--fad2a504-6e00-4892-bf88-b49d6d18788c",
                "techID": "T1003",
                "tech_name": "OS Credential Dumping",
                "value": 0.993629272450717,
                "min_id": 56,
                "order_ids": [
                    56
                ],
                "sent_indexes": [
                    8
                ],
                "combine_ids": [
                    8021
                ],
                "phrases": [
                    {
                        "source": {
                            "start": 15,
                            "end": 26,
                            "text": "credentials",
                            "id": 4,
                            "verbs": [
                                "dump"
                            ],
                            "label": [
                                "DATA"
                            ],
                            "sent_index": 0,
                            "type": "object"
                        },
                        "dest": {
                            "start": 119,
                            "end": 130,
                            "text": "credentials",
                            "id": 21,
                            "verbs": [
                                "dump"
                            ],
                            "label": [
                                "DATA"
                            ],
                            "sent_index": 8,
                            "type": "object"
                        }
                    }
                ],
                "location": 56
            }
        ],
        "60": [
            {
                "id": "relationship--1d37f088-123f-41bb-9367-a1696dbfe895",
                "techID": "T1021.001",
                "tech_name": "Remote Desktop Protocol",
                "value": 0.9936292278611506,
                "min_id": 60,
                "order_ids": [
                    60
                ],
                "sent_indexes": [
                    9
                ],
                "combine_ids": [
                    9009
                ],
                "phrases": [
                    {
                        "source": {
                            "start": 17,
                            "end": 20,
                            "text": "RDP",
                            "id": 4,
                            "verbs": [
                                "use"
                            ],
                            "label": [
                                "NETWORK"
                            ],
                            "sent_index": 0,
                            "type": "object",
                            "texts": [
                                "RDP"
                            ]
                        },
                        "dest": {
                            "start": 43,
                            "end": 46,
                            "text": "RDP",
                            "id": 9,
                            "verbs": [
                                "use",
                                "by"
                            ],
                            "label": [
                                "NETWORK"
                            ],
                            "sent_index": 9,
                            "type": "object"
                        }
                    }
                ],
                "location": 60
            }
        ],
        "62": [
            {
                "id": "relationship--5db107fe-7b8d-4093-a551-492eb4a72ed9",
                "techID": "T1136.001",
                "tech_name": "Local Account",
                "value": 0.8737918480321336,
                "min_id": 62,
                "order_ids": [
                    62
                ],
                "sent_indexes": [
                    10
                ],
                "combine_ids": [
                    10004
                ],
                "phrases": [
                    {
                        "source": {
                            "start": 29,
                            "end": 33,
                            "text": "user",
                            "id": 6,
                            "verbs": [
                                "create"
                            ],
                            "label": [
                                "USER",
                                "FUNCTION",
                                "DATA"
                            ],
                            "sent_index": 0,
                            "type": "object",
                            "texts": [
                                "\"monerodaemon",
                                "user",
                                "\"supportaccount"
                            ]
                        },
                        "dest": {
                            "start": 6,
                            "end": 16,
                            "text": "local user",
                            "id": 4,
                            "verbs": [
                                "create"
                            ],
                            "label": [
                                "USER"
                            ],
                            "sent_index": 10,
                            "type": "object"
                        }
                    }
                ],
                "location": 62
            }
        ],
        "69": [
            {
                "id": "relationship--6435a96b-f3b5-4a16-876f-901650257d36",
                "techID": "T1083",
                "tech_name": "File and Directory Discovery",
                "value": 0.993629272450717,
                "min_id": 69,
                "order_ids": [
                    69
                ],
                "sent_indexes": [
                    11
                ],
                "combine_ids": [
                    11019
                ],
                "phrases": [
                    {
                        "source": {
                            "start": 35,
                            "end": 42,
                            "text": "folders",
                            "id": 5,
                            "verbs": [
                                "enumerate"
                            ],
                            "label": [
                                "DATA",
                                "DIRECTORY"
                            ],
                            "sent_index": 0,
                            "type": "object",
                            "texts": [
                                "Desktop",
                                "Documents",
                                "folders",
                                "AppData"
                            ]
                        },
                        "dest": {
                            "start": 109,
                            "end": 118,
                            "text": "documents",
                            "id": 19,
                            "verbs": [
                                "access"
                            ],
                            "label": [
                                "DATA"
                            ],
                            "sent_index": 11,
                            "type": "object"
                        }
                    }
                ],
                "location": 69
            }
        ]
    },
    "k2": {
        "0": [
            {
                "techID": "T1589.001",
                "techName": "Credentials",
                "value": 1.0,
                "min_id": 56,
                "location": 56,
                "order_ids": [
                    56
                ],
                "sent_indexes": [
                    8
                ]
            }
        ],
        "26": [
            {
                "id": "relationship--a602be33-6ed6-4f73-b7f6-10b47581707a",
                "techID": "T1087.002",
                "tech_name": "Domain Account",
                "value": 0.9039995256727168,
                "min_id": 26,
                "order_ids": [
                    26,
                    22
                ],
                "sent_indexes": [
                    3,
                    3
                ],
                "combine_ids": [
                    3042,
                    3020
                ],
                "phrases": [
                    {
                        "source": {
                            "start": 28,
                            "end": 50,
                            "text": "administrator accounts",
                            "id": 6,
                            "verbs": [
                                "search"
                            ],
                            "label": [
                                "DATA"
                            ],
                            "sent_index": 0,
                            "type": "object"
                        },
                        "dest": {
                            "start": 257,
                            "end": 278,
                            "text": "Domain Admin accounts",
                            "id": 42,
                            "verbs": [
                                "list"
                            ],
                            "label": [
                                "DATA"
                            ],
                            "sent_index": 3,
                            "type": "object"
                        }
                    },
                    {
                        "source": {
                            "start": 63,
                            "end": 83,
                            "text": "local victim machine",
                            "id": 12,
                            "label": [
                                "COMPONENT",
                                "NETWORK"
                            ],
                            "sent_index": 0,
                            "type": "object",
                            "texts": [
                                "network",
                                "local victim machine"
                            ]
                        },
                        "dest": {
                            "start": 129,
                            "end": 136,
                            "text": "network",
                            "id": 20,
                            "label": [
                                "NETWORK"
                            ],
                            "sent_index": 3,
                            "type": "object"
                        }
                    }
                ],
                "location": 26
            }
        ],
        "29": [
            {
                "id": "relationship--041e8f9b-6cdb-44b3-aa37-a274a4de9a0b",
                "techID": "T1082",
                "tech_name": "System Information Discovery",
                "value": 0.8708128690353795,
                "min_id": 29,
                "order_ids": [
                    29
                ],
                "sent_indexes": [
                    4
                ],
                "combine_ids": [
                    4006
                ],
                "phrases": [
                    {
                        "source": {
                            "start": 24,
                            "end": 35,
                            "text": "MAC address",
                            "id": 5,
                            "verbs": [
                                "identify",
                                "discover",
                                "obtain",
                                "capture",
                                "retrieve",
                                "gather",
                                "collect"
                            ],
                            "label": [
                                "OTHER",
                                "DIRECTORY",
                                "NETWORK",
                                "DATA"
                            ],
                            "sent_index": 0,
                            "type": "object",
                            "texts": [
                                "victim PC name",
                                "serial number",
                                "BIOS model",
                                "OS version information",
                                "MAC address",
                                "hardware information",
                                "system architecture",
                                "system volume serial number",
                                "OS information",
                                "operating system version",
                                "GUID",
                                "CPU details",
                                "battery status",
                                "CPU information",
                                "default language identifier",
                                "machine name",
                                "system memory status",
                                "OS version",
                                "system language",
                                "Windows product name/version",
                                "uptime",
                                "PC name",
                                "computer name",
                                "processor information",
                                "logical drives information",
                                "processor architecture",
                                "execution path",
                                "system and user language settings",
                                "victim machine information",
                                "RAM size",
                                "compromised host information",
                                "volume information",
                                "disk space information",
                                "OS edition",
                                "architecture information",
                                "OS bit information",
                                "memory space",
                                "hostname",
                                "computer names",
                                "victim computer name",
                                "machine role",
                                "system information",
                                "disk space"
                            ]
                        },
                        "dest": {
                            "text": "information",
                            "start": 26,
                            "end": 35,
                            "id": 6,
                            "verbs": [
                                "discover"
                            ],
                            "label": [
                                "DATA"
                            ],
                            "sent_index": 4,
                            "type": "object"
                        }
                    }
                ],
                "location": 29
            }
        ],
        "39": [
            {
                "id": "relationship--0cbc1f3f-7a32-4056-bfa6-25186ac5e6a4",
                "techID": "T1057",
                "tech_name": "Process Discovery",
                "value": 0.993629272450717,
                "min_id": 39,
                "order_ids": [
                    39
                ],
                "sent_indexes": [
                    6
                ],
                "combine_ids": [
                    6013
                ],
                "phrases": [
                    {
                        "source": {
                            "start": 23,
                            "end": 32,
                            "text": "processes",
                            "id": 4,
                            "verbs": [
                                "discover",
                                "list",
                                "enumerate",
                                "search",
                                "check"
                            ],
                            "label": [
                                "FUNCTION"
                            ],
                            "sent_index": 0,
                            "type": "object",
                            "texts": [
                                "BkavUtil.exe",
                                "processes",
                                "Bka.exe",
                                "process"
                            ]
                        },
                        "dest": {
                            "start": 63,
                            "end": 70,
                            "text": "process",
                            "id": 13,
                            "verbs": [
                                "observe"
                            ],
                            "label": [
                                "FUNCTION"
                            ],
                            "sent_index": 6,
                            "type": "object"
                        }
                    }
                ],
                "location": 39
            }
        ],
        "42": [
            {
                "id": "relationship--00aa618f-bcfa-4649-8436-134f9d01e43c",
                "techID": "T1071.004",
                "tech_name": "DNS",
                "value": 0.9028173967680776,
                "min_id": 42,
                "order_ids": [
                    42,
                    31
                ],
                "sent_indexes": [
                    6,
                    4
                ],
                "combine_ids": [
                    6029,
                    4013
                ],
                "phrases": [
                    {
                        "source": {
                            "start": 31,
                            "end": 33,
                            "text": "C2",
                            "id": 6,
                            "verbs": [
                                "with",
                                "communicate"
                            ],
                            "label": [
                                "NETWORK"
                            ],
                            "sent_index": 0,
                            "type": "object",
                            "texts": [
                                "C2"
                            ]
                        },
                        "dest": {
                            "start": 144,
                            "end": 146,
                            "text": "C2",
                            "id": 29,
                            "verbs": [
                                "from"
                            ],
                            "label": [
                                "NETWORK"
                            ],
                            "sent_index": 6,
                            "type": "object"
                        }
                    },
                    {
                        "source": {
                            "start": 39,
                            "end": 42,
                            "text": "DNS",
                            "id": 8,
                            "verbs": [
                                "use"
                            ],
                            "label": [
                                "NETWORK"
                            ],
                            "sent_index": 0,
                            "type": "object",
                            "texts": [
                                "DNS"
                            ]
                        },
                        "dest": {
                            "start": 46,
                            "end": 72,
                            "text": "built in Windows utilities",
                            "id": 13,
                            "verbs": [
                                "rely"
                            ],
                            "label": [
                                "FUNCTION",
                                "NETWORK"
                            ],
                            "sent_index": 4,
                            "type": "object",
                            "texts": [
                                "arp",
                                "nslookup",
                                "nbtstat",
                                "ping",
                                "net",
                                "nltest",
                                "built in Windows utilities"
                            ]
                        }
                    }
                ],
                "location": 42
            }
        ],
        "46": [
            {
                "id": "relationship--00991be5-e2c2-4645-b743-e9e4af3d38b9",
                "techID": "T1548.003",
                "tech_name": "Sudo and Sudo Caching",
                "value": 0.9283040501067019,
                "min_id": 46,
                "order_ids": [
                    33,
                    46
                ],
                "sent_indexes": [
                    5,
                    7
                ],
                "combine_ids": [
                    5005,
                    7012
                ],
                "phrases": [
                    {
                        "source": {
                            "start": 22,
                            "end": 26,
                            "text": "sudo",
                            "id": 5,
                            "verbs": [
                                "use"
                            ],
                            "label": [
                                "USER"
                            ],
                            "sent_index": 0,
                            "type": "object"
                        },
                        "dest": {
                            "start": 27,
                            "end": 31,
                            "text": "user",
                            "id": 5,
                            "verbs": [
                                "execute",
                                "under"
                            ],
                            "label": [
                                "USER"
                            ],
                            "sent_index": 5,
                            "type": "object"
                        }
                    },
                    {
                        "source": {
                            "start": 36,
                            "end": 43,
                            "text": "command",
                            "id": 9,
                            "verbs": [
                                "run"
                            ],
                            "label": [
                                "FUNCTION"
                            ],
                            "sent_index": 0,
                            "type": "object"
                        },
                        "dest": {
                            "start": 63,
                            "end": 70,
                            "text": "command",
                            "id": 12,
                            "verbs": [
                                "cut"
                            ],
                            "label": [
                                "FUNCTION"
                            ],
                            "sent_index": 7,
                            "type": "object"
                        }
                    }
                ],
                "location": 46
            }
        ],
        "49": [
            {
                "id": "relationship--a01e5280-ae4f-4edd-bb57-e29e8426cc3b",
                "techID": "T1008",
                "tech_name": "Fallback Channels",
                "value": 0.8822099018508105,
                "min_id": 49,
                "order_ids": [
                    49,
                    42
                ],
                "sent_indexes": [
                    7,
                    6
                ],
                "combine_ids": [
                    7019,
                    6029
                ],
                "phrases": [
                    {
                        "source": {
                            "start": 27,
                            "end": 34,
                            "text": "domains",
                            "id": 5,
                            "verbs": [
                                "use"
                            ],
                            "label": [
                                "NETWORK"
                            ],
                            "sent_index": 0,
                            "type": "object",
                            "texts": [
                                "domains",
                                "protocols"
                            ]
                        },
                        "dest": {
                            "start": 102,
                            "end": 109,
                            "text": "/domain",
                            "id": 19,
                            "verbs": [
                                "cut"
                            ],
                            "label": [
                                "OTHER"
                            ],
                            "sent_index": 7,
                            "type": "object"
                        }
                    },
                    {
                        "source": {
                            "start": 52,
                            "end": 54,
                            "text": "C2",
                            "id": 9,
                            "label": [
                                "NETWORK"
                            ],
                            "sent_index": 0,
                            "type": "object"
                        },
                        "dest": {
                            "start": 144,
                            "end": 146,
                            "text": "C2",
                            "id": 29,
                            "verbs": [
                                "from"
                            ],
                            "label": [
                                "NETWORK"
                            ],
                            "sent_index": 6,
                            "type": "object"
                        }
                    }
                ],
                "location": 49
            }
        ],
        "56": [
            {
                "id": "relationship--fad2a504-6e00-4892-bf88-b49d6d18788c",
                "techID": "T1003",
                "tech_name": "OS Credential Dumping",
                "value": 0.993629272450717,
                "min_id": 56,
                "order_ids": [
                    56
                ],
                "sent_indexes": [
                    8
                ],
                "combine_ids": [
                    8021
                ],
                "phrases": [
                    {
                        "source": {
                            "start": 15,
                            "end": 26,
                            "text": "credentials",
                            "id": 4,
                            "verbs": [
                                "dump"
                            ],
                            "label": [
                                "DATA"
                            ],
                            "sent_index": 0,
                            "type": "object"
                        },
                        "dest": {
                            "start": 119,
                            "end": 130,
                            "text": "credentials",
                            "id": 21,
                            "verbs": [
                                "dump"
                            ],
                            "label": [
                                "DATA"
                            ],
                            "sent_index": 8,
                            "type": "object"
                        }
                    }
                ],
                "location": 56
            }
        ],
        "60": [
            {
                "id": "relationship--1d37f088-123f-41bb-9367-a1696dbfe895",
                "techID": "T1021.001",
                "tech_name": "Remote Desktop Protocol",
                "value": 0.9936292278611506,
                "min_id": 60,
                "order_ids": [
                    60
                ],
                "sent_indexes": [
                    9
                ],
                "combine_ids": [
                    9009
                ],
                "phrases": [
                    {
                        "source": {
                            "start": 17,
                            "end": 20,
                            "text": "RDP",
                            "id": 4,
                            "verbs": [
                                "use"
                            ],
                            "label": [
                                "NETWORK"
                            ],
                            "sent_index": 0,
                            "type": "object",
                            "texts": [
                                "RDP"
                            ]
                        },
                        "dest": {
                            "start": 43,
                            "end": 46,
                            "text": "RDP",
                            "id": 9,
                            "verbs": [
                                "use",
                                "by"
                            ],
                            "label": [
                                "NETWORK"
                            ],
                            "sent_index": 9,
                            "type": "object"
                        }
                    }
                ],
                "location": 60
            }
        ],
        "62": [
            {
                "id": "relationship--5db107fe-7b8d-4093-a551-492eb4a72ed9",
                "techID": "T1136.001",
                "tech_name": "Local Account",
                "value": 0.8737918480321336,
                "min_id": 62,
                "order_ids": [
                    62
                ],
                "sent_indexes": [
                    10
                ],
                "combine_ids": [
                    10004
                ],
                "phrases": [
                    {
                        "source": {
                            "start": 29,
                            "end": 33,
                            "text": "user",
                            "id": 6,
                            "verbs": [
                                "create"
                            ],
                            "label": [
                                "USER",
                                "FUNCTION",
                                "DATA"
                            ],
                            "sent_index": 0,
                            "type": "object",
                            "texts": [
                                "\"monerodaemon",
                                "user",
                                "\"supportaccount"
                            ]
                        },
                        "dest": {
                            "start": 6,
                            "end": 16,
                            "text": "local user",
                            "id": 4,
                            "verbs": [
                                "create"
                            ],
                            "label": [
                                "USER"
                            ],
                            "sent_index": 10,
                            "type": "object"
                        }
                    }
                ],
                "location": 62
            }
        ],
        "69": [
            {
                "id": "relationship--6435a96b-f3b5-4a16-876f-901650257d36",
                "techID": "T1083",
                "tech_name": "File and Directory Discovery",
                "value": 0.993629272450717,
                "min_id": 69,
                "order_ids": [
                    69
                ],
                "sent_indexes": [
                    11
                ],
                "combine_ids": [
                    11019
                ],
                "phrases": [
                    {
                        "source": {
                            "start": 35,
                            "end": 42,
                            "text": "folders",
                            "id": 5,
                            "verbs": [
                                "enumerate"
                            ],
                            "label": [
                                "DATA",
                                "DIRECTORY"
                            ],
                            "sent_index": 0,
                            "type": "object",
                            "texts": [
                                "Desktop",
                                "Documents",
                                "folders",
                                "AppData"
                            ]
                        },
                        "dest": {
                            "start": 109,
                            "end": 118,
                            "text": "documents",
                            "id": 19,
                            "verbs": [
                                "access"
                            ],
                            "label": [
                                "DATA"
                            ],
                            "sent_index": 11,
                            "type": "object"
                        }
                    }
                ],
                "location": 69
            }
        ]
    },
    "full_path": [
        "T1589.001",
        "T1087.002",
        "T1082",
        "T1057",
        "T1071.004",
        "T1548.003",
        "T1008",
        "T1003",
        "T1021.001",
        "T1136.001",
        "T1083"
    ],
    "top_k_path": {
        "0": [
            "T1589.001"
        ],
        "26": [
            "T1087.002"
        ],
        "29": [
            "T1082"
        ],
        "39": [
            "T1057"
        ],
        "42": [
            "T1071.004"
        ],
        "46": [
            "T1548.003"
        ],
        "49": [
            "T1008"
        ],
        "56": [
            "T1003"
        ],
        "60": [
            "T1021.001"
        ],
        "62": [
            "T1136.001"
        ],
        "69": [
            "T1083"
        ]
    }
}