{
    "best": {
        "0": [
            {
                "id": "relationship--62478274-7562-414a-9b03-f155f5a0d80b",
                "techID": "T1583.001",
                "tech_name": "Domains",
                "value": 0.8535004339787388,
                "min_id": 11,
                "order_ids": [
                    11,
                    1
                ],
                "sent_indexes": [
                    1,
                    0
                ],
                "combine_ids": [
                    1011,
                    6
                ],
                "phrases": [
                    {
                        "source": {
                            "start": 14,
                            "end": 32,
                            "text": "registered domains",
                            "id": 4,
                            "verbs": [
                                "have"
                            ],
                            "label": [
                                "NETWORK"
                            ],
                            "sent_index": 0,
                            "type": "object"
                        },
                        "dest": {
                            "start": 60,
                            "end": 66,
                            "text": "domain",
                            "id": 11,
                            "verbs": [
                                "from"
                            ],
                            "label": [
                                "NETWORK"
                            ],
                            "sent_index": 1,
                            "type": "object"
                        }
                    },
                    {
                        "source": {
                            "start": 47,
                            "end": 63,
                            "text": "intended victims",
                            "id": 8,
                            "verbs": [
                                "target"
                            ],
                            "label": [
                                "USER"
                            ],
                            "sent_index": 0,
                            "type": "object"
                        },
                        "dest": {
                            "text": "victim",
                            "start": 28,
                            "end": 34,
                            "id": 6,
                            "label": [
                                "USER"
                            ],
                            "sent_index": 0,
                            "type": "object"
                        }
                    }
                ],
                "location": 11
            }
        ],
        "8": [
            {
                "techID": "T1021.004",
                "techName": "SSH",
                "value": 1.0,
                "min_id": 8,
                "location": 8,
                "order_ids": [
                    8
                ],
                "sent_indexes": [
                    0
                ]
            }
        ],
        "9": [
            {
                "id": "relationship--a90a5b4d-b677-4a69-8fa0-feab294c9daf",
                "techID": "T1036.005",
                "tech_name": "Match Legitimate Name or Location",
                "value": 0.9177957679821815,
                "min_id": 9,
                "order_ids": [
                    9
                ],
                "sent_indexes": [
                    1
                ],
                "combine_ids": [
                    1002
                ],
                "phrases": [
                    {
                        "source": {
                            "start": 31,
                            "end": 36,
                            "text": "tools",
                            "id": 6,
                            "verbs": [
                                "rename"
                            ],
                            "label": [
                                "FUNCTION"
                            ],
                            "sent_index": 0,
                            "type": "object",
                            "texts": [
                                "tools",
                                "executables"
                            ]
                        },
                        "dest": {
                            "start": 4,
                            "end": 8,
                            "text": "tool",
                            "id": 2,
                            "verbs": [
                                "configure"
                            ],
                            "label": [
                                "FUNCTION"
                            ],
                            "sent_index": 1,
                            "type": "object"
                        }
                    }
                ],
                "location": 9
            }
        ],
        "11": [
            {
                "id": "relationship--dfd947d6-60c1-4cb1-90ff-0111ccaddd1a",
                "techID": "T1572",
                "tech_name": "Protocol Tunneling",
                "value": 0.9279862198765135,
                "min_id": 11,
                "order_ids": [
                    7,
                    1,
                    2,
                    11
                ],
                "sent_indexes": [
                    0,
                    0,
                    0,
                    1
                ],
                "combine_ids": [
                    34,
                    6,
                    8,
                    1011
                ],
                "phrases": [
                    {
                        "source": {
                            "start": 25,
                            "end": 45,
                            "text": "remote SSH tunneling",
                            "id": 8,
                            "verbs": [
                                "set"
                            ],
                            "label": [
                                "NETWORK"
                            ],
                            "sent_index": 0,
                            "type": "object"
                        },
                        "dest": {
                            "start": 168,
                            "end": 185,
                            "text": "remote tunnelling",
                            "id": 34,
                            "verbs": [
                                "set"
                            ],
                            "label": [
                                "NETWORK"
                            ],
                            "sent_index": 0,
                            "type": "object"
                        }
                    },
                    {
                        "source": {
                            "text": "victim",
                            "start": 55,
                            "end": 61,
                            "id": 11,
                            "label": [
                                "USER"
                            ],
                            "sent_index": 0,
                            "type": "object"
                        },
                        "dest": {
                            "text": "victim",
                            "start": 28,
                            "end": 34,
                            "id": 6,
                            "label": [
                                "USER"
                            ],
                            "sent_index": 0,
                            "type": "object"
                        }
                    },
                    {
                        "source": {
                            "start": 64,
                            "end": 75,
                            "text": "environment",
                            "id": 13,
                            "verbs": [
                                "into"
                            ],
                            "label": [
                                "COMPONENT"
                            ],
                            "sent_index": 0,
                            "type": "object"
                        },
                        "dest": {
                            "start": 37,
                            "end": 48,
                            "text": "environment",
                            "id": 8,
                            "verbs": [
                                "to"
                            ],
                            "label": [
                                "COMPONENT"
                            ],
                            "sent_index": 0,
                            "type": "object"
                        }
                    },
                    {
                        "source": {
                            "start": 93,
                            "end": 99,
                            "text": "domain",
                            "id": 17,
                            "verbs": [
                                "from"
                            ],
                            "label": [
                                "NETWORK"
                            ],
                            "sent_index": 0,
                            "type": "object"
                        },
                        "dest": {
                            "start": 60,
                            "end": 66,
                            "text": "domain",
                            "id": 11,
                            "verbs": [
                                "from"
                            ],
                            "label": [
                                "NETWORK"
                            ],
                            "sent_index": 1,
                            "type": "object"
                        }
                    }
                ],
                "location": 11
            }
        ],
        "12": [
            {
                "id": "relationship--d3b787ec-795c-481b-94e5-ff42dc56d79d",
                "techID": "T1078",
                "tech_name": "Valid Accounts",
                "value": 0.8981546799296656,
                "min_id": 12,
                "order_ids": [
                    3,
                    12
                ],
                "sent_indexes": [
                    0,
                    1
                ],
                "combine_ids": [
                    14,
                    1014
                ],
                "phrases": [
                    {
                        "source": {
                            "start": 15,
                            "end": 33,
                            "text": "stolen credentials",
                            "id": 5,
                            "verbs": [
                                "use"
                            ],
                            "label": [
                                "DATA"
                            ],
                            "sent_index": 0,
                            "type": "object"
                        },
                        "dest": {
                            "start": 70,
                            "end": 88,
                            "text": "stolen credentials",
                            "id": 14,
                            "verbs": [
                                "use",
                                "obtain"
                            ],
                            "label": [
                                "DATA"
                            ],
                            "sent_index": 0,
                            "type": "object"
                        }
                    },
                    {
                        "source": {
                            "start": 79,
                            "end": 83,
                            "text": "VPNs",
                            "id": 13,
                            "verbs": [
                                "use"
                            ],
                            "label": [
                                "NETWORK"
                            ],
                            "sent_index": 0,
                            "type": "object"
                        },
                        "dest": {
                            "start": 72,
                            "end": 77,
                            "text": "proxy",
                            "id": 14,
                            "verbs": [
                                "to"
                            ],
                            "label": [
                                "NETWORK"
                            ],
                            "sent_index": 1,
                            "type": "object"
                        }
                    }
                ],
                "location": 12
            }
        ],
        "19": [
            {
                "id": "relationship--f315cbb6-e49c-4820-99cb-262d36acf17f",
                "techID": "T1105",
                "tech_name": "Ingress Tool Transfer",
                "value": 0.8621293284050849,
                "min_id": 19,
                "order_ids": [
                    19,
                    17
                ],
                "sent_indexes": [
                    3,
                    3
                ],
                "combine_ids": [
                    3011,
                    3002
                ],
                "phrases": [
                    {
                        "source": {
                            "start": 22,
                            "end": 29,
                            "text": "payload",
                            "id": 5,
                            "verbs": [
                                "download"
                            ],
                            "label": [
                                "FUNCTION"
                            ],
                            "sent_index": 0,
                            "type": "object"
                        },
                        "dest": {
                            "start": 38,
                            "end": 52,
                            "text": "payload stager",
                            "id": 11,
                            "verbs": [
                                "execute"
                            ],
                            "label": [
                                "FUNCTION"
                            ],
                            "sent_index": 3,
                            "type": "subject"
                        }
                    },
                    {
                        "source": {
                            "text": "command",
                            "start": 34,
                            "end": 43,
                            "id": 6,
                            "verbs": [
                                "execute"
                            ],
                            "label": [
                                "FUNCTION"
                            ],
                            "sent_index": 0,
                            "type": "object"
                        },
                        "dest": {
                            "start": 3,
                            "end": 8,
                            "text": "order",
                            "id": 2,
                            "label": [
                                "DATA"
                            ],
                            "sent_index": 3,
                            "type": "object"
                        }
                    }
                ],
                "location": 19
            }
        ],
        "20": [
            {
                "id": "relationship--2b2cdb6b-c23c-4792-8cfb-8c4d9279a186",
                "techID": "T1071.001",
                "tech_name": "Web Protocols",
                "value": 0.9936292501559338,
                "min_id": 20,
                "order_ids": [
                    20
                ],
                "sent_indexes": [
                    3
                ],
                "combine_ids": [
                    3014
                ],
                "phrases": [
                    {
                        "source": {
                            "start": 33,
                            "end": 37,
                            "text": "HTTP",
                            "id": 5,
                            "verbs": [
                                "use"
                            ],
                            "label": [
                                "NETWORK"
                            ],
                            "sent_index": 0,
                            "type": "object",
                            "texts": [
                                "HTTP",
                                "HTTPS"
                            ]
                        },
                        "dest": {
                            "start": 61,
                            "end": 65,
                            "text": "HTTP",
                            "id": 14,
                            "verbs": [
                                "execute"
                            ],
                            "label": [
                                "NETWORK"
                            ],
                            "sent_index": 3,
                            "type": "object"
                        }
                    }
                ],
                "location": 20
            }
        ],
        "21": [
            {
                "techID": "T1071.004",
                "techName": "DNS",
                "value": 1.0,
                "min_id": 21,
                "location": 21,
                "order_ids": [
                    21
                ],
                "sent_indexes": [
                    3
                ]
            }
        ],
        "23": [
            {
                "id": "relationship--6beb1553-aece-41eb-a1e7-dbe2738f23d6",
                "techID": "T1053.005",
                "tech_name": "Scheduled Task",
                "value": 0.9054384701029461,
                "min_id": 23,
                "order_ids": [
                    23
                ],
                "sent_indexes": [
                    3
                ],
                "combine_ids": [
                    3026
                ],
                "phrases": [
                    {
                        "source": {
                            "start": 40,
                            "end": 55,
                            "text": "scheduled tasks",
                            "id": 9,
                            "label": [
                                "FUNCTION"
                            ],
                            "sent_index": 0,
                            "type": "object"
                        },
                        "dest": {
                            "start": 112,
                            "end": 126,
                            "text": "scheduled task",
                            "id": 26,
                            "label": [
                                "FUNCTION"
                            ],
                            "sent_index": 3,
                            "type": "object"
                        }
                    }
                ],
                "location": 23
            }
        ],
        "26": [
            {
                "id": "relationship--2310e7b8-a4c7-460d-a89d-8d5854c59a44",
                "techID": "T1140",
                "tech_name": "Deobfuscate/Decode Files or Information",
                "value": 0.9562078760760144,
                "min_id": 26,
                "order_ids": [
                    26,
                    17
                ],
                "sent_indexes": [
                    4,
                    3
                ],
                "combine_ids": [
                    4034,
                    3002
                ],
                "phrases": [
                    {
                        "source": {
                            "start": 24,
                            "end": 31,
                            "text": "payload",
                            "id": 5,
                            "verbs": [
                                "decrypt",
                                "decode",
                                "deobfuscate"
                            ],
                            "label": [
                                "FUNCTION"
                            ],
                            "sent_index": 0,
                            "type": "object",
                            "texts": [
                                "payload"
                            ]
                        },
                        "dest": {
                            "start": 182,
                            "end": 189,
                            "text": "payload",
                            "id": 34,
                            "verbs": [
                                "inject",
                                "decode"
                            ],
                            "label": [
                                "FUNCTION"
                            ],
                            "sent_index": 4,
                            "type": "object"
                        }
                    },
                    {
                        "source": {
                            "text": "command",
                            "start": 41,
                            "end": 50,
                            "id": 7,
                            "verbs": [
                                "execute"
                            ],
                            "label": [
                                "FUNCTION"
                            ],
                            "sent_index": 0,
                            "type": "object",
                            "texts": [
                                "command"
                            ]
                        },
                        "dest": {
                            "start": 3,
                            "end": 8,
                            "text": "order",
                            "id": 2,
                            "label": [
                                "DATA"
                            ],
                            "sent_index": 3,
                            "type": "object"
                        }
                    }
                ],
                "location": 26
            }
        ]
    },
    "k2": {
        "0": [
            {
                "id": "relationship--62478274-7562-414a-9b03-f155f5a0d80b",
                "techID": "T1583.001",
                "tech_name": "Domains",
                "value": 0.8535004339787388,
                "min_id": 11,
                "order_ids": [
                    11,
                    1
                ],
                "sent_indexes": [
                    1,
                    0
                ],
                "combine_ids": [
                    1011,
                    6
                ],
                "phrases": [
                    {
                        "source": {
                            "start": 14,
                            "end": 32,
                            "text": "registered domains",
                            "id": 4,
                            "verbs": [
                                "have"
                            ],
                            "label": [
                                "NETWORK"
                            ],
                            "sent_index": 0,
                            "type": "object"
                        },
                        "dest": {
                            "start": 60,
                            "end": 66,
                            "text": "domain",
                            "id": 11,
                            "verbs": [
                                "from"
                            ],
                            "label": [
                                "NETWORK"
                            ],
                            "sent_index": 1,
                            "type": "object"
                        }
                    },
                    {
                        "source": {
                            "start": 47,
                            "end": 63,
                            "text": "intended victims",
                            "id": 8,
                            "verbs": [
                                "target"
                            ],
                            "label": [
                                "USER"
                            ],
                            "sent_index": 0,
                            "type": "object"
                        },
                        "dest": {
                            "text": "victim",
                            "start": 28,
                            "end": 34,
                            "id": 6,
                            "label": [
                                "USER"
                            ],
                            "sent_index": 0,
                            "type": "object"
                        }
                    }
                ],
                "location": 11
            }
        ],
        "8": [
            {
                "techID": "T1021.004",
                "techName": "SSH",
                "value": 1.0,
                "min_id": 8,
                "location": 8,
                "order_ids": [
                    8
                ],
                "sent_indexes": [
                    0
                ]
            }
        ],
        "9": [
            {
                "id": "relationship--a90a5b4d-b677-4a69-8fa0-feab294c9daf",
                "techID": "T1036.005",
                "tech_name": "Match Legitimate Name or Location",
                "value": 0.9177957679821815,
                "min_id": 9,
                "order_ids": [
                    9
                ],
                "sent_indexes": [
                    1
                ],
                "combine_ids": [
                    1002
                ],
                "phrases": [
                    {
                        "source": {
                            "start": 31,
                            "end": 36,
                            "text": "tools",
                            "id": 6,
                            "verbs": [
                                "rename"
                            ],
                            "label": [
                                "FUNCTION"
                            ],
                            "sent_index": 0,
                            "type": "object",
                            "texts": [
                                "tools",
                                "executables"
                            ]
                        },
                        "dest": {
                            "start": 4,
                            "end": 8,
                            "text": "tool",
                            "id": 2,
                            "verbs": [
                                "configure"
                            ],
                            "label": [
                                "FUNCTION"
                            ],
                            "sent_index": 1,
                            "type": "object"
                        }
                    }
                ],
                "location": 9
            }
        ],
        "11": [
            {
                "id": "relationship--dfd947d6-60c1-4cb1-90ff-0111ccaddd1a",
                "techID": "T1572",
                "tech_name": "Protocol Tunneling",
                "value": 0.9279862198765135,
                "min_id": 11,
                "order_ids": [
                    7,
                    1,
                    2,
                    11
                ],
                "sent_indexes": [
                    0,
                    0,
                    0,
                    1
                ],
                "combine_ids": [
                    34,
                    6,
                    8,
                    1011
                ],
                "phrases": [
                    {
                        "source": {
                            "start": 25,
                            "end": 45,
                            "text": "remote SSH tunneling",
                            "id": 8,
                            "verbs": [
                                "set"
                            ],
                            "label": [
                                "NETWORK"
                            ],
                            "sent_index": 0,
                            "type": "object"
                        },
                        "dest": {
                            "start": 168,
                            "end": 185,
                            "text": "remote tunnelling",
                            "id": 34,
                            "verbs": [
                                "set"
                            ],
                            "label": [
                                "NETWORK"
                            ],
                            "sent_index": 0,
                            "type": "object"
                        }
                    },
                    {
                        "source": {
                            "text": "victim",
                            "start": 55,
                            "end": 61,
                            "id": 11,
                            "label": [
                                "USER"
                            ],
                            "sent_index": 0,
                            "type": "object"
                        },
                        "dest": {
                            "text": "victim",
                            "start": 28,
                            "end": 34,
                            "id": 6,
                            "label": [
                                "USER"
                            ],
                            "sent_index": 0,
                            "type": "object"
                        }
                    },
                    {
                        "source": {
                            "start": 64,
                            "end": 75,
                            "text": "environment",
                            "id": 13,
                            "verbs": [
                                "into"
                            ],
                            "label": [
                                "COMPONENT"
                            ],
                            "sent_index": 0,
                            "type": "object"
                        },
                        "dest": {
                            "start": 37,
                            "end": 48,
                            "text": "environment",
                            "id": 8,
                            "verbs": [
                                "to"
                            ],
                            "label": [
                                "COMPONENT"
                            ],
                            "sent_index": 0,
                            "type": "object"
                        }
                    },
                    {
                        "source": {
                            "start": 93,
                            "end": 99,
                            "text": "domain",
                            "id": 17,
                            "verbs": [
                                "from"
                            ],
                            "label": [
                                "NETWORK"
                            ],
                            "sent_index": 0,
                            "type": "object"
                        },
                        "dest": {
                            "start": 60,
                            "end": 66,
                            "text": "domain",
                            "id": 11,
                            "verbs": [
                                "from"
                            ],
                            "label": [
                                "NETWORK"
                            ],
                            "sent_index": 1,
                            "type": "object"
                        }
                    }
                ],
                "location": 11
            }
        ],
        "12": [
            {
                "id": "relationship--d3b787ec-795c-481b-94e5-ff42dc56d79d",
                "techID": "T1078",
                "tech_name": "Valid Accounts",
                "value": 0.8981546799296656,
                "min_id": 12,
                "order_ids": [
                    3,
                    12
                ],
                "sent_indexes": [
                    0,
                    1
                ],
                "combine_ids": [
                    14,
                    1014
                ],
                "phrases": [
                    {
                        "source": {
                            "start": 15,
                            "end": 33,
                            "text": "stolen credentials",
                            "id": 5,
                            "verbs": [
                                "use"
                            ],
                            "label": [
                                "DATA"
                            ],
                            "sent_index": 0,
                            "type": "object"
                        },
                        "dest": {
                            "start": 70,
                            "end": 88,
                            "text": "stolen credentials",
                            "id": 14,
                            "verbs": [
                                "use",
                                "obtain"
                            ],
                            "label": [
                                "DATA"
                            ],
                            "sent_index": 0,
                            "type": "object"
                        }
                    },
                    {
                        "source": {
                            "start": 79,
                            "end": 83,
                            "text": "VPNs",
                            "id": 13,
                            "verbs": [
                                "use"
                            ],
                            "label": [
                                "NETWORK"
                            ],
                            "sent_index": 0,
                            "type": "object"
                        },
                        "dest": {
                            "start": 72,
                            "end": 77,
                            "text": "proxy",
                            "id": 14,
                            "verbs": [
                                "to"
                            ],
                            "label": [
                                "NETWORK"
                            ],
                            "sent_index": 1,
                            "type": "object"
                        }
                    }
                ],
                "location": 12
            }
        ],
        "19": [
            {
                "id": "relationship--f315cbb6-e49c-4820-99cb-262d36acf17f",
                "techID": "T1105",
                "tech_name": "Ingress Tool Transfer",
                "value": 0.8621293284050849,
                "min_id": 19,
                "order_ids": [
                    19,
                    17
                ],
                "sent_indexes": [
                    3,
                    3
                ],
                "combine_ids": [
                    3011,
                    3002
                ],
                "phrases": [
                    {
                        "source": {
                            "start": 22,
                            "end": 29,
                            "text": "payload",
                            "id": 5,
                            "verbs": [
                                "download"
                            ],
                            "label": [
                                "FUNCTION"
                            ],
                            "sent_index": 0,
                            "type": "object"
                        },
                        "dest": {
                            "start": 38,
                            "end": 52,
                            "text": "payload stager",
                            "id": 11,
                            "verbs": [
                                "execute"
                            ],
                            "label": [
                                "FUNCTION"
                            ],
                            "sent_index": 3,
                            "type": "subject"
                        }
                    },
                    {
                        "source": {
                            "text": "command",
                            "start": 34,
                            "end": 43,
                            "id": 6,
                            "verbs": [
                                "execute"
                            ],
                            "label": [
                                "FUNCTION"
                            ],
                            "sent_index": 0,
                            "type": "object"
                        },
                        "dest": {
                            "start": 3,
                            "end": 8,
                            "text": "order",
                            "id": 2,
                            "label": [
                                "DATA"
                            ],
                            "sent_index": 3,
                            "type": "object"
                        }
                    }
                ],
                "location": 19
            }
        ],
        "20": [
            {
                "id": "relationship--2b2cdb6b-c23c-4792-8cfb-8c4d9279a186",
                "techID": "T1071.001",
                "tech_name": "Web Protocols",
                "value": 0.9936292501559338,
                "min_id": 20,
                "order_ids": [
                    20
                ],
                "sent_indexes": [
                    3
                ],
                "combine_ids": [
                    3014
                ],
                "phrases": [
                    {
                        "source": {
                            "start": 33,
                            "end": 37,
                            "text": "HTTP",
                            "id": 5,
                            "verbs": [
                                "use"
                            ],
                            "label": [
                                "NETWORK"
                            ],
                            "sent_index": 0,
                            "type": "object",
                            "texts": [
                                "HTTP",
                                "HTTPS"
                            ]
                        },
                        "dest": {
                            "start": 61,
                            "end": 65,
                            "text": "HTTP",
                            "id": 14,
                            "verbs": [
                                "execute"
                            ],
                            "label": [
                                "NETWORK"
                            ],
                            "sent_index": 3,
                            "type": "object"
                        }
                    }
                ],
                "location": 20
            }
        ],
        "21": [
            {
                "techID": "T1071.004",
                "techName": "DNS",
                "value": 1.0,
                "min_id": 21,
                "location": 21,
                "order_ids": [
                    21
                ],
                "sent_indexes": [
                    3
                ]
            }
        ],
        "23": [
            {
                "id": "relationship--6beb1553-aece-41eb-a1e7-dbe2738f23d6",
                "techID": "T1053.005",
                "tech_name": "Scheduled Task",
                "value": 0.9054384701029461,
                "min_id": 23,
                "order_ids": [
                    23
                ],
                "sent_indexes": [
                    3
                ],
                "combine_ids": [
                    3026
                ],
                "phrases": [
                    {
                        "source": {
                            "start": 40,
                            "end": 55,
                            "text": "scheduled tasks",
                            "id": 9,
                            "label": [
                                "FUNCTION"
                            ],
                            "sent_index": 0,
                            "type": "object"
                        },
                        "dest": {
                            "start": 112,
                            "end": 126,
                            "text": "scheduled task",
                            "id": 26,
                            "label": [
                                "FUNCTION"
                            ],
                            "sent_index": 3,
                            "type": "object"
                        }
                    }
                ],
                "location": 23
            }
        ],
        "26": [
            {
                "id": "relationship--2310e7b8-a4c7-460d-a89d-8d5854c59a44",
                "techID": "T1140",
                "tech_name": "Deobfuscate/Decode Files or Information",
                "value": 0.9562078760760144,
                "min_id": 26,
                "order_ids": [
                    26,
                    17
                ],
                "sent_indexes": [
                    4,
                    3
                ],
                "combine_ids": [
                    4034,
                    3002
                ],
                "phrases": [
                    {
                        "source": {
                            "start": 24,
                            "end": 31,
                            "text": "payload",
                            "id": 5,
                            "verbs": [
                                "decrypt",
                                "decode",
                                "deobfuscate"
                            ],
                            "label": [
                                "FUNCTION"
                            ],
                            "sent_index": 0,
                            "type": "object",
                            "texts": [
                                "payload"
                            ]
                        },
                        "dest": {
                            "start": 182,
                            "end": 189,
                            "text": "payload",
                            "id": 34,
                            "verbs": [
                                "inject",
                                "decode"
                            ],
                            "label": [
                                "FUNCTION"
                            ],
                            "sent_index": 4,
                            "type": "object"
                        }
                    },
                    {
                        "source": {
                            "text": "command",
                            "start": 41,
                            "end": 50,
                            "id": 7,
                            "verbs": [
                                "execute"
                            ],
                            "label": [
                                "FUNCTION"
                            ],
                            "sent_index": 0,
                            "type": "object",
                            "texts": [
                                "command"
                            ]
                        },
                        "dest": {
                            "start": 3,
                            "end": 8,
                            "text": "order",
                            "id": 2,
                            "label": [
                                "DATA"
                            ],
                            "sent_index": 3,
                            "type": "object"
                        }
                    }
                ],
                "location": 26
            }
        ]
    },
    "full_path": [
        "T1583.001",
        "T1021.004",
        "T1036.005",
        "T1572",
        "T1078",
        "T1105",
        "T1071.001",
        "T1071.004",
        "T1053.005",
        "T1140"
    ],
    "top_k_path": {
        "0": [
            "T1583.001"
        ],
        "8": [
            "T1021.004"
        ],
        "9": [
            "T1036.005"
        ],
        "11": [
            "T1572"
        ],
        "12": [
            "T1078"
        ],
        "19": [
            "T1105"
        ],
        "20": [
            "T1071.001"
        ],
        "21": [
            "T1071.004"
        ],
        "23": [
            "T1053.005"
        ],
        "26": [
            "T1140"
        ]
    }
}