{
    "21": [
        {
            "id": "relationship--0a975ec6-5754-4a42-aa0f-f468d67a2c91",
            "techID": "T1071.001",
            "tech_name": "Web Protocols",
            "value": 0.8252227214932157,
            "min_id": 21,
            "order_ids": [
                9,
                21
            ],
            "sent_indexes": [
                2,
                5
            ],
            "combine_ids": [
                2006,
                5030
            ],
            "phrases": [
                {
                    "source": {
                        "start": 16,
                        "end": 20,
                        "text": "HTTP",
                        "id": 4,
                        "verbs": [
                            "use"
                        ],
                        "label": [
                            "NETWORK"
                        ],
                        "sent_index": 0,
                        "type": "object",
                        "texts": [
                            "HTTP",
                            "HTTPS"
                        ]
                    },
                    "dest": {
                        "start": 32,
                        "end": 35,
                        "text": "URL",
                        "id": 6,
                        "verbs": [
                            "enter"
                        ],
                        "label": [
                            "NETWORK"
                        ],
                        "sent_index": 2,
                        "type": "object"
                    }
                },
                {
                    "source": {
                        "start": 25,
                        "end": 27,
                        "text": "C2",
                        "id": 6,
                        "label": [
                            "NETWORK"
                        ],
                        "sent_index": 0,
                        "type": "object",
                        "texts": [
                            "C2"
                        ],
                        "verbs": [
                            "conduct",
                            "communicate"
                        ]
                    },
                    "dest": {
                        "start": 169,
                        "end": 171,
                        "text": "C2",
                        "id": 30,
                        "label": [
                            "NETWORK"
                        ],
                        "sent_index": 5,
                        "type": "object"
                    }
                }
            ]
        },
        {
            "id": "relationship--8492aff7-1171-4805-9052-3decdd677c94",
            "techID": "T1008",
            "tech_name": "Fallback Channels",
            "value": 0.8074277439817341,
            "min_id": 21,
            "order_ids": [
                9,
                21
            ],
            "sent_indexes": [
                2,
                5
            ],
            "combine_ids": [
                2006,
                5030
            ],
            "phrases": [
                {
                    "source": {
                        "start": 28,
                        "end": 31,
                        "text": "TCP",
                        "id": 5,
                        "verbs": [
                            "switch"
                        ],
                        "label": [
                            "NETWORK"
                        ],
                        "sent_index": 0,
                        "type": "object",
                        "texts": [
                            "HTTP",
                            "TCP"
                        ]
                    },
                    "dest": {
                        "start": 32,
                        "end": 35,
                        "text": "URL",
                        "id": 6,
                        "verbs": [
                            "enter"
                        ],
                        "label": [
                            "NETWORK"
                        ],
                        "sent_index": 2,
                        "type": "object"
                    }
                },
                {
                    "source": {
                        "start": 45,
                        "end": 47,
                        "text": "C2",
                        "id": 9,
                        "label": [
                            "NETWORK"
                        ],
                        "sent_index": 0,
                        "type": "object"
                    },
                    "dest": {
                        "start": 169,
                        "end": 171,
                        "text": "C2",
                        "id": 30,
                        "label": [
                            "NETWORK"
                        ],
                        "sent_index": 5,
                        "type": "object"
                    }
                }
            ]
        },
        {
            "id": "relationship--185bd112-5e1f-4059-9e42-b8b80874e8f2",
            "techID": "T1041",
            "tech_name": "Exfiltration Over C2 Channel",
            "value": 0.84899294017112,
            "min_id": 21,
            "order_ids": [
                17,
                21
            ],
            "sent_indexes": [
                5,
                5
            ],
            "combine_ids": [
                5005,
                5030
            ],
            "phrases": [
                {
                    "source": {
                        "start": 35,
                        "end": 39,
                        "text": "data",
                        "id": 5,
                        "verbs": [
                            "exfiltrate",
                            "upload"
                        ],
                        "label": [
                            "DATA"
                        ],
                        "sent_index": 0,
                        "type": "object",
                        "texts": [
                            "data",
                            "files"
                        ]
                    },
                    "dest": {
                        "start": 25,
                        "end": 29,
                        "text": "file",
                        "id": 5,
                        "verbs": [
                            "download"
                        ],
                        "label": [
                            "DATA"
                        ],
                        "sent_index": 5,
                        "type": "object"
                    }
                },
                {
                    "source": {
                        "start": 47,
                        "end": 49,
                        "text": "C2",
                        "id": 8,
                        "verbs": [
                            "connect",
                            "to",
                            "by"
                        ],
                        "label": [
                            "NETWORK"
                        ],
                        "sent_index": 0,
                        "type": "object",
                        "texts": [
                            "C2"
                        ]
                    },
                    "dest": {
                        "start": 169,
                        "end": 171,
                        "text": "C2",
                        "id": 30,
                        "label": [
                            "NETWORK"
                        ],
                        "sent_index": 5,
                        "type": "object"
                    }
                }
            ]
        },
        {
            "id": "relationship--f8e25c1f-84bd-4ddd-bf18-51543d5cff94",
            "techID": "T1071.001",
            "tech_name": "Web Protocols",
            "value": 0.8290525869619569,
            "min_id": 21,
            "order_ids": [
                9,
                21
            ],
            "sent_indexes": [
                2,
                5
            ],
            "combine_ids": [
                2006,
                5030
            ],
            "phrases": [
                {
                    "source": {
                        "start": 15,
                        "end": 19,
                        "text": "HTTP",
                        "id": 4,
                        "verbs": [
                            "use"
                        ],
                        "label": [
                            "NETWORK"
                        ],
                        "sent_index": 0,
                        "type": "object"
                    },
                    "dest": {
                        "start": 32,
                        "end": 35,
                        "text": "URL",
                        "id": 6,
                        "verbs": [
                            "enter"
                        ],
                        "label": [
                            "NETWORK"
                        ],
                        "sent_index": 2,
                        "type": "object"
                    }
                },
                {
                    "source": {
                        "start": 40,
                        "end": 48,
                        "text": "C2 nodes",
                        "id": 9,
                        "verbs": [
                            "communicate"
                        ],
                        "label": [
                            "NETWORK"
                        ],
                        "sent_index": 0,
                        "type": "object"
                    },
                    "dest": {
                        "start": 169,
                        "end": 171,
                        "text": "C2",
                        "id": 30,
                        "label": [
                            "NETWORK"
                        ],
                        "sent_index": 5,
                        "type": "object"
                    }
                }
            ]
        },
        {
            "id": "relationship--667592ad-e249-4efd-933f-75a53b25567a",
            "techID": "T1020",
            "tech_name": "Automated Exfiltration",
            "value": 0.84899294017112,
            "min_id": 21,
            "order_ids": [
                17,
                21
            ],
            "sent_indexes": [
                5,
                5
            ],
            "combine_ids": [
                5005,
                5030
            ],
            "phrases": [
                {
                    "source": {
                        "start": 44,
                        "end": 49,
                        "text": "files",
                        "id": 6,
                        "verbs": [
                            "upload"
                        ],
                        "label": [
                            "DATA"
                        ],
                        "sent_index": 0,
                        "type": "object"
                    },
                    "dest": {
                        "start": 25,
                        "end": 29,
                        "text": "file",
                        "id": 5,
                        "verbs": [
                            "download"
                        ],
                        "label": [
                            "DATA"
                        ],
                        "sent_index": 5,
                        "type": "object"
                    }
                },
                {
                    "source": {
                        "start": 57,
                        "end": 59,
                        "text": "C2",
                        "id": 9,
                        "verbs": [
                            "to"
                        ],
                        "label": [
                            "NETWORK"
                        ],
                        "sent_index": 0,
                        "type": "object"
                    },
                    "dest": {
                        "start": 169,
                        "end": 171,
                        "text": "C2",
                        "id": 30,
                        "label": [
                            "NETWORK"
                        ],
                        "sent_index": 5,
                        "type": "object"
                    }
                }
            ]
        },
        {
            "id": "relationship--655005cc-a289-4878-8dc0-64f0c7d167c4",
            "techID": "T1041",
            "tech_name": "Exfiltration Over C2 Channel",
            "value": 0.9210810441742293,
            "min_id": 21,
            "order_ids": [
                17,
                21
            ],
            "sent_indexes": [
                5,
                5
            ],
            "combine_ids": [
                5005,
                5030
            ],
            "phrases": [
                {
                    "source": {
                        "start": 28,
                        "end": 33,
                        "text": "files",
                        "id": 5,
                        "verbs": [
                            "send"
                        ],
                        "label": [
                            "DATA"
                        ],
                        "sent_index": 0,
                        "type": "object",
                        "texts": [
                            "network system data",
                            "files"
                        ]
                    },
                    "dest": {
                        "start": 25,
                        "end": 29,
                        "text": "file",
                        "id": 5,
                        "verbs": [
                            "download"
                        ],
                        "label": [
                            "DATA"
                        ],
                        "sent_index": 5,
                        "type": "object"
                    }
                },
                {
                    "source": {
                        "start": 43,
                        "end": 45,
                        "text": "C2",
                        "id": 8,
                        "verbs": [
                            "to",
                            "use"
                        ],
                        "label": [
                            "NETWORK"
                        ],
                        "sent_index": 0,
                        "type": "object",
                        "texts": [
                            "C2"
                        ]
                    },
                    "dest": {
                        "start": 169,
                        "end": 171,
                        "text": "C2",
                        "id": 30,
                        "label": [
                            "NETWORK"
                        ],
                        "sent_index": 5,
                        "type": "object"
                    }
                }
            ]
        },
        {
            "id": "relationship--156d46b3-538e-4481-ad53-b85de891f6d5",
            "techID": "T1105",
            "tech_name": "Ingress Tool Transfer",
            "value": 0.9210810441742293,
            "min_id": 21,
            "order_ids": [
                17,
                21
            ],
            "sent_indexes": [
                5,
                5
            ],
            "combine_ids": [
                5005,
                5030
            ],
            "phrases": [
                {
                    "source": {
                        "start": 21,
                        "end": 26,
                        "text": "files",
                        "id": 4,
                        "verbs": [
                            "transfer",
                            "download"
                        ],
                        "label": [
                            "REGISTRY",
                            "FUNCTION",
                            "DATA"
                        ],
                        "sent_index": 0,
                        "type": "object",
                        "texts": [
                            "WoodyPowerSession",
                            "files",
                            ".NET DLLs",
                            "programs",
                            "WoodySharpExecutor",
                            "tools"
                        ]
                    },
                    "dest": {
                        "start": 25,
                        "end": 29,
                        "text": "file",
                        "id": 5,
                        "verbs": [
                            "download"
                        ],
                        "label": [
                            "DATA"
                        ],
                        "sent_index": 5,
                        "type": "object"
                    }
                },
                {
                    "source": {
                        "start": 32,
                        "end": 34,
                        "text": "C2",
                        "id": 6,
                        "verbs": [
                            "from"
                        ],
                        "label": [
                            "NETWORK"
                        ],
                        "sent_index": 0,
                        "type": "object",
                        "texts": [
                            "C2"
                        ]
                    },
                    "dest": {
                        "start": 169,
                        "end": 171,
                        "text": "C2",
                        "id": 30,
                        "label": [
                            "NETWORK"
                        ],
                        "sent_index": 5,
                        "type": "object"
                    }
                }
            ]
        },
        {
            "id": "relationship--1898925b-236a-4847-8a97-e934c07cdde1",
            "techID": "T1105",
            "tech_name": "Ingress Tool Transfer",
            "value": 0.8039624208092996,
            "min_id": 21,
            "order_ids": [
                2,
                21
            ],
            "sent_indexes": [
                0,
                5
            ],
            "combine_ids": [
                11,
                5030
            ],
            "phrases": [
                {
                    "source": {
                        "start": 33,
                        "end": 38,
                        "text": "tools",
                        "id": 5,
                        "verbs": [
                            "download"
                        ],
                        "label": [
                            "FUNCTION"
                        ],
                        "sent_index": 0,
                        "type": "object"
                    },
                    "dest": {
                        "start": 54,
                        "end": 59,
                        "text": "tools",
                        "id": 11,
                        "verbs": [
                            "setup"
                        ],
                        "label": [
                            "FUNCTION"
                        ],
                        "sent_index": 0,
                        "type": "object"
                    }
                },
                {
                    "source": {
                        "start": 48,
                        "end": 50,
                        "text": "C2",
                        "id": 8,
                        "verbs": [
                            "from"
                        ],
                        "label": [
                            "NETWORK"
                        ],
                        "sent_index": 0,
                        "type": "object"
                    },
                    "dest": {
                        "start": 169,
                        "end": 171,
                        "text": "C2",
                        "id": 30,
                        "label": [
                            "NETWORK"
                        ],
                        "sent_index": 5,
                        "type": "object"
                    }
                }
            ]
        },
        {
            "id": "relationship--18572125-3439-4f7c-92c8-d787913dc989",
            "techID": "T1105",
            "tech_name": "Ingress Tool Transfer",
            "value": 0.84899294017112,
            "min_id": 21,
            "order_ids": [
                17,
                21
            ],
            "sent_indexes": [
                5,
                5
            ],
            "combine_ids": [
                5005,
                5030
            ],
            "phrases": [
                {
                    "source": {
                        "start": 31,
                        "end": 36,
                        "text": "files",
                        "id": 6,
                        "verbs": [
                            "upload"
                        ],
                        "label": [
                            "DATA"
                        ],
                        "sent_index": 0,
                        "type": "object"
                    },
                    "dest": {
                        "start": 25,
                        "end": 29,
                        "text": "file",
                        "id": 5,
                        "verbs": [
                            "download"
                        ],
                        "label": [
                            "DATA"
                        ],
                        "sent_index": 5,
                        "type": "object"
                    }
                },
                {
                    "source": {
                        "start": 46,
                        "end": 48,
                        "text": "C2",
                        "id": 9,
                        "verbs": [
                            "from"
                        ],
                        "label": [
                            "NETWORK"
                        ],
                        "sent_index": 0,
                        "type": "object"
                    },
                    "dest": {
                        "start": 169,
                        "end": 171,
                        "text": "C2",
                        "id": 30,
                        "label": [
                            "NETWORK"
                        ],
                        "sent_index": 5,
                        "type": "object"
                    }
                }
            ]
        },
        {
            "id": "relationship--2211dd80-6ab2-4d3b-90fd-3ae19e75b64f",
            "techID": "T1041",
            "tech_name": "Exfiltration Over C2 Channel",
            "value": 0.9258047182402833,
            "min_id": 21,
            "order_ids": [
                17,
                21
            ],
            "sent_indexes": [
                5,
                5
            ],
            "combine_ids": [
                5005,
                5030
            ],
            "phrases": [
                {
                    "source": {
                        "start": 19,
                        "end": 37,
                        "text": "stolen credentials",
                        "id": 5,
                        "verbs": [
                            "transmit",
                            "send"
                        ],
                        "label": [
                            "DATA"
                        ],
                        "sent_index": 0,
                        "type": "object",
                        "texts": [
                            "data",
                            "files",
                            "stolen credentials"
                        ]
                    },
                    "dest": {
                        "start": 25,
                        "end": 29,
                        "text": "file",
                        "id": 5,
                        "verbs": [
                            "download"
                        ],
                        "label": [
                            "DATA"
                        ],
                        "sent_index": 5,
                        "type": "object"
                    }
                },
                {
                    "source": {
                        "start": 60,
                        "end": 62,
                        "text": "C2",
                        "id": 11,
                        "verbs": [
                            "to"
                        ],
                        "label": [
                            "NETWORK"
                        ],
                        "sent_index": 0,
                        "type": "object",
                        "texts": [
                            "C2"
                        ]
                    },
                    "dest": {
                        "start": 169,
                        "end": 171,
                        "text": "C2",
                        "id": 30,
                        "label": [
                            "NETWORK"
                        ],
                        "sent_index": 5,
                        "type": "object"
                    }
                }
            ]
        },
        {
            "id": "relationship--3565539f-7ebf-4288-8422-5212c774821b",
            "techID": "T1041",
            "tech_name": "Exfiltration Over C2 Channel",
            "value": 0.8606822905361617,
            "min_id": 21,
            "order_ids": [
                17,
                21
            ],
            "sent_indexes": [
                5,
                5
            ],
            "combine_ids": [
                5005,
                5030
            ],
            "phrases": [
                {
                    "source": {
                        "start": 21,
                        "end": 26,
                        "text": "files",
                        "id": 4,
                        "verbs": [
                            "read",
                            "send"
                        ],
                        "label": [
                            "DATA"
                        ],
                        "sent_index": 0,
                        "type": "object",
                        "texts": [
                            "system information",
                            "files"
                        ]
                    },
                    "dest": {
                        "start": 25,
                        "end": 29,
                        "text": "file",
                        "id": 5,
                        "verbs": [
                            "download"
                        ],
                        "label": [
                            "DATA"
                        ],
                        "sent_index": 5,
                        "type": "object"
                    }
                },
                {
                    "source": {
                        "start": 36,
                        "end": 46,
                        "text": "C2 channel",
                        "id": 8,
                        "verbs": [
                            "use"
                        ],
                        "label": [
                            "NETWORK"
                        ],
                        "sent_index": 0,
                        "type": "object",
                        "texts": [
                            "C2 channel"
                        ]
                    },
                    "dest": {
                        "start": 169,
                        "end": 171,
                        "text": "C2",
                        "id": 30,
                        "label": [
                            "NETWORK"
                        ],
                        "sent_index": 5,
                        "type": "object"
                    }
                }
            ]
        },
        {
            "id": "relationship--0ff081b9-5dde-4b48-a90f-3baf26b32a16",
            "techID": "T1197",
            "tech_name": "BITS Jobs",
            "value": 0.8813855190537828,
            "min_id": 21,
            "order_ids": [
                16,
                21
            ],
            "sent_indexes": [
                4,
                5
            ],
            "combine_ids": [
                4019,
                5030
            ],
            "phrases": [
                {
                    "source": {
                        "start": 17,
                        "end": 29,
                        "text": "BITS Utility",
                        "id": 5,
                        "verbs": [
                            "use"
                        ],
                        "label": [
                            "FUNCTION"
                        ],
                        "sent_index": 0,
                        "type": "object"
                    },
                    "dest": {
                        "start": 124,
                        "end": 128,
                        "text": "BITS",
                        "id": 19,
                        "verbs": [
                            "by"
                        ],
                        "label": [
                            "DATA"
                        ],
                        "sent_index": 4,
                        "type": "object"
                    }
                },
                {
                    "source": {
                        "start": 50,
                        "end": 52,
                        "text": "C2",
                        "id": 10,
                        "verbs": [
                            "connect"
                        ],
                        "label": [
                            "NETWORK"
                        ],
                        "sent_index": 0,
                        "type": "object"
                    },
                    "dest": {
                        "start": 169,
                        "end": 171,
                        "text": "C2",
                        "id": 30,
                        "label": [
                            "NETWORK"
                        ],
                        "sent_index": 5,
                        "type": "object"
                    }
                }
            ]
        },
        {
            "id": "relationship--71449072-84c5-461c-9bba-2caa81051499",
            "techID": "T1005",
            "tech_name": "Data from Local System",
            "value": 0.84899294017112,
            "min_id": 21,
            "order_ids": [
                17,
                21
            ],
            "sent_indexes": [
                5,
                5
            ],
            "combine_ids": [
                5005,
                5030
            ],
            "phrases": [
                {
                    "source": {
                        "start": 17,
                        "end": 22,
                        "text": "files",
                        "id": 4,
                        "verbs": [
                            "upload"
                        ],
                        "label": [
                            "DATA"
                        ],
                        "sent_index": 0,
                        "type": "object"
                    },
                    "dest": {
                        "start": 25,
                        "end": 29,
                        "text": "file",
                        "id": 5,
                        "verbs": [
                            "download"
                        ],
                        "label": [
                            "DATA"
                        ],
                        "sent_index": 5,
                        "type": "object"
                    }
                },
                {
                    "source": {
                        "start": 30,
                        "end": 32,
                        "text": "C2",
                        "id": 7,
                        "verbs": [
                            "to"
                        ],
                        "label": [
                            "NETWORK"
                        ],
                        "sent_index": 0,
                        "type": "object"
                    },
                    "dest": {
                        "start": 169,
                        "end": 171,
                        "text": "C2",
                        "id": 30,
                        "label": [
                            "NETWORK"
                        ],
                        "sent_index": 5,
                        "type": "object"
                    }
                }
            ]
        },
        {
            "id": "relationship--026d4fb6-4683-4e64-a69c-82e39dd11b23",
            "techID": "T1140",
            "tech_name": "Deobfuscate/Decode Files or Information",
            "value": 0.8176725622356193,
            "min_id": 21,
            "order_ids": [
                17,
                21
            ],
            "sent_indexes": [
                5,
                5
            ],
            "combine_ids": [
                5005,
                5030
            ],
            "phrases": [
                {
                    "source": {
                        "start": 22,
                        "end": 27,
                        "text": "files",
                        "id": 4,
                        "verbs": [
                            "decrypt",
                            "decode"
                        ],
                        "label": [
                            "DATA"
                        ],
                        "sent_index": 0,
                        "type": "object",
                        "texts": [
                            "files"
                        ]
                    },
                    "dest": {
                        "start": 25,
                        "end": 29,
                        "text": "file",
                        "id": 5,
                        "verbs": [
                            "download"
                        ],
                        "label": [
                            "DATA"
                        ],
                        "sent_index": 5,
                        "type": "object"
                    }
                },
                {
                    "source": {
                        "start": 44,
                        "end": 46,
                        "text": "C2",
                        "id": 8,
                        "verbs": [
                            "receive",
                            "download"
                        ],
                        "label": [
                            "NETWORK"
                        ],
                        "sent_index": 0,
                        "type": "object",
                        "texts": [
                            "C2"
                        ]
                    },
                    "dest": {
                        "start": 169,
                        "end": 171,
                        "text": "C2",
                        "id": 30,
                        "label": [
                            "NETWORK"
                        ],
                        "sent_index": 5,
                        "type": "object"
                    }
                }
            ]
        },
        {
            "id": "relationship--03d6c33c-22d4-484f-8f16-8d49c307da80",
            "techID": "T1105",
            "tech_name": "Ingress Tool Transfer",
            "value": 0.8517039922728207,
            "min_id": 21,
            "order_ids": [
                17,
                21,
                9
            ],
            "sent_indexes": [
                5,
                5,
                2
            ],
            "combine_ids": [
                5005,
                5030,
                2006
            ],
            "phrases": [
                {
                    "source": {
                        "start": 30,
                        "end": 35,
                        "text": "files",
                        "id": 5,
                        "verbs": [
                            "download"
                        ],
                        "label": [
                            "DATA"
                        ],
                        "sent_index": 0,
                        "type": "object"
                    },
                    "dest": {
                        "start": 25,
                        "end": 29,
                        "text": "file",
                        "id": 5,
                        "verbs": [
                            "download"
                        ],
                        "label": [
                            "DATA"
                        ],
                        "sent_index": 5,
                        "type": "object"
                    }
                },
                {
                    "source": {
                        "start": 45,
                        "end": 47,
                        "text": "C2",
                        "id": 8,
                        "verbs": [
                            "from"
                        ],
                        "label": [
                            "NETWORK"
                        ],
                        "sent_index": 0,
                        "type": "object"
                    },
                    "dest": {
                        "start": 169,
                        "end": 171,
                        "text": "C2",
                        "id": 30,
                        "label": [
                            "NETWORK"
                        ],
                        "sent_index": 5,
                        "type": "object"
                    }
                },
                {
                    "source": {
                        "start": 51,
                        "end": 55,
                        "text": "HTTP",
                        "id": 10,
                        "verbs": [
                            "use"
                        ],
                        "label": [
                            "NETWORK"
                        ],
                        "sent_index": 0,
                        "type": "object",
                        "texts": [
                            "HTTP",
                            "DNS"
                        ]
                    },
                    "dest": {
                        "start": 32,
                        "end": 35,
                        "text": "URL",
                        "id": 6,
                        "verbs": [
                            "enter"
                        ],
                        "label": [
                            "NETWORK"
                        ],
                        "sent_index": 2,
                        "type": "object"
                    }
                }
            ]
        }
    ],
    "2": [
        {
            "id": "relationship--aaac742e-ad51-470d-826c-8196cf3c1d3e",
            "techID": "T1105",
            "tech_name": "Ingress Tool Transfer",
            "value": 0.993629272450717,
            "min_id": 2,
            "order_ids": [
                2
            ],
            "sent_indexes": [
                0
            ],
            "combine_ids": [
                11
            ],
            "phrases": [
                {
                    "source": {
                        "start": 37,
                        "end": 42,
                        "text": "tools",
                        "id": 6,
                        "verbs": [
                            "deploy"
                        ],
                        "label": [
                            "FUNCTION"
                        ],
                        "sent_index": 0,
                        "type": "object"
                    },
                    "dest": {
                        "start": 54,
                        "end": 59,
                        "text": "tools",
                        "id": 11,
                        "verbs": [
                            "setup"
                        ],
                        "label": [
                            "FUNCTION"
                        ],
                        "sent_index": 0,
                        "type": "object"
                    }
                }
            ]
        },
        {
            "id": "relationship--a90a5b4d-b677-4a69-8fa0-feab294c9daf",
            "techID": "T1036.005",
            "tech_name": "Match Legitimate Name or Location",
            "value": 0.8490486059420836,
            "min_id": 2,
            "order_ids": [
                2
            ],
            "sent_indexes": [
                0
            ],
            "combine_ids": [
                11
            ],
            "phrases": [
                {
                    "source": {
                        "start": 31,
                        "end": 36,
                        "text": "tools",
                        "id": 6,
                        "verbs": [
                            "rename"
                        ],
                        "label": [
                            "FUNCTION"
                        ],
                        "sent_index": 0,
                        "type": "object",
                        "texts": [
                            "tools",
                            "executables"
                        ]
                    },
                    "dest": {
                        "start": 54,
                        "end": 59,
                        "text": "tools",
                        "id": 11,
                        "verbs": [
                            "setup"
                        ],
                        "label": [
                            "FUNCTION"
                        ],
                        "sent_index": 0,
                        "type": "object"
                    }
                }
            ]
        },
        {
            "id": "relationship--4e49358b-43d4-4fc6-8ad0-72882de328b4",
            "techID": "T1105",
            "tech_name": "Ingress Tool Transfer",
            "value": 0.8490486059420836,
            "min_id": 2,
            "order_ids": [
                2
            ],
            "sent_indexes": [
                0
            ],
            "combine_ids": [
                11
            ],
            "phrases": [
                {
                    "source": {
                        "start": 37,
                        "end": 42,
                        "text": "tools",
                        "id": 5,
                        "verbs": [
                            "download"
                        ],
                        "label": [
                            "FUNCTION"
                        ],
                        "sent_index": 0,
                        "type": "object"
                    },
                    "dest": {
                        "start": 54,
                        "end": 59,
                        "text": "tools",
                        "id": 11,
                        "verbs": [
                            "setup"
                        ],
                        "label": [
                            "FUNCTION"
                        ],
                        "sent_index": 0,
                        "type": "object"
                    }
                }
            ]
        },
        {
            "id": "relationship--0b3809c3-78a5-4121-9b51-64a9dfa60b11",
            "techID": "T1588.002",
            "tech_name": "Tool",
            "value": 0.8490486059420836,
            "min_id": 2,
            "order_ids": [
                2
            ],
            "sent_indexes": [
                0
            ],
            "combine_ids": [
                11
            ],
            "phrases": [
                {
                    "source": {
                        "start": 34,
                        "end": 39,
                        "text": "tools",
                        "id": 6,
                        "verbs": [
                            "obtain",
                            "acquire"
                        ],
                        "label": [
                            "FUNCTION",
                            "NETWORK"
                        ],
                        "sent_index": 0,
                        "type": "object",
                        "texts": [
                            "Empire",
                            "Wake-On-Lan",
                            "Cobalt Strike",
                            "YSoSerial.NET",
                            "ChromePass",
                            "open source tools",
                            "open-source tools",
                            "pwdump",
                            "PDQ Deploy",
                            "PsExec",
                            "Windows Credential Editor",
                            "Sliver",
                            "BadPotato",
                            "Responder",
                            "QuasarRAT",
                            "Havij",
                            "dbxcli",
                            "Remcos",
                            "BloodHound",
                            "AnyDesk",
                            "LaZagne",
                            "Metasploit",
                            "sqlmap",
                            "gsecdump",
                            "Mimikatz",
                            "SoftPerfect Network Scanner",
                            "Winexe",
                            "NBTscan",
                            "Nirsoft WebBrowserPassVIew",
                            "PowerSploit",
                            "AdFind",
                            "CrackMapExec",
                            "Plink",
                            "Impacket",
                            "Koadic",
                            "ConfuserEx",
                            "tools",
                            "MailSniper"
                        ]
                    },
                    "dest": {
                        "start": 54,
                        "end": 59,
                        "text": "tools",
                        "id": 11,
                        "verbs": [
                            "setup"
                        ],
                        "label": [
                            "FUNCTION"
                        ],
                        "sent_index": 0,
                        "type": "object"
                    }
                }
            ]
        },
        {
            "id": "relationship--13a8be40-1190-4553-b026-58c5088c322a",
            "techID": "T1059.003",
            "tech_name": "Windows Command Shell",
            "value": 0.8490486059420836,
            "min_id": 2,
            "order_ids": [
                2
            ],
            "sent_indexes": [
                0
            ],
            "combine_ids": [
                11
            ],
            "phrases": [
                {
                    "source": {
                        "start": 8,
                        "end": 13,
                        "text": "tools",
                        "id": 2,
                        "verbs": [
                            "use"
                        ],
                        "label": [
                            "FUNCTION"
                        ],
                        "sent_index": 0,
                        "type": "object"
                    },
                    "dest": {
                        "start": 54,
                        "end": 59,
                        "text": "tools",
                        "id": 11,
                        "verbs": [
                            "setup"
                        ],
                        "label": [
                            "FUNCTION"
                        ],
                        "sent_index": 0,
                        "type": "object"
                    }
                }
            ]
        },
        {
            "id": "relationship--ef1cdbe7-29c9-4be9-a3f7-96e5b7bae031",
            "techID": "T1027.002",
            "tech_name": "Software Packing",
            "value": 0.8490486059420836,
            "min_id": 2,
            "order_ids": [
                2
            ],
            "sent_indexes": [
                0
            ],
            "combine_ids": [
                11
            ],
            "phrases": [
                {
                    "source": {
                        "start": 20,
                        "end": 25,
                        "text": "tools",
                        "id": 5,
                        "verbs": [
                            "pack"
                        ],
                        "label": [
                            "FUNCTION"
                        ],
                        "sent_index": 0,
                        "type": "object"
                    },
                    "dest": {
                        "start": 54,
                        "end": 59,
                        "text": "tools",
                        "id": 11,
                        "verbs": [
                            "setup"
                        ],
                        "label": [
                            "FUNCTION"
                        ],
                        "sent_index": 0,
                        "type": "object"
                    }
                }
            ]
        }
    ],
    "17": [
        {
            "id": "relationship--a33a1a9c-c8d1-45f5-ad29-4a4188e5a54b",
            "techID": "T1105",
            "tech_name": "Ingress Tool Transfer",
            "value": 0.993629272450717,
            "min_id": 17,
            "order_ids": [
                17
            ],
            "sent_indexes": [
                5
            ],
            "combine_ids": [
                5005
            ],
            "phrases": [
                {
                    "source": {
                        "start": 33,
                        "end": 37,
                        "text": "file",
                        "id": 7,
                        "verbs": [
                            "download"
                        ],
                        "label": [
                            "DATA"
                        ],
                        "sent_index": 0,
                        "type": "object"
                    },
                    "dest": {
                        "start": 25,
                        "end": 29,
                        "text": "file",
                        "id": 5,
                        "verbs": [
                            "download"
                        ],
                        "label": [
                            "DATA"
                        ],
                        "sent_index": 5,
                        "type": "object"
                    }
                }
            ]
        },
        {
            "id": "relationship--9d8296bb-40a0-4a08-a01a-f6dd4409c6f1",
            "techID": "T1070.006",
            "tech_name": "Timestomp",
            "value": 0.8490486059420836,
            "min_id": 17,
            "order_ids": [
                17
            ],
            "sent_indexes": [
                5
            ],
            "combine_ids": [
                5005
            ],
            "phrases": [
                {
                    "source": {
                        "start": 25,
                        "end": 29,
                        "text": "file",
                        "id": 5,
                        "verbs": [
                            "timestomp"
                        ],
                        "label": [
                            "DATA"
                        ],
                        "sent_index": 0,
                        "type": "object"
                    },
                    "dest": {
                        "start": 25,
                        "end": 29,
                        "text": "file",
                        "id": 5,
                        "verbs": [
                            "download"
                        ],
                        "label": [
                            "DATA"
                        ],
                        "sent_index": 5,
                        "type": "object"
                    }
                }
            ]
        },
        {
            "id": "relationship--2161578b-44ef-4c44-90ad-2ee8920a3db8",
            "techID": "T1105",
            "tech_name": "Ingress Tool Transfer",
            "value": 0.8215456738557435,
            "min_id": 17,
            "order_ids": [
                17,
                5
            ],
            "sent_indexes": [
                5,
                1
            ],
            "combine_ids": [
                5005,
                1007
            ],
            "phrases": [
                {
                    "source": {
                        "start": 34,
                        "end": 39,
                        "text": "files",
                        "id": 5,
                        "verbs": [
                            "download"
                        ],
                        "label": [
                            "DATA"
                        ],
                        "sent_index": 0,
                        "type": "object"
                    },
                    "dest": {
                        "start": 25,
                        "end": 29,
                        "text": "file",
                        "id": 5,
                        "verbs": [
                            "download"
                        ],
                        "label": [
                            "DATA"
                        ],
                        "sent_index": 5,
                        "type": "object"
                    }
                },
                {
                    "source": {
                        "start": 49,
                        "end": 53,
                        "text": "host",
                        "id": 8,
                        "verbs": [
                            "onto"
                        ],
                        "label": [
                            "COMPONENT"
                        ],
                        "sent_index": 0,
                        "type": "object"
                    },
                    "dest": {
                        "start": 33,
                        "end": 38,
                        "text": "hosts",
                        "id": 7,
                        "label": [
                            "COMPONENT"
                        ],
                        "sent_index": 1,
                        "type": "subject"
                    }
                }
            ]
        },
        {
            "id": "relationship--34d105a6-47ac-4a8b-b892-6f630cd97096",
            "techID": "T1105",
            "tech_name": "Ingress Tool Transfer",
            "value": 0.8473139978717057,
            "min_id": 17,
            "order_ids": [
                17,
                9
            ],
            "sent_indexes": [
                5,
                2
            ],
            "combine_ids": [
                5005,
                2006
            ],
            "phrases": [
                {
                    "source": {
                        "start": 40,
                        "end": 44,
                        "text": "file",
                        "id": 7,
                        "verbs": [
                            "download"
                        ],
                        "label": [
                            "DATA"
                        ],
                        "sent_index": 0,
                        "type": "object"
                    },
                    "dest": {
                        "start": 25,
                        "end": 29,
                        "text": "file",
                        "id": 5,
                        "verbs": [
                            "download"
                        ],
                        "label": [
                            "DATA"
                        ],
                        "sent_index": 5,
                        "type": "object"
                    }
                },
                {
                    "source": {
                        "start": 50,
                        "end": 59,
                        "text": "given URL",
                        "id": 10,
                        "verbs": [
                            "from"
                        ],
                        "label": [
                            "NETWORK"
                        ],
                        "sent_index": 0,
                        "type": "object"
                    },
                    "dest": {
                        "start": 32,
                        "end": 35,
                        "text": "URL",
                        "id": 6,
                        "verbs": [
                            "enter"
                        ],
                        "label": [
                            "NETWORK"
                        ],
                        "sent_index": 2,
                        "type": "object"
                    }
                }
            ]
        },
        {
            "id": "relationship--484add44-6a43-4700-b1bc-d64f24157353",
            "techID": "T1105",
            "tech_name": "Ingress Tool Transfer",
            "value": 0.8312657431363388,
            "min_id": 17,
            "order_ids": [
                17,
                9
            ],
            "sent_indexes": [
                5,
                2
            ],
            "combine_ids": [
                5005,
                2006
            ],
            "phrases": [
                {
                    "source": {
                        "start": 34,
                        "end": 39,
                        "text": "files",
                        "id": 5,
                        "verbs": [
                            "download"
                        ],
                        "label": [
                            "DATA"
                        ],
                        "sent_index": 0,
                        "type": "object"
                    },
                    "dest": {
                        "start": 25,
                        "end": 29,
                        "text": "file",
                        "id": 5,
                        "verbs": [
                            "download"
                        ],
                        "label": [
                            "DATA"
                        ],
                        "sent_index": 5,
                        "type": "object"
                    }
                },
                {
                    "source": {
                        "start": 45,
                        "end": 49,
                        "text": "URLs",
                        "id": 7,
                        "verbs": [
                            "from"
                        ],
                        "label": [
                            "NETWORK"
                        ],
                        "sent_index": 0,
                        "type": "object"
                    },
                    "dest": {
                        "start": 32,
                        "end": 35,
                        "text": "URL",
                        "id": 6,
                        "verbs": [
                            "enter"
                        ],
                        "label": [
                            "NETWORK"
                        ],
                        "sent_index": 2,
                        "type": "object"
                    }
                }
            ]
        },
        {
            "id": "relationship--f4902ad9-b1bb-41ce-a448-55e2d9437503",
            "techID": "T1105",
            "tech_name": "Ingress Tool Transfer",
            "value": 0.8994342035803287,
            "min_id": 17,
            "order_ids": [
                17,
                9
            ],
            "sent_indexes": [
                5,
                2
            ],
            "combine_ids": [
                5005,
                2006
            ],
            "phrases": [
                {
                    "source": {
                        "start": 28,
                        "end": 32,
                        "text": "file",
                        "id": 5,
                        "verbs": [
                            "download"
                        ],
                        "label": [
                            "DATA"
                        ],
                        "sent_index": 0,
                        "type": "object"
                    },
                    "dest": {
                        "start": 25,
                        "end": 29,
                        "text": "file",
                        "id": 5,
                        "verbs": [
                            "download"
                        ],
                        "label": [
                            "DATA"
                        ],
                        "sent_index": 5,
                        "type": "object"
                    }
                },
                {
                    "source": {
                        "start": 50,
                        "end": 53,
                        "text": "URL",
                        "id": 9,
                        "verbs": [
                            "from"
                        ],
                        "label": [
                            "NETWORK"
                        ],
                        "sent_index": 0,
                        "type": "object"
                    },
                    "dest": {
                        "start": 32,
                        "end": 35,
                        "text": "URL",
                        "id": 6,
                        "verbs": [
                            "enter"
                        ],
                        "label": [
                            "NETWORK"
                        ],
                        "sent_index": 2,
                        "type": "object"
                    }
                }
            ]
        },
        {
            "id": "relationship--42f6d62c-6477-42b7-8078-76b1f94e6155",
            "techID": "T1071.001",
            "tech_name": "Web Protocols",
            "value": 0.8775607230327098,
            "min_id": 17,
            "order_ids": [
                9,
                17
            ],
            "sent_indexes": [
                2,
                5
            ],
            "combine_ids": [
                2006,
                5005
            ],
            "phrases": [
                {
                    "source": {
                        "start": 20,
                        "end": 25,
                        "text": "HTTPS",
                        "id": 4,
                        "verbs": [
                            "use"
                        ],
                        "label": [
                            "NETWORK"
                        ],
                        "sent_index": 0,
                        "type": "object",
                        "texts": [
                            "HTTP",
                            "HTTPS"
                        ]
                    },
                    "dest": {
                        "start": 32,
                        "end": 35,
                        "text": "URL",
                        "id": 6,
                        "verbs": [
                            "enter"
                        ],
                        "label": [
                            "NETWORK"
                        ],
                        "sent_index": 2,
                        "type": "object"
                    }
                },
                {
                    "source": {
                        "start": 38,
                        "end": 43,
                        "text": "files",
                        "id": 7,
                        "verbs": [
                            "download"
                        ],
                        "label": [
                            "DATA"
                        ],
                        "sent_index": 0,
                        "type": "object",
                        "texts": [
                            "files"
                        ]
                    },
                    "dest": {
                        "start": 25,
                        "end": 29,
                        "text": "file",
                        "id": 5,
                        "verbs": [
                            "download"
                        ],
                        "label": [
                            "DATA"
                        ],
                        "sent_index": 5,
                        "type": "object"
                    }
                }
            ]
        },
        {
            "id": "relationship--0177d430-a0b9-4f2f-8c66-8dfa4391611a",
            "techID": "T1105",
            "tech_name": "Ingress Tool Transfer",
            "value": 0.9184039195016734,
            "min_id": 17,
            "order_ids": [
                17
            ],
            "sent_indexes": [
                5
            ],
            "combine_ids": [
                5005
            ],
            "phrases": [
                {
                    "source": {
                        "start": 32,
                        "end": 37,
                        "text": "files",
                        "id": 5,
                        "verbs": [
                            "download",
                            "send"
                        ],
                        "label": [
                            "FUNCTION",
                            "DATA"
                        ],
                        "sent_index": 0,
                        "type": "object",
                        "texts": [
                            "modules",
                            "files",
                            "updates",
                            "payloads",
                            "tools",
                            "malware",
                            "plugins",
                            "components",
                            "auxiliary modules"
                        ]
                    },
                    "dest": {
                        "start": 25,
                        "end": 29,
                        "text": "file",
                        "id": 5,
                        "verbs": [
                            "download"
                        ],
                        "label": [
                            "DATA"
                        ],
                        "sent_index": 5,
                        "type": "object"
                    }
                }
            ]
        }
    ],
    "19": [
        {
            "id": "relationship--7282eabe-73e0-4a10-824b-f18df7f892e2",
            "techID": "T1105",
            "tech_name": "Ingress Tool Transfer",
            "value": 0.8558602020015285,
            "min_id": 19,
            "order_ids": [
                17,
                19
            ],
            "sent_indexes": [
                5,
                5
            ],
            "combine_ids": [
                5005,
                5023
            ],
            "phrases": [
                {
                    "source": {
                        "start": 50,
                        "end": 55,
                        "text": "files",
                        "id": 9,
                        "verbs": [
                            "download"
                        ],
                        "label": [
                            "DATA"
                        ],
                        "sent_index": 0,
                        "type": "object",
                        "texts": [
                            "files"
                        ]
                    },
                    "dest": {
                        "start": 25,
                        "end": 29,
                        "text": "file",
                        "id": 5,
                        "verbs": [
                            "download"
                        ],
                        "label": [
                            "DATA"
                        ],
                        "sent_index": 5,
                        "type": "object"
                    }
                },
                {
                    "source": {
                        "start": 63,
                        "end": 69,
                        "text": "victim",
                        "id": 12,
                        "label": [
                            "USER"
                        ],
                        "sent_index": 0,
                        "type": "object",
                        "texts": [
                            "victim"
                        ],
                        "verbs": [
                            "onto"
                        ]
                    },
                    "dest": {
                        "start": 128,
                        "end": 134,
                        "text": "target",
                        "id": 23,
                        "label": [
                            "USER"
                        ],
                        "sent_index": 5,
                        "type": "object"
                    }
                }
            ]
        },
        {
            "id": "relationship--c7cf767a-fa78-4ca7-9bd1-612d51d0c098",
            "techID": "T1105",
            "tech_name": "Ingress Tool Transfer",
            "value": 0.8820827032388447,
            "min_id": 19,
            "order_ids": [
                17,
                19
            ],
            "sent_indexes": [
                5,
                5
            ],
            "combine_ids": [
                5005,
                5023
            ],
            "phrases": [
                {
                    "source": {
                        "start": 24,
                        "end": 29,
                        "text": "files",
                        "id": 4,
                        "verbs": [
                            "download"
                        ],
                        "label": [
                            "DATA"
                        ],
                        "sent_index": 0,
                        "type": "object"
                    },
                    "dest": {
                        "start": 25,
                        "end": 29,
                        "text": "file",
                        "id": 5,
                        "verbs": [
                            "download"
                        ],
                        "label": [
                            "DATA"
                        ],
                        "sent_index": 5,
                        "type": "object"
                    }
                },
                {
                    "source": {
                        "start": 43,
                        "end": 50,
                        "text": "targets",
                        "id": 7,
                        "verbs": [
                            "to"
                        ],
                        "label": [
                            "USER"
                        ],
                        "sent_index": 0,
                        "type": "object"
                    },
                    "dest": {
                        "start": 128,
                        "end": 134,
                        "text": "target",
                        "id": 23,
                        "label": [
                            "USER"
                        ],
                        "sent_index": 5,
                        "type": "object"
                    }
                }
            ]
        }
    ],
    "6": [
        {
            "id": "relationship--334ae43c-2c0b-4a7a-aab5-6ff59005dbf5",
            "techID": "T1217",
            "tech_name": "Browser Information Discovery",
            "value": 0.8547986752983643,
            "min_id": 6,
            "order_ids": [
                6,
                6
            ],
            "sent_indexes": [
                1,
                1
            ],
            "combine_ids": [
                1010,
                1010
            ],
            "phrases": [
                {
                    "source": {
                        "start": 22,
                        "end": 39,
                        "text": "user profile data",
                        "id": 6,
                        "verbs": [
                            "retrieve"
                        ],
                        "label": [
                            "COMPONENT",
                            "DATA"
                        ],
                        "sent_index": 0,
                        "type": "object",
                        "texts": [
                            "user profile data",
                            "browsers"
                        ]
                    },
                    "dest": {
                        "start": 50,
                        "end": 57,
                        "text": "Firefox",
                        "id": 10,
                        "verbs": [
                            "open"
                        ],
                        "label": [
                            "COMPONENT"
                        ],
                        "sent_index": 1,
                        "type": "object"
                    }
                },
                {
                    "source": {
                        "start": 64,
                        "end": 91,
                        "text": "Chrome and Firefox browsers",
                        "id": 16,
                        "verbs": [
                            "from"
                        ],
                        "label": [
                            "COMPONENT"
                        ],
                        "sent_index": 0,
                        "type": "object"
                    },
                    "dest": {
                        "start": 50,
                        "end": 57,
                        "text": "Firefox",
                        "id": 10,
                        "verbs": [
                            "open"
                        ],
                        "label": [
                            "COMPONENT"
                        ],
                        "sent_index": 1,
                        "type": "object"
                    }
                }
            ]
        }
    ]
}