{
    "best": {
        "0": [
            {
                "id": "relationship--9b55c1b3-94fd-436f-8910-9d0519d3b5b4",
                "techID": "T1588.001",
                "tech_name": "Malware",
                "value": 0.8871719627146359,
                "min_id": 41,
                "order_ids": [
                    41
                ],
                "sent_indexes": [
                    9
                ],
                "combine_ids": [
                    9027
                ],
                "phrases": [
                    {
                        "source": {
                            "start": 29,
                            "end": 37,
                            "text": "backdoor",
                            "id": 7,
                            "verbs": [
                                "use"
                            ],
                            "label": [
                                "FUNCTION"
                            ],
                            "sent_index": 0,
                            "type": "object",
                            "texts": [
                                "Conti ransomware",
                                "Cobalt Strike",
                                "backdoor",
                                "FunnyDream",
                                "malware"
                            ]
                        },
                        "dest": {
                            "start": 154,
                            "end": 170,
                            "text": "XServer backdoor",
                            "id": 27,
                            "verbs": [
                                "use"
                            ],
                            "label": [
                                "FUNCTION"
                            ],
                            "sent_index": 9,
                            "type": "object"
                        }
                    }
                ],
                "location": 41
            }
        ],
        "10": [
            {
                "id": "relationship--3a41f311-3961-4446-ad71-2a6f4e3561ec",
                "techID": "T1190",
                "tech_name": "Exploit Public-Facing Application",
                "value": 0.9472135954999579,
                "min_id": 11,
                "order_ids": [
                    10,
                    11
                ],
                "sent_indexes": [
                    1,
                    1
                ],
                "combine_ids": [
                    1020,
                    1023
                ],
                "phrases": [
                    {
                        "source": {
                            "start": 50,
                            "end": 65,
                            "text": "vulnerabilities",
                            "id": 8,
                            "verbs": [
                                "exploit"
                            ],
                            "label": [
                                "VULNERABILITY"
                            ],
                            "sent_index": 0,
                            "type": "object"
                        },
                        "dest": {
                            "start": 124,
                            "end": 139,
                            "text": "vulnerabilities",
                            "id": 20,
                            "label": [
                                "VULNERABILITY"
                            ],
                            "sent_index": 1,
                            "type": "object"
                        }
                    },
                    {
                        "source": {
                            "start": 69,
                            "end": 85,
                            "text": "JBoss webservers",
                            "id": 11,
                            "label": [
                                "NETWORK"
                            ],
                            "sent_index": 0,
                            "type": "object"
                        },
                        "dest": {
                            "start": 143,
                            "end": 159,
                            "text": "JBoss webservers",
                            "id": 23,
                            "label": [
                                "NETWORK"
                            ],
                            "sent_index": 1,
                            "type": "object"
                        }
                    }
                ],
                "location": 10
            }
        ],
        "14": [
            {
                "techID": "T1059.001",
                "techName": "PowerShell",
                "value": 1.0,
                "min_id": 14,
                "location": 14,
                "order_ids": [
                    14
                ],
                "sent_indexes": [
                    3
                ]
            }
        ],
        "15": [
            {
                "id": "relationship--005b6fd1-be80-424b-b6df-2ff88d390b1b",
                "techID": "T1053.005",
                "tech_name": "Scheduled Task",
                "value": 0.993629272450717,
                "min_id": 15,
                "order_ids": [
                    15
                ],
                "sent_indexes": [
                    4
                ],
                "combine_ids": [
                    4005
                ],
                "phrases": [
                    {
                        "source": {
                            "start": 17,
                            "end": 32,
                            "text": "scheduled tasks",
                            "id": 5,
                            "verbs": [
                                "use"
                            ],
                            "label": [
                                "FUNCTION",
                                "DIRECTORY"
                            ],
                            "sent_index": 0,
                            "type": "object",
                            "texts": [
                                "MSST",
                                "Task Scheduler",
                                "and\\Microsoft\\Windows\\Autochk\\Scheduled",
                                "scheduled tasks",
                                "\"Watchmon Service",
                                "scheduled task"
                            ]
                        },
                        "dest": {
                            "start": 15,
                            "end": 30,
                            "text": "scheduled tasks",
                            "id": 5,
                            "verbs": [
                                "use"
                            ],
                            "label": [
                                "FUNCTION"
                            ],
                            "sent_index": 4,
                            "type": "object"
                        }
                    }
                ],
                "location": 15
            }
        ],
        "16": [
            {
                "id": "relationship--0f50a4e4-6ceb-4ead-88ed-147592e0b398",
                "techID": "T1059.001",
                "tech_name": "PowerShell",
                "value": 0.965761177912476,
                "min_id": 16,
                "order_ids": [
                    14,
                    16
                ],
                "sent_indexes": [
                    3,
                    4
                ],
                "combine_ids": [
                    3006,
                    4009
                ],
                "phrases": [
                    {
                        "source": {
                            "start": 15,
                            "end": 25,
                            "text": "PowerShell",
                            "id": 4,
                            "verbs": [
                                "use"
                            ],
                            "label": [
                                "FUNCTION"
                            ],
                            "sent_index": 0,
                            "type": "object",
                            "texts": [
                                "cmdlets",
                                "PowerShell",
                                "Invoke-WebRequst",
                                "Invoke-WebRequest",
                                "Invoke-Expression",
                                "PowerShell scripts",
                                "Powershell"
                            ]
                        },
                        "dest": {
                            "start": 23,
                            "end": 39,
                            "text": "PowerShell tools",
                            "id": 6,
                            "verbs": [
                                "use"
                            ],
                            "label": [
                                "FUNCTION"
                            ],
                            "sent_index": 3,
                            "type": "object"
                        }
                    },
                    {
                        "source": {
                            "start": 47,
                            "end": 51,
                            "text": "code",
                            "id": 8,
                            "verbs": [
                                "execute",
                                "download"
                            ],
                            "label": [
                                "FUNCTION"
                            ],
                            "sent_index": 0,
                            "type": "object",
                            "texts": [
                                "code",
                                "operational tasks",
                                "command",
                                "commands"
                            ]
                        },
                        "dest": {
                            "start": 52,
                            "end": 56,
                            "text": "code",
                            "id": 9,
                            "verbs": [
                                "execute"
                            ],
                            "label": [
                                "FUNCTION"
                            ],
                            "sent_index": 4,
                            "type": "object"
                        }
                    }
                ],
                "location": 16
            }
        ],
        "21": [
            {
                "id": "relationship--20b14e6f-685d-4b88-9ab7-40f7beb99ec4",
                "techID": "T1074.001",
                "tech_name": "Local Data Staging",
                "value": 0.9936292278611506,
                "min_id": 21,
                "order_ids": [
                    21
                ],
                "sent_indexes": [
                    5
                ],
                "combine_ids": [
                    5004
                ],
                "phrases": [
                    {
                        "source": {
                            "start": 31,
                            "end": 42,
                            "text": "information",
                            "id": 5,
                            "verbs": [
                                "stage"
                            ],
                            "label": [
                                "DATA"
                            ],
                            "sent_index": 0,
                            "type": "object"
                        },
                        "dest": {
                            "start": 17,
                            "end": 28,
                            "text": "information",
                            "id": 4,
                            "verbs": [
                                "retrieve"
                            ],
                            "label": [
                                "DATA"
                            ],
                            "sent_index": 5,
                            "type": "object"
                        }
                    }
                ],
                "location": 21
            }
        ],
        "23": [
            {
                "id": "relationship--75a8e452-5a08-45c8-b194-ace6788c3c4f",
                "techID": "T1016",
                "tech_name": "System Network Configuration Discovery",
                "value": 0.9704214076821531,
                "min_id": 23,
                "order_ids": [
                    21,
                    23
                ],
                "sent_indexes": [
                    5,
                    5
                ],
                "combine_ids": [
                    5004,
                    5009
                ],
                "phrases": [
                    {
                        "source": {
                            "start": 19,
                            "end": 30,
                            "text": "information",
                            "id": 3,
                            "verbs": [
                                "collect"
                            ],
                            "label": [
                                "DATA"
                            ],
                            "sent_index": 0,
                            "type": "object"
                        },
                        "dest": {
                            "start": 17,
                            "end": 28,
                            "text": "information",
                            "id": 4,
                            "verbs": [
                                "retrieve"
                            ],
                            "label": [
                                "DATA"
                            ],
                            "sent_index": 5,
                            "type": "object"
                        }
                    },
                    {
                        "source": {
                            "start": 41,
                            "end": 48,
                            "text": "network",
                            "id": 6,
                            "verbs": [
                                "about"
                            ],
                            "label": [
                                "NETWORK"
                            ],
                            "sent_index": 0,
                            "type": "object"
                        },
                        "dest": {
                            "start": 51,
                            "end": 58,
                            "text": "network",
                            "id": 9,
                            "verbs": [
                                "within"
                            ],
                            "label": [
                                "NETWORK"
                            ],
                            "sent_index": 5,
                            "type": "object"
                        }
                    }
                ],
                "location": 23
            }
        ],
        "27": [
            {
                "id": "relationship--378914cd-36cf-409f-8c99-25e144218546",
                "techID": "T1059.005",
                "tech_name": "Visual Basic",
                "value": 0.9821809759308051,
                "min_id": 27,
                "order_ids": [
                    27
                ],
                "sent_indexes": [
                    6
                ],
                "combine_ids": [
                    6008
                ],
                "phrases": [
                    {
                        "source": {
                            "start": 17,
                            "end": 28,
                            "text": "VBS scripts",
                            "id": 5,
                            "verbs": [
                                "execute",
                                "use"
                            ],
                            "label": [
                                "FUNCTION"
                            ],
                            "sent_index": 0,
                            "type": "object",
                            "texts": [
                                "VBS scripts",
                                "macros",
                                "VBS files",
                                "COM scriptlets"
                            ]
                        },
                        "dest": {
                            "start": 31,
                            "end": 41,
                            "text": "VBS script",
                            "id": 8,
                            "verbs": [
                                "execute"
                            ],
                            "label": [
                                "FUNCTION"
                            ],
                            "sent_index": 6,
                            "type": "object"
                        }
                    }
                ],
                "location": 27
            }
        ],
        "29": [
            {
                "id": "relationship--6b2cd244-a02f-4b76-85d9-a429a298f016",
                "techID": "T1546.003",
                "tech_name": "Windows Management Instrumentation Event Subscription",
                "value": 0.9936291832715838,
                "min_id": 29,
                "order_ids": [
                    29
                ],
                "sent_indexes": [
                    7
                ],
                "combine_ids": [
                    7009
                ],
                "phrases": [
                    {
                        "source": {
                            "start": 19,
                            "end": 22,
                            "text": "WMI",
                            "id": 4,
                            "verbs": [
                                "use"
                            ],
                            "label": [
                                "FUNCTION"
                            ],
                            "sent_index": 0,
                            "type": "object",
                            "texts": [
                                "WMI",
                                "WMI script"
                            ]
                        },
                        "dest": {
                            "start": 61,
                            "end": 64,
                            "text": "WMI",
                            "id": 9,
                            "verbs": [
                                "use"
                            ],
                            "label": [
                                "FUNCTION"
                            ],
                            "sent_index": 7,
                            "type": "object"
                        }
                    }
                ],
                "location": 29
            }
        ],
        "33": [
            {
                "id": "relationship--121d2e76-5ba1-475d-9cf9-1046724abae1",
                "techID": "T1059.003",
                "tech_name": "Windows Command Shell",
                "value": 1.0,
                "min_id": 33,
                "order_ids": [
                    33,
                    33,
                    33
                ],
                "sent_indexes": [
                    8,
                    8,
                    8
                ],
                "combine_ids": [
                    8025,
                    8025,
                    8025
                ],
                "phrases": [
                    {
                        "source": {
                            "start": 15,
                            "end": 22,
                            "text": "command",
                            "id": 4,
                            "verbs": [
                                "have",
                                "execute",
                                "run"
                            ],
                            "label": [
                                "FUNCTION"
                            ],
                            "sent_index": 0,
                            "type": "object",
                            "texts": [
                                "command",
                                "commands"
                            ]
                        },
                        "dest": {
                            "start": 143,
                            "end": 151,
                            "text": "commands",
                            "id": 25,
                            "verbs": [
                                "execute"
                            ],
                            "label": [
                                "FUNCTION"
                            ],
                            "sent_index": 8,
                            "type": "object"
                        }
                    },
                    {
                        "source": {
                            "start": 30,
                            "end": 37,
                            "text": "cmd.exe",
                            "id": 7,
                            "verbs": [
                                "launch",
                                "execute",
                                "run",
                                "have",
                                "use"
                            ],
                            "label": [
                                "FUNCTION"
                            ],
                            "sent_index": 0,
                            "type": "object",
                            "texts": [
                                "command line",
                                "cmd",
                                "commands",
                                "cmd.exe",
                                "command"
                            ]
                        },
                        "dest": {
                            "start": 143,
                            "end": 151,
                            "text": "commands",
                            "id": 25,
                            "verbs": [
                                "execute"
                            ],
                            "label": [
                                "FUNCTION"
                            ],
                            "sent_index": 8,
                            "type": "object"
                        }
                    },
                    {
                        "source": {
                            "start": 49,
                            "end": 57,
                            "text": "commands",
                            "id": 10,
                            "verbs": [
                                "execute",
                                "have",
                                "run"
                            ],
                            "label": [
                                "FUNCTION"
                            ],
                            "sent_index": 0,
                            "type": "object",
                            "texts": [
                                "command",
                                "commands"
                            ]
                        },
                        "dest": {
                            "start": 143,
                            "end": 151,
                            "text": "commands",
                            "id": 25,
                            "verbs": [
                                "execute"
                            ],
                            "label": [
                                "FUNCTION"
                            ],
                            "sent_index": 8,
                            "type": "object"
                        }
                    }
                ],
                "location": 33
            }
        ],
        "34": [
            {
                "id": "relationship--37804b22-63b4-4b24-846e-6541688d9213",
                "techID": "T1070.006",
                "tech_name": "Timestomp",
                "value": 0.876632871223114,
                "min_id": 35,
                "order_ids": [
                    34,
                    35
                ],
                "sent_indexes": [
                    9,
                    9
                ],
                "combine_ids": [
                    9001,
                    9004
                ],
                "phrases": [
                    {
                        "source": {
                            "start": 14,
                            "end": 21,
                            "text": "command",
                            "id": 4,
                            "verbs": [
                                "have"
                            ],
                            "label": [
                                "FUNCTION"
                            ],
                            "sent_index": 0,
                            "type": "object"
                        },
                        "dest": {
                            "start": 0,
                            "end": 8,
                            "text": "Commands",
                            "id": 1,
                            "label": [
                                "FUNCTION"
                            ],
                            "sent_index": 9,
                            "type": "subject"
                        }
                    },
                    {
                        "source": {
                            "start": 36,
                            "end": 40,
                            "text": "file",
                            "id": 8,
                            "verbs": [
                                "timestop"
                            ],
                            "label": [
                                "DATA",
                                "DIRECTORY"
                            ],
                            "sent_index": 0,
                            "type": "object",
                            "texts": [
                                "file",
                                "directory"
                            ]
                        },
                        "dest": {
                            "start": 22,
                            "end": 27,
                            "text": "files",
                            "id": 4,
                            "label": [
                                "DATA"
                            ],
                            "sent_index": 9,
                            "type": "subject"
                        }
                    }
                ],
                "location": 34
            }
        ],
        "35": [
            {
                "id": "relationship--47afdb05-0327-4feb-b80e-1be491b57693",
                "techID": "T1105",
                "tech_name": "Ingress Tool Transfer",
                "value": 0.922548757240746,
                "min_id": 35,
                "order_ids": [
                    35,
                    30
                ],
                "sent_indexes": [
                    9,
                    8
                ],
                "combine_ids": [
                    9004,
                    8008
                ],
                "phrases": [
                    {
                        "source": {
                            "start": 21,
                            "end": 26,
                            "text": "files",
                            "id": 4,
                            "verbs": [
                                "download"
                            ],
                            "label": [
                                "DATA"
                            ],
                            "sent_index": 0,
                            "type": "object"
                        },
                        "dest": {
                            "start": 22,
                            "end": 27,
                            "text": "files",
                            "id": 4,
                            "label": [
                                "DATA"
                            ],
                            "sent_index": 9,
                            "type": "subject"
                        }
                    },
                    {
                        "source": {
                            "start": 34,
                            "end": 40,
                            "text": "system",
                            "id": 7,
                            "verbs": [
                                "to"
                            ],
                            "label": [
                                "COMPONENT"
                            ],
                            "sent_index": 0,
                            "type": "object"
                        },
                        "dest": {
                            "start": 48,
                            "end": 54,
                            "text": "system",
                            "id": 8,
                            "verbs": [
                                "identify"
                            ],
                            "label": [
                                "COMPONENT"
                            ],
                            "sent_index": 8,
                            "type": "subject"
                        }
                    }
                ],
                "location": 35
            }
        ],
        "39": [
            {
                "id": "relationship--699171c1-0d17-48d7-a741-0e4a0ed4ef62",
                "techID": "T1027",
                "tech_name": "Obfuscated Files or Information",
                "value": 0.993629272450717,
                "min_id": 39,
                "order_ids": [
                    39
                ],
                "sent_indexes": [
                    9
                ],
                "combine_ids": [
                    9017
                ],
                "phrases": [
                    {
                        "source": {
                            "start": 24,
                            "end": 29,
                            "text": "files",
                            "id": 5,
                            "verbs": [
                                "encrypt"
                            ],
                            "label": [
                                "DATA"
                            ],
                            "sent_index": 0,
                            "type": "object"
                        },
                        "dest": {
                            "start": 100,
                            "end": 105,
                            "text": "files",
                            "id": 17,
                            "verbs": [
                                "encrypt"
                            ],
                            "label": [
                                "DATA"
                            ],
                            "sent_index": 9,
                            "type": "object"
                        }
                    }
                ],
                "location": 39
            }
        ],
        "42": [
            {
                "id": "relationship--c8bceb4a-0cf2-43c9-9729-20ed706c4c72",
                "techID": "T1070.004",
                "tech_name": "File Deletion",
                "value": 0.993629272450717,
                "min_id": 42,
                "order_ids": [
                    42,
                    42
                ],
                "sent_indexes": [
                    10,
                    10
                ],
                "combine_ids": [
                    10003,
                    10003
                ],
                "phrases": [
                    {
                        "source": {
                            "start": 22,
                            "end": 27,
                            "text": "files",
                            "id": 4,
                            "verbs": [
                                "delete"
                            ],
                            "label": [
                                "DATA"
                            ],
                            "sent_index": 0,
                            "type": "object",
                            "texts": [
                                "files"
                            ]
                        },
                        "dest": {
                            "start": 13,
                            "end": 18,
                            "text": "files",
                            "id": 3,
                            "verbs": [
                                "use",
                                "delete"
                            ],
                            "label": [
                                "DATA"
                            ],
                            "sent_index": 10,
                            "type": "object"
                        }
                    },
                    {
                        "source": {
                            "start": 29,
                            "end": 34,
                            "text": "files",
                            "id": 6,
                            "verbs": [
                                "delete"
                            ],
                            "label": [
                                "DATA"
                            ],
                            "sent_index": 1,
                            "type": "object",
                            "texts": [
                                "files"
                            ]
                        },
                        "dest": {
                            "start": 13,
                            "end": 18,
                            "text": "files",
                            "id": 3,
                            "verbs": [
                                "use",
                                "delete"
                            ],
                            "label": [
                                "DATA"
                            ],
                            "sent_index": 10,
                            "type": "object"
                        }
                    }
                ],
                "location": 42
            }
        ],
        "45": [
            {
                "id": "relationship--73ee6e9e-560a-42d1-8578-d5e59899dcf7",
                "techID": "T1574.002",
                "tech_name": "DLL Side-Loading",
                "value": 0.9153478124230048,
                "min_id": 45,
                "order_ids": [
                    45,
                    34
                ],
                "sent_indexes": [
                    10,
                    9
                ],
                "combine_ids": [
                    10027,
                    9001
                ],
                "phrases": [
                    {
                        "source": {
                            "start": 15,
                            "end": 31,
                            "text": "DLL side-loading",
                            "id": 5,
                            "verbs": [
                                "use"
                            ],
                            "label": [
                                "REGISTRY"
                            ],
                            "sent_index": 0,
                            "type": "object",
                            "texts": [
                                "DLL side-loading"
                            ]
                        },
                        "dest": {
                            "start": 128,
                            "end": 155,
                            "text": "legitimate Windows DLL file",
                            "id": 27,
                            "verbs": [
                                "with"
                            ],
                            "label": [
                                "REGISTRY"
                            ],
                            "sent_index": 10,
                            "type": "object"
                        }
                    },
                    {
                        "source": {
                            "text": "command",
                            "start": 36,
                            "end": 45,
                            "id": 6,
                            "verbs": [
                                "execute"
                            ],
                            "label": [
                                "FUNCTION"
                            ],
                            "sent_index": 0,
                            "type": "object",
                            "texts": [
                                "command"
                            ]
                        },
                        "dest": {
                            "start": 0,
                            "end": 8,
                            "text": "Commands",
                            "id": 1,
                            "label": [
                                "FUNCTION"
                            ],
                            "sent_index": 9,
                            "type": "subject"
                        }
                    }
                ],
                "location": 45
            }
        ]
    },
    "k2": {
        "0": [
            {
                "id": "relationship--9b55c1b3-94fd-436f-8910-9d0519d3b5b4",
                "techID": "T1588.001",
                "tech_name": "Malware",
                "value": 0.8871719627146359,
                "min_id": 41,
                "order_ids": [
                    41
                ],
                "sent_indexes": [
                    9
                ],
                "combine_ids": [
                    9027
                ],
                "phrases": [
                    {
                        "source": {
                            "start": 29,
                            "end": 37,
                            "text": "backdoor",
                            "id": 7,
                            "verbs": [
                                "use"
                            ],
                            "label": [
                                "FUNCTION"
                            ],
                            "sent_index": 0,
                            "type": "object",
                            "texts": [
                                "Conti ransomware",
                                "Cobalt Strike",
                                "backdoor",
                                "FunnyDream",
                                "malware"
                            ]
                        },
                        "dest": {
                            "start": 154,
                            "end": 170,
                            "text": "XServer backdoor",
                            "id": 27,
                            "verbs": [
                                "use"
                            ],
                            "label": [
                                "FUNCTION"
                            ],
                            "sent_index": 9,
                            "type": "object"
                        }
                    }
                ],
                "location": 41
            }
        ],
        "10": [
            {
                "id": "relationship--3a41f311-3961-4446-ad71-2a6f4e3561ec",
                "techID": "T1190",
                "tech_name": "Exploit Public-Facing Application",
                "value": 0.9472135954999579,
                "min_id": 11,
                "order_ids": [
                    10,
                    11
                ],
                "sent_indexes": [
                    1,
                    1
                ],
                "combine_ids": [
                    1020,
                    1023
                ],
                "phrases": [
                    {
                        "source": {
                            "start": 50,
                            "end": 65,
                            "text": "vulnerabilities",
                            "id": 8,
                            "verbs": [
                                "exploit"
                            ],
                            "label": [
                                "VULNERABILITY"
                            ],
                            "sent_index": 0,
                            "type": "object"
                        },
                        "dest": {
                            "start": 124,
                            "end": 139,
                            "text": "vulnerabilities",
                            "id": 20,
                            "label": [
                                "VULNERABILITY"
                            ],
                            "sent_index": 1,
                            "type": "object"
                        }
                    },
                    {
                        "source": {
                            "start": 69,
                            "end": 85,
                            "text": "JBoss webservers",
                            "id": 11,
                            "label": [
                                "NETWORK"
                            ],
                            "sent_index": 0,
                            "type": "object"
                        },
                        "dest": {
                            "start": 143,
                            "end": 159,
                            "text": "JBoss webservers",
                            "id": 23,
                            "label": [
                                "NETWORK"
                            ],
                            "sent_index": 1,
                            "type": "object"
                        }
                    }
                ],
                "location": 10
            }
        ],
        "14": [
            {
                "techID": "T1059.001",
                "techName": "PowerShell",
                "value": 1.0,
                "min_id": 14,
                "location": 14,
                "order_ids": [
                    14
                ],
                "sent_indexes": [
                    3
                ]
            }
        ],
        "15": [
            {
                "id": "relationship--005b6fd1-be80-424b-b6df-2ff88d390b1b",
                "techID": "T1053.005",
                "tech_name": "Scheduled Task",
                "value": 0.993629272450717,
                "min_id": 15,
                "order_ids": [
                    15
                ],
                "sent_indexes": [
                    4
                ],
                "combine_ids": [
                    4005
                ],
                "phrases": [
                    {
                        "source": {
                            "start": 17,
                            "end": 32,
                            "text": "scheduled tasks",
                            "id": 5,
                            "verbs": [
                                "use"
                            ],
                            "label": [
                                "FUNCTION",
                                "DIRECTORY"
                            ],
                            "sent_index": 0,
                            "type": "object",
                            "texts": [
                                "MSST",
                                "Task Scheduler",
                                "and\\Microsoft\\Windows\\Autochk\\Scheduled",
                                "scheduled tasks",
                                "\"Watchmon Service",
                                "scheduled task"
                            ]
                        },
                        "dest": {
                            "start": 15,
                            "end": 30,
                            "text": "scheduled tasks",
                            "id": 5,
                            "verbs": [
                                "use"
                            ],
                            "label": [
                                "FUNCTION"
                            ],
                            "sent_index": 4,
                            "type": "object"
                        }
                    }
                ],
                "location": 15
            }
        ],
        "16": [
            {
                "id": "relationship--0f50a4e4-6ceb-4ead-88ed-147592e0b398",
                "techID": "T1059.001",
                "tech_name": "PowerShell",
                "value": 0.965761177912476,
                "min_id": 16,
                "order_ids": [
                    14,
                    16
                ],
                "sent_indexes": [
                    3,
                    4
                ],
                "combine_ids": [
                    3006,
                    4009
                ],
                "phrases": [
                    {
                        "source": {
                            "start": 15,
                            "end": 25,
                            "text": "PowerShell",
                            "id": 4,
                            "verbs": [
                                "use"
                            ],
                            "label": [
                                "FUNCTION"
                            ],
                            "sent_index": 0,
                            "type": "object",
                            "texts": [
                                "cmdlets",
                                "PowerShell",
                                "Invoke-WebRequst",
                                "Invoke-WebRequest",
                                "Invoke-Expression",
                                "PowerShell scripts",
                                "Powershell"
                            ]
                        },
                        "dest": {
                            "start": 23,
                            "end": 39,
                            "text": "PowerShell tools",
                            "id": 6,
                            "verbs": [
                                "use"
                            ],
                            "label": [
                                "FUNCTION"
                            ],
                            "sent_index": 3,
                            "type": "object"
                        }
                    },
                    {
                        "source": {
                            "start": 47,
                            "end": 51,
                            "text": "code",
                            "id": 8,
                            "verbs": [
                                "execute",
                                "download"
                            ],
                            "label": [
                                "FUNCTION"
                            ],
                            "sent_index": 0,
                            "type": "object",
                            "texts": [
                                "code",
                                "operational tasks",
                                "command",
                                "commands"
                            ]
                        },
                        "dest": {
                            "start": 52,
                            "end": 56,
                            "text": "code",
                            "id": 9,
                            "verbs": [
                                "execute"
                            ],
                            "label": [
                                "FUNCTION"
                            ],
                            "sent_index": 4,
                            "type": "object"
                        }
                    }
                ],
                "location": 16
            }
        ],
        "21": [
            {
                "id": "relationship--20b14e6f-685d-4b88-9ab7-40f7beb99ec4",
                "techID": "T1074.001",
                "tech_name": "Local Data Staging",
                "value": 0.9936292278611506,
                "min_id": 21,
                "order_ids": [
                    21
                ],
                "sent_indexes": [
                    5
                ],
                "combine_ids": [
                    5004
                ],
                "phrases": [
                    {
                        "source": {
                            "start": 31,
                            "end": 42,
                            "text": "information",
                            "id": 5,
                            "verbs": [
                                "stage"
                            ],
                            "label": [
                                "DATA"
                            ],
                            "sent_index": 0,
                            "type": "object"
                        },
                        "dest": {
                            "start": 17,
                            "end": 28,
                            "text": "information",
                            "id": 4,
                            "verbs": [
                                "retrieve"
                            ],
                            "label": [
                                "DATA"
                            ],
                            "sent_index": 5,
                            "type": "object"
                        }
                    }
                ],
                "location": 21
            }
        ],
        "23": [
            {
                "id": "relationship--75a8e452-5a08-45c8-b194-ace6788c3c4f",
                "techID": "T1016",
                "tech_name": "System Network Configuration Discovery",
                "value": 0.9704214076821531,
                "min_id": 23,
                "order_ids": [
                    21,
                    23
                ],
                "sent_indexes": [
                    5,
                    5
                ],
                "combine_ids": [
                    5004,
                    5009
                ],
                "phrases": [
                    {
                        "source": {
                            "start": 19,
                            "end": 30,
                            "text": "information",
                            "id": 3,
                            "verbs": [
                                "collect"
                            ],
                            "label": [
                                "DATA"
                            ],
                            "sent_index": 0,
                            "type": "object"
                        },
                        "dest": {
                            "start": 17,
                            "end": 28,
                            "text": "information",
                            "id": 4,
                            "verbs": [
                                "retrieve"
                            ],
                            "label": [
                                "DATA"
                            ],
                            "sent_index": 5,
                            "type": "object"
                        }
                    },
                    {
                        "source": {
                            "start": 41,
                            "end": 48,
                            "text": "network",
                            "id": 6,
                            "verbs": [
                                "about"
                            ],
                            "label": [
                                "NETWORK"
                            ],
                            "sent_index": 0,
                            "type": "object"
                        },
                        "dest": {
                            "start": 51,
                            "end": 58,
                            "text": "network",
                            "id": 9,
                            "verbs": [
                                "within"
                            ],
                            "label": [
                                "NETWORK"
                            ],
                            "sent_index": 5,
                            "type": "object"
                        }
                    }
                ],
                "location": 23
            }
        ],
        "27": [
            {
                "id": "relationship--378914cd-36cf-409f-8c99-25e144218546",
                "techID": "T1059.005",
                "tech_name": "Visual Basic",
                "value": 0.9821809759308051,
                "min_id": 27,
                "order_ids": [
                    27
                ],
                "sent_indexes": [
                    6
                ],
                "combine_ids": [
                    6008
                ],
                "phrases": [
                    {
                        "source": {
                            "start": 17,
                            "end": 28,
                            "text": "VBS scripts",
                            "id": 5,
                            "verbs": [
                                "execute",
                                "use"
                            ],
                            "label": [
                                "FUNCTION"
                            ],
                            "sent_index": 0,
                            "type": "object",
                            "texts": [
                                "VBS scripts",
                                "macros",
                                "VBS files",
                                "COM scriptlets"
                            ]
                        },
                        "dest": {
                            "start": 31,
                            "end": 41,
                            "text": "VBS script",
                            "id": 8,
                            "verbs": [
                                "execute"
                            ],
                            "label": [
                                "FUNCTION"
                            ],
                            "sent_index": 6,
                            "type": "object"
                        }
                    }
                ],
                "location": 27
            }
        ],
        "29": [
            {
                "id": "relationship--6b2cd244-a02f-4b76-85d9-a429a298f016",
                "techID": "T1546.003",
                "tech_name": "Windows Management Instrumentation Event Subscription",
                "value": 0.9936291832715838,
                "min_id": 29,
                "order_ids": [
                    29
                ],
                "sent_indexes": [
                    7
                ],
                "combine_ids": [
                    7009
                ],
                "phrases": [
                    {
                        "source": {
                            "start": 19,
                            "end": 22,
                            "text": "WMI",
                            "id": 4,
                            "verbs": [
                                "use"
                            ],
                            "label": [
                                "FUNCTION"
                            ],
                            "sent_index": 0,
                            "type": "object",
                            "texts": [
                                "WMI",
                                "WMI script"
                            ]
                        },
                        "dest": {
                            "start": 61,
                            "end": 64,
                            "text": "WMI",
                            "id": 9,
                            "verbs": [
                                "use"
                            ],
                            "label": [
                                "FUNCTION"
                            ],
                            "sent_index": 7,
                            "type": "object"
                        }
                    }
                ],
                "location": 29
            }
        ],
        "33": [
            {
                "id": "relationship--121d2e76-5ba1-475d-9cf9-1046724abae1",
                "techID": "T1059.003",
                "tech_name": "Windows Command Shell",
                "value": 1.0,
                "min_id": 33,
                "order_ids": [
                    33,
                    33,
                    33
                ],
                "sent_indexes": [
                    8,
                    8,
                    8
                ],
                "combine_ids": [
                    8025,
                    8025,
                    8025
                ],
                "phrases": [
                    {
                        "source": {
                            "start": 15,
                            "end": 22,
                            "text": "command",
                            "id": 4,
                            "verbs": [
                                "have",
                                "execute",
                                "run"
                            ],
                            "label": [
                                "FUNCTION"
                            ],
                            "sent_index": 0,
                            "type": "object",
                            "texts": [
                                "command",
                                "commands"
                            ]
                        },
                        "dest": {
                            "start": 143,
                            "end": 151,
                            "text": "commands",
                            "id": 25,
                            "verbs": [
                                "execute"
                            ],
                            "label": [
                                "FUNCTION"
                            ],
                            "sent_index": 8,
                            "type": "object"
                        }
                    },
                    {
                        "source": {
                            "start": 30,
                            "end": 37,
                            "text": "cmd.exe",
                            "id": 7,
                            "verbs": [
                                "launch",
                                "execute",
                                "run",
                                "have",
                                "use"
                            ],
                            "label": [
                                "FUNCTION"
                            ],
                            "sent_index": 0,
                            "type": "object",
                            "texts": [
                                "command line",
                                "cmd",
                                "commands",
                                "cmd.exe",
                                "command"
                            ]
                        },
                        "dest": {
                            "start": 143,
                            "end": 151,
                            "text": "commands",
                            "id": 25,
                            "verbs": [
                                "execute"
                            ],
                            "label": [
                                "FUNCTION"
                            ],
                            "sent_index": 8,
                            "type": "object"
                        }
                    },
                    {
                        "source": {
                            "start": 49,
                            "end": 57,
                            "text": "commands",
                            "id": 10,
                            "verbs": [
                                "execute",
                                "have",
                                "run"
                            ],
                            "label": [
                                "FUNCTION"
                            ],
                            "sent_index": 0,
                            "type": "object",
                            "texts": [
                                "command",
                                "commands"
                            ]
                        },
                        "dest": {
                            "start": 143,
                            "end": 151,
                            "text": "commands",
                            "id": 25,
                            "verbs": [
                                "execute"
                            ],
                            "label": [
                                "FUNCTION"
                            ],
                            "sent_index": 8,
                            "type": "object"
                        }
                    }
                ],
                "location": 33
            }
        ],
        "34": [
            {
                "id": "relationship--37804b22-63b4-4b24-846e-6541688d9213",
                "techID": "T1070.006",
                "tech_name": "Timestomp",
                "value": 0.876632871223114,
                "min_id": 35,
                "order_ids": [
                    34,
                    35
                ],
                "sent_indexes": [
                    9,
                    9
                ],
                "combine_ids": [
                    9001,
                    9004
                ],
                "phrases": [
                    {
                        "source": {
                            "start": 14,
                            "end": 21,
                            "text": "command",
                            "id": 4,
                            "verbs": [
                                "have"
                            ],
                            "label": [
                                "FUNCTION"
                            ],
                            "sent_index": 0,
                            "type": "object"
                        },
                        "dest": {
                            "start": 0,
                            "end": 8,
                            "text": "Commands",
                            "id": 1,
                            "label": [
                                "FUNCTION"
                            ],
                            "sent_index": 9,
                            "type": "subject"
                        }
                    },
                    {
                        "source": {
                            "start": 36,
                            "end": 40,
                            "text": "file",
                            "id": 8,
                            "verbs": [
                                "timestop"
                            ],
                            "label": [
                                "DATA",
                                "DIRECTORY"
                            ],
                            "sent_index": 0,
                            "type": "object",
                            "texts": [
                                "file",
                                "directory"
                            ]
                        },
                        "dest": {
                            "start": 22,
                            "end": 27,
                            "text": "files",
                            "id": 4,
                            "label": [
                                "DATA"
                            ],
                            "sent_index": 9,
                            "type": "subject"
                        }
                    }
                ],
                "location": 34
            }
        ],
        "35": [
            {
                "id": "relationship--47afdb05-0327-4feb-b80e-1be491b57693",
                "techID": "T1105",
                "tech_name": "Ingress Tool Transfer",
                "value": 0.922548757240746,
                "min_id": 35,
                "order_ids": [
                    35,
                    30
                ],
                "sent_indexes": [
                    9,
                    8
                ],
                "combine_ids": [
                    9004,
                    8008
                ],
                "phrases": [
                    {
                        "source": {
                            "start": 21,
                            "end": 26,
                            "text": "files",
                            "id": 4,
                            "verbs": [
                                "download"
                            ],
                            "label": [
                                "DATA"
                            ],
                            "sent_index": 0,
                            "type": "object"
                        },
                        "dest": {
                            "start": 22,
                            "end": 27,
                            "text": "files",
                            "id": 4,
                            "label": [
                                "DATA"
                            ],
                            "sent_index": 9,
                            "type": "subject"
                        }
                    },
                    {
                        "source": {
                            "start": 34,
                            "end": 40,
                            "text": "system",
                            "id": 7,
                            "verbs": [
                                "to"
                            ],
                            "label": [
                                "COMPONENT"
                            ],
                            "sent_index": 0,
                            "type": "object"
                        },
                        "dest": {
                            "start": 48,
                            "end": 54,
                            "text": "system",
                            "id": 8,
                            "verbs": [
                                "identify"
                            ],
                            "label": [
                                "COMPONENT"
                            ],
                            "sent_index": 8,
                            "type": "subject"
                        }
                    }
                ],
                "location": 35
            }
        ],
        "39": [
            {
                "id": "relationship--699171c1-0d17-48d7-a741-0e4a0ed4ef62",
                "techID": "T1027",
                "tech_name": "Obfuscated Files or Information",
                "value": 0.993629272450717,
                "min_id": 39,
                "order_ids": [
                    39
                ],
                "sent_indexes": [
                    9
                ],
                "combine_ids": [
                    9017
                ],
                "phrases": [
                    {
                        "source": {
                            "start": 24,
                            "end": 29,
                            "text": "files",
                            "id": 5,
                            "verbs": [
                                "encrypt"
                            ],
                            "label": [
                                "DATA"
                            ],
                            "sent_index": 0,
                            "type": "object"
                        },
                        "dest": {
                            "start": 100,
                            "end": 105,
                            "text": "files",
                            "id": 17,
                            "verbs": [
                                "encrypt"
                            ],
                            "label": [
                                "DATA"
                            ],
                            "sent_index": 9,
                            "type": "object"
                        }
                    }
                ],
                "location": 39
            }
        ],
        "42": [
            {
                "id": "relationship--c8bceb4a-0cf2-43c9-9729-20ed706c4c72",
                "techID": "T1070.004",
                "tech_name": "File Deletion",
                "value": 0.993629272450717,
                "min_id": 42,
                "order_ids": [
                    42,
                    42
                ],
                "sent_indexes": [
                    10,
                    10
                ],
                "combine_ids": [
                    10003,
                    10003
                ],
                "phrases": [
                    {
                        "source": {
                            "start": 22,
                            "end": 27,
                            "text": "files",
                            "id": 4,
                            "verbs": [
                                "delete"
                            ],
                            "label": [
                                "DATA"
                            ],
                            "sent_index": 0,
                            "type": "object",
                            "texts": [
                                "files"
                            ]
                        },
                        "dest": {
                            "start": 13,
                            "end": 18,
                            "text": "files",
                            "id": 3,
                            "verbs": [
                                "use",
                                "delete"
                            ],
                            "label": [
                                "DATA"
                            ],
                            "sent_index": 10,
                            "type": "object"
                        }
                    },
                    {
                        "source": {
                            "start": 29,
                            "end": 34,
                            "text": "files",
                            "id": 6,
                            "verbs": [
                                "delete"
                            ],
                            "label": [
                                "DATA"
                            ],
                            "sent_index": 1,
                            "type": "object",
                            "texts": [
                                "files"
                            ]
                        },
                        "dest": {
                            "start": 13,
                            "end": 18,
                            "text": "files",
                            "id": 3,
                            "verbs": [
                                "use",
                                "delete"
                            ],
                            "label": [
                                "DATA"
                            ],
                            "sent_index": 10,
                            "type": "object"
                        }
                    }
                ],
                "location": 42
            }
        ],
        "45": [
            {
                "id": "relationship--73ee6e9e-560a-42d1-8578-d5e59899dcf7",
                "techID": "T1574.002",
                "tech_name": "DLL Side-Loading",
                "value": 0.9153478124230048,
                "min_id": 45,
                "order_ids": [
                    45,
                    34
                ],
                "sent_indexes": [
                    10,
                    9
                ],
                "combine_ids": [
                    10027,
                    9001
                ],
                "phrases": [
                    {
                        "source": {
                            "start": 15,
                            "end": 31,
                            "text": "DLL side-loading",
                            "id": 5,
                            "verbs": [
                                "use"
                            ],
                            "label": [
                                "REGISTRY"
                            ],
                            "sent_index": 0,
                            "type": "object",
                            "texts": [
                                "DLL side-loading"
                            ]
                        },
                        "dest": {
                            "start": 128,
                            "end": 155,
                            "text": "legitimate Windows DLL file",
                            "id": 27,
                            "verbs": [
                                "with"
                            ],
                            "label": [
                                "REGISTRY"
                            ],
                            "sent_index": 10,
                            "type": "object"
                        }
                    },
                    {
                        "source": {
                            "text": "command",
                            "start": 36,
                            "end": 45,
                            "id": 6,
                            "verbs": [
                                "execute"
                            ],
                            "label": [
                                "FUNCTION"
                            ],
                            "sent_index": 0,
                            "type": "object",
                            "texts": [
                                "command"
                            ]
                        },
                        "dest": {
                            "start": 0,
                            "end": 8,
                            "text": "Commands",
                            "id": 1,
                            "label": [
                                "FUNCTION"
                            ],
                            "sent_index": 9,
                            "type": "subject"
                        }
                    }
                ],
                "location": 45
            }
        ]
    },
    "full_path": [
        "T1588.001",
        "T1190",
        "T1059.001",
        "T1053.005",
        "T1074.001",
        "T1016",
        "T1059.005",
        "T1546.003",
        "T1059.003",
        "T1070.006",
        "T1105",
        "T1027",
        "T1070.004",
        "T1574.002"
    ],
    "top_k_path": {
        "0": [
            "T1588.001"
        ],
        "10": [
            "T1190"
        ],
        "14": [
            "T1059.001"
        ],
        "15": [
            "T1053.005"
        ],
        "16": [
            "T1059.001"
        ],
        "21": [
            "T1074.001"
        ],
        "23": [
            "T1016"
        ],
        "27": [
            "T1059.005"
        ],
        "29": [
            "T1546.003"
        ],
        "33": [
            "T1059.003"
        ],
        "34": [
            "T1070.006"
        ],
        "35": [
            "T1105"
        ],
        "39": [
            "T1027"
        ],
        "42": [
            "T1070.004"
        ],
        "45": [
            "T1574.002"
        ]
    }
}