{
    "best": {
        "0": [
            {
                "id": "relationship--3de46cc5-5049-4105-8fcc-ede3f51f30c5",
                "techID": "T1608.001",
                "tech_name": "Upload Malware",
                "value": 0.922548757240746,
                "min_id": 16,
                "order_ids": [
                    12,
                    16
                ],
                "sent_indexes": [
                    2,
                    3
                ],
                "combine_ids": [
                    2003,
                    3009
                ],
                "phrases": [
                    {
                        "source": {
                            "start": 25,
                            "end": 32,
                            "text": "malware",
                            "id": 5,
                            "verbs": [
                                "stage"
                            ],
                            "label": [
                                "FUNCTION",
                                "DATA"
                            ],
                            "sent_index": 0,
                            "type": "object",
                            "texts": [
                                "malware",
                                "files"
                            ]
                        },
                        "dest": {
                            "start": 15,
                            "end": 20,
                            "text": "files",
                            "id": 3,
                            "label": [
                                "DATA"
                            ],
                            "sent_index": 2,
                            "type": "subject"
                        }
                    },
                    {
                        "source": {
                            "start": 56,
                            "end": 83,
                            "text": "legitimate hosting services",
                            "id": 12,
                            "label": [
                                "FUNCTION",
                                "COMPONENT"
                            ],
                            "sent_index": 0,
                            "type": "object",
                            "texts": [
                                "OneDrive",
                                "legitimate hosting services",
                                "MediaFire"
                            ]
                        },
                        "dest": {
                            "start": 29,
                            "end": 61,
                            "text": "legitimate file hosting services",
                            "id": 9,
                            "label": [
                                "COMPONENT"
                            ],
                            "sent_index": 3,
                            "type": "object",
                            "texts": [
                                "OneDrive",
                                "MediaFire",
                                "legitimate file hosting services"
                            ]
                        }
                    }
                ],
                "location": 16
            }
        ],
        "8": [
            {
                "id": "relationship--1a7f1f1e-511a-44bf-8d9e-fd3260febfc8",
                "techID": "T1566.001",
                "tech_name": "Spearphishing Attachment",
                "value": 0.9050312427506108,
                "min_id": 8,
                "order_ids": [
                    7,
                    8
                ],
                "sent_indexes": [
                    1,
                    1
                ],
                "combine_ids": [
                    1006,
                    1010
                ],
                "phrases": [
                    {
                        "source": {
                            "start": 19,
                            "end": 25,
                            "text": "emails",
                            "id": 4,
                            "verbs": [
                                "send"
                            ],
                            "label": [
                                "NETWORK"
                            ],
                            "sent_index": 0,
                            "type": "object",
                            "texts": [
                                "emails"
                            ]
                        },
                        "dest": {
                            "start": 21,
                            "end": 27,
                            "text": "emails",
                            "id": 6,
                            "label": [
                                "NETWORK"
                            ],
                            "sent_index": 1,
                            "type": "subject"
                        }
                    },
                    {
                        "source": {
                            "start": 41,
                            "end": 67,
                            "text": "Microsoft Office documents",
                            "id": 9,
                            "verbs": [
                                "with"
                            ],
                            "label": [
                                "DATA"
                            ],
                            "sent_index": 0,
                            "type": "object",
                            "texts": [
                                "PDFs",
                                "Microsoft Office documents"
                            ]
                        },
                        "dest": {
                            "start": 35,
                            "end": 47,
                            "text": "PDF document",
                            "id": 10,
                            "verbs": [
                                "have"
                            ],
                            "label": [
                                "DATA"
                            ],
                            "sent_index": 1,
                            "type": "object"
                        }
                    }
                ],
                "location": 8
            }
        ],
        "9": [
            {
                "id": "relationship--0160acb0-db44-4076-acc6-74c872d5aa08",
                "techID": "T1566.002",
                "tech_name": "Spearphishing Link",
                "value": 0.9707577217767134,
                "min_id": 9,
                "order_ids": [
                    7,
                    9
                ],
                "sent_indexes": [
                    1,
                    1
                ],
                "combine_ids": [
                    1006,
                    1016
                ],
                "phrases": [
                    {
                        "source": {
                            "start": 33,
                            "end": 40,
                            "text": "e-mails",
                            "id": 6,
                            "label": [
                                "NETWORK"
                            ],
                            "sent_index": 0,
                            "type": "subject",
                            "texts": [
                                "emails",
                                "e-mails",
                                "e-mail"
                            ],
                            "verbs": [
                                "use",
                                "embed"
                            ]
                        },
                        "dest": {
                            "start": 21,
                            "end": 27,
                            "text": "emails",
                            "id": 6,
                            "label": [
                                "NETWORK"
                            ],
                            "sent_index": 1,
                            "type": "subject"
                        }
                    },
                    {
                        "source": {
                            "start": 64,
                            "end": 68,
                            "text": "link",
                            "id": 10,
                            "verbs": [
                                "contain",
                                "with"
                            ],
                            "label": [
                                "NETWORK"
                            ],
                            "sent_index": 0,
                            "type": "object",
                            "texts": [
                                "link",
                                "links"
                            ]
                        },
                        "dest": {
                            "start": 75,
                            "end": 79,
                            "text": "link",
                            "id": 16,
                            "verbs": [
                                "contain"
                            ],
                            "label": [
                                "NETWORK"
                            ],
                            "sent_index": 1,
                            "type": "object"
                        }
                    }
                ],
                "location": 9
            }
        ],
        "10": [
            {
                "id": "relationship--38a72b32-dc04-493d-8b92-31174c32f3ed",
                "techID": "T1005",
                "tech_name": "Data from Local System",
                "value": 0.8689591070227554,
                "min_id": 10,
                "order_ids": [
                    5,
                    10
                ],
                "sent_indexes": [
                    0,
                    1
                ],
                "combine_ids": [
                    13,
                    1019
                ],
                "phrases": [
                    {
                        "source": {
                            "start": 19,
                            "end": 24,
                            "text": "files",
                            "id": 4,
                            "verbs": [
                                "collect"
                            ],
                            "label": [
                                "DATA"
                            ],
                            "sent_index": 0,
                            "type": "object"
                        },
                        "dest": {
                            "start": 74,
                            "end": 79,
                            "text": "files",
                            "id": 13,
                            "label": [
                                "DATA"
                            ],
                            "sent_index": 0,
                            "type": "object"
                        }
                    },
                    {
                        "source": {
                            "start": 32,
                            "end": 44,
                            "text": "local victim",
                            "id": 8,
                            "verbs": [
                                "from"
                            ],
                            "label": [
                                "USER"
                            ],
                            "sent_index": 0,
                            "type": "object"
                        },
                        "dest": {
                            "start": 89,
                            "end": 93,
                            "text": "user",
                            "id": 19,
                            "label": [
                                "USER"
                            ],
                            "sent_index": 1,
                            "type": "subject"
                        }
                    }
                ],
                "location": 10
            }
        ],
        "11": [
            {
                "id": "relationship--0177d430-a0b9-4f2f-8c66-8dfa4391611a",
                "techID": "T1105",
                "tech_name": "Ingress Tool Transfer",
                "value": 0.993629272450717,
                "min_id": 11,
                "order_ids": [
                    11
                ],
                "sent_indexes": [
                    1
                ],
                "combine_ids": [
                    1025
                ],
                "phrases": [
                    {
                        "source": {
                            "start": 32,
                            "end": 37,
                            "text": "files",
                            "id": 5,
                            "verbs": [
                                "download",
                                "send"
                            ],
                            "label": [
                                "FUNCTION",
                                "DATA"
                            ],
                            "sent_index": 0,
                            "type": "object",
                            "texts": [
                                "modules",
                                "files",
                                "updates",
                                "payloads",
                                "tools",
                                "malware",
                                "plugins",
                                "components",
                                "auxiliary modules"
                            ]
                        },
                        "dest": {
                            "start": 121,
                            "end": 128,
                            "text": "malware",
                            "id": 25,
                            "verbs": [
                                "download"
                            ],
                            "label": [
                                "FUNCTION"
                            ],
                            "sent_index": 1,
                            "type": "object"
                        }
                    }
                ],
                "location": 11
            }
        ],
        "14": [
            {
                "id": "relationship--0c81e49d-53be-4fba-9a07-ec2fe5501267",
                "techID": "T1027",
                "tech_name": "Obfuscated Files or Information",
                "value": 0.8981793573112595,
                "min_id": 14,
                "order_ids": [
                    14
                ],
                "sent_indexes": [
                    2
                ],
                "combine_ids": [
                    2012
                ],
                "phrases": [
                    {
                        "source": {
                            "start": 14,
                            "end": 33,
                            "text": "encrypted documents",
                            "id": 4,
                            "verbs": [
                                "have"
                            ],
                            "label": [
                                "FUNCTION",
                                "DATA"
                            ],
                            "sent_index": 0,
                            "type": "object",
                            "texts": [
                                "executables",
                                "encrypted documents"
                            ]
                        },
                        "dest": {
                            "start": 59,
                            "end": 74,
                            "text": "executable file",
                            "id": 12,
                            "verbs": [
                                "have"
                            ],
                            "label": [
                                "DATA"
                            ],
                            "sent_index": 2,
                            "type": "object"
                        }
                    }
                ],
                "location": 14
            }
        ],
        "18": [
            {
                "id": "relationship--17a2eeb2-2221-4292-b584-d39d19a6409f",
                "techID": "T1083",
                "tech_name": "File and Directory Discovery",
                "value": 0.9184039877123946,
                "min_id": 18,
                "order_ids": [
                    18,
                    18
                ],
                "sent_indexes": [
                    4,
                    4
                ],
                "combine_ids": [
                    4008,
                    4008
                ],
                "phrases": [
                    {
                        "source": {
                            "start": 31,
                            "end": 36,
                            "text": "files",
                            "id": 6,
                            "verbs": [
                                "identify",
                                "discover",
                                "list",
                                "find",
                                "index",
                                "explore",
                                "browse",
                                "enumerate",
                                "locate",
                                "parse",
                                "scan",
                                "search",
                                "check"
                            ],
                            "label": [
                                "COMPONENT",
                                "DIRECTORY",
                                "OTHER",
                                "DATA"
                            ],
                            "sent_index": 0,
                            "type": "object",
                            "texts": [
                                "drives",
                                ".ppt",
                                ".docx",
                                "files",
                                ".xls",
                                "folder",
                                "logical drives",
                                "subfolders",
                                ".hwp",
                                ".pdf",
                                ".xslx",
                                "directory",
                                ".doc",
                                "metadata",
                                "directories",
                                ".txt",
                                "folders",
                                ".lnk"
                            ]
                        },
                        "dest": {
                            "start": 39,
                            "end": 43,
                            "text": "file",
                            "id": 8,
                            "verbs": [
                                "extract"
                            ],
                            "label": [
                                "DATA"
                            ],
                            "sent_index": 4,
                            "type": "object"
                        }
                    },
                    {
                        "source": {
                            "start": 46,
                            "end": 57,
                            "text": "directories",
                            "id": 9,
                            "verbs": [
                                "identify",
                                "discover",
                                "list",
                                "find",
                                "index",
                                "explore",
                                "browse",
                                "enumerate",
                                "locate",
                                "parse",
                                "scan",
                                "search",
                                "check"
                            ],
                            "label": [
                                "COMPONENT",
                                "DIRECTORY",
                                "OTHER",
                                "DATA"
                            ],
                            "sent_index": 0,
                            "type": "object",
                            "texts": [
                                "drives",
                                ".ppt",
                                ".docx",
                                "files",
                                ".xls",
                                "folder",
                                "logical drives",
                                "subfolders",
                                ".hwp",
                                ".pdf",
                                ".xslx",
                                "directory",
                                ".doc",
                                "metadata",
                                "directories",
                                ".txt",
                                "folders",
                                ".lnk"
                            ]
                        },
                        "dest": {
                            "start": 39,
                            "end": 43,
                            "text": "file",
                            "id": 8,
                            "verbs": [
                                "extract"
                            ],
                            "label": [
                                "DATA"
                            ],
                            "sent_index": 4,
                            "type": "object"
                        }
                    }
                ],
                "location": 18
            }
        ],
        "21": [
            {
                "id": "relationship--3da56da6-08fe-406b-bd0d-cd4f72dd67f4",
                "techID": "T1027.002",
                "tech_name": "Software Packing",
                "value": 0.8559436554104207,
                "min_id": 21,
                "order_ids": [
                    20,
                    21
                ],
                "sent_indexes": [
                    5,
                    5
                ],
                "combine_ids": [
                    5004,
                    5008
                ],
                "phrases": [
                    {
                        "source": {
                            "start": 23,
                            "end": 30,
                            "text": "packers",
                            "id": 5,
                            "verbs": [
                                "use"
                            ],
                            "label": [
                                "FUNCTION"
                            ],
                            "sent_index": 0,
                            "type": "object",
                            "texts": [
                                "CyaX",
                                "packers"
                            ]
                        },
                        "dest": {
                            "start": 12,
                            "end": 19,
                            "text": "packers",
                            "id": 4,
                            "label": [
                                "FUNCTION"
                            ],
                            "sent_index": 5,
                            "type": "subject"
                        }
                    },
                    {
                        "source": {
                            "start": 69,
                            "end": 80,
                            "text": "executables",
                            "id": 14,
                            "verbs": [
                                "obfuscate"
                            ],
                            "label": [
                                "FUNCTION"
                            ],
                            "sent_index": 0,
                            "type": "object"
                        },
                        "dest": {
                            "start": 35,
                            "end": 46,
                            "text": "executables",
                            "id": 8,
                            "verbs": [
                                "use"
                            ],
                            "label": [
                                "FUNCTION"
                            ],
                            "sent_index": 5,
                            "type": "object"
                        }
                    }
                ],
                "location": 21
            }
        ],
        "24": [
            {
                "id": "relationship--184739bd-f45e-4f2b-8caf-19e2cb30ae92",
                "techID": "T1012",
                "tech_name": "Query Registry",
                "value": 0.9140516302874204,
                "min_id": 24,
                "order_ids": [
                    24
                ],
                "sent_indexes": [
                    5
                ],
                "combine_ids": [
                    5031
                ],
                "phrases": [
                    {
                        "source": {
                            "start": 60,
                            "end": 76,
                            "text": "embedded payload",
                            "id": 10,
                            "verbs": [
                                "decode"
                            ],
                            "label": [
                                "FUNCTION"
                            ],
                            "sent_index": 0,
                            "type": "object"
                        },
                        "dest": {
                            "start": 169,
                            "end": 176,
                            "text": "payload",
                            "id": 31,
                            "verbs": [
                                "decrypt"
                            ],
                            "label": [
                                "FUNCTION"
                            ],
                            "sent_index": 5,
                            "type": "object"
                        }
                    }
                ],
                "location": 24
            }
        ],
        "25": [
            {
                "id": "relationship--6d5dfa51-1e2b-4da5-9db8-ae8e8f00ea9d",
                "techID": "T1029",
                "tech_name": "Scheduled Transfer",
                "value": 0.8908237724470367,
                "min_id": 25,
                "order_ids": [
                    25
                ],
                "sent_indexes": [
                    5
                ],
                "combine_ids": [
                    5035
                ],
                "phrases": [
                    {
                        "source": {
                            "start": 26,
                            "end": 40,
                            "text": "Beacon payload",
                            "id": 7,
                            "verbs": [
                                "set"
                            ],
                            "label": [
                                "FUNCTION"
                            ],
                            "sent_index": 0,
                            "type": "object"
                        },
                        "dest": {
                            "start": 195,
                            "end": 202,
                            "text": "payload",
                            "id": 35,
                            "verbs": [
                                "inject"
                            ],
                            "label": [
                                "FUNCTION"
                            ],
                            "sent_index": 5,
                            "type": "object"
                        }
                    }
                ],
                "location": 25
            }
        ]
    },
    "k2": {
        "0": [
            {
                "id": "relationship--3de46cc5-5049-4105-8fcc-ede3f51f30c5",
                "techID": "T1608.001",
                "tech_name": "Upload Malware",
                "value": 0.922548757240746,
                "min_id": 16,
                "order_ids": [
                    12,
                    16
                ],
                "sent_indexes": [
                    2,
                    3
                ],
                "combine_ids": [
                    2003,
                    3009
                ],
                "phrases": [
                    {
                        "source": {
                            "start": 25,
                            "end": 32,
                            "text": "malware",
                            "id": 5,
                            "verbs": [
                                "stage"
                            ],
                            "label": [
                                "FUNCTION",
                                "DATA"
                            ],
                            "sent_index": 0,
                            "type": "object",
                            "texts": [
                                "malware",
                                "files"
                            ]
                        },
                        "dest": {
                            "start": 15,
                            "end": 20,
                            "text": "files",
                            "id": 3,
                            "label": [
                                "DATA"
                            ],
                            "sent_index": 2,
                            "type": "subject"
                        }
                    },
                    {
                        "source": {
                            "start": 56,
                            "end": 83,
                            "text": "legitimate hosting services",
                            "id": 12,
                            "label": [
                                "FUNCTION",
                                "COMPONENT"
                            ],
                            "sent_index": 0,
                            "type": "object",
                            "texts": [
                                "OneDrive",
                                "legitimate hosting services",
                                "MediaFire"
                            ]
                        },
                        "dest": {
                            "start": 29,
                            "end": 61,
                            "text": "legitimate file hosting services",
                            "id": 9,
                            "label": [
                                "COMPONENT"
                            ],
                            "sent_index": 3,
                            "type": "object",
                            "texts": [
                                "OneDrive",
                                "MediaFire",
                                "legitimate file hosting services"
                            ]
                        }
                    }
                ],
                "location": 16
            }
        ],
        "8": [
            {
                "id": "relationship--1a7f1f1e-511a-44bf-8d9e-fd3260febfc8",
                "techID": "T1566.001",
                "tech_name": "Spearphishing Attachment",
                "value": 0.9050312427506108,
                "min_id": 8,
                "order_ids": [
                    7,
                    8
                ],
                "sent_indexes": [
                    1,
                    1
                ],
                "combine_ids": [
                    1006,
                    1010
                ],
                "phrases": [
                    {
                        "source": {
                            "start": 19,
                            "end": 25,
                            "text": "emails",
                            "id": 4,
                            "verbs": [
                                "send"
                            ],
                            "label": [
                                "NETWORK"
                            ],
                            "sent_index": 0,
                            "type": "object",
                            "texts": [
                                "emails"
                            ]
                        },
                        "dest": {
                            "start": 21,
                            "end": 27,
                            "text": "emails",
                            "id": 6,
                            "label": [
                                "NETWORK"
                            ],
                            "sent_index": 1,
                            "type": "subject"
                        }
                    },
                    {
                        "source": {
                            "start": 41,
                            "end": 67,
                            "text": "Microsoft Office documents",
                            "id": 9,
                            "verbs": [
                                "with"
                            ],
                            "label": [
                                "DATA"
                            ],
                            "sent_index": 0,
                            "type": "object",
                            "texts": [
                                "PDFs",
                                "Microsoft Office documents"
                            ]
                        },
                        "dest": {
                            "start": 35,
                            "end": 47,
                            "text": "PDF document",
                            "id": 10,
                            "verbs": [
                                "have"
                            ],
                            "label": [
                                "DATA"
                            ],
                            "sent_index": 1,
                            "type": "object"
                        }
                    }
                ],
                "location": 8
            }
        ],
        "9": [
            {
                "id": "relationship--0160acb0-db44-4076-acc6-74c872d5aa08",
                "techID": "T1566.002",
                "tech_name": "Spearphishing Link",
                "value": 0.9707577217767134,
                "min_id": 9,
                "order_ids": [
                    7,
                    9
                ],
                "sent_indexes": [
                    1,
                    1
                ],
                "combine_ids": [
                    1006,
                    1016
                ],
                "phrases": [
                    {
                        "source": {
                            "start": 33,
                            "end": 40,
                            "text": "e-mails",
                            "id": 6,
                            "label": [
                                "NETWORK"
                            ],
                            "sent_index": 0,
                            "type": "subject",
                            "texts": [
                                "emails",
                                "e-mails",
                                "e-mail"
                            ],
                            "verbs": [
                                "use",
                                "embed"
                            ]
                        },
                        "dest": {
                            "start": 21,
                            "end": 27,
                            "text": "emails",
                            "id": 6,
                            "label": [
                                "NETWORK"
                            ],
                            "sent_index": 1,
                            "type": "subject"
                        }
                    },
                    {
                        "source": {
                            "start": 64,
                            "end": 68,
                            "text": "link",
                            "id": 10,
                            "verbs": [
                                "contain",
                                "with"
                            ],
                            "label": [
                                "NETWORK"
                            ],
                            "sent_index": 0,
                            "type": "object",
                            "texts": [
                                "link",
                                "links"
                            ]
                        },
                        "dest": {
                            "start": 75,
                            "end": 79,
                            "text": "link",
                            "id": 16,
                            "verbs": [
                                "contain"
                            ],
                            "label": [
                                "NETWORK"
                            ],
                            "sent_index": 1,
                            "type": "object"
                        }
                    }
                ],
                "location": 9
            }
        ],
        "10": [
            {
                "id": "relationship--38a72b32-dc04-493d-8b92-31174c32f3ed",
                "techID": "T1005",
                "tech_name": "Data from Local System",
                "value": 0.8689591070227554,
                "min_id": 10,
                "order_ids": [
                    5,
                    10
                ],
                "sent_indexes": [
                    0,
                    1
                ],
                "combine_ids": [
                    13,
                    1019
                ],
                "phrases": [
                    {
                        "source": {
                            "start": 19,
                            "end": 24,
                            "text": "files",
                            "id": 4,
                            "verbs": [
                                "collect"
                            ],
                            "label": [
                                "DATA"
                            ],
                            "sent_index": 0,
                            "type": "object"
                        },
                        "dest": {
                            "start": 74,
                            "end": 79,
                            "text": "files",
                            "id": 13,
                            "label": [
                                "DATA"
                            ],
                            "sent_index": 0,
                            "type": "object"
                        }
                    },
                    {
                        "source": {
                            "start": 32,
                            "end": 44,
                            "text": "local victim",
                            "id": 8,
                            "verbs": [
                                "from"
                            ],
                            "label": [
                                "USER"
                            ],
                            "sent_index": 0,
                            "type": "object"
                        },
                        "dest": {
                            "start": 89,
                            "end": 93,
                            "text": "user",
                            "id": 19,
                            "label": [
                                "USER"
                            ],
                            "sent_index": 1,
                            "type": "subject"
                        }
                    }
                ],
                "location": 10
            }
        ],
        "11": [
            {
                "id": "relationship--0177d430-a0b9-4f2f-8c66-8dfa4391611a",
                "techID": "T1105",
                "tech_name": "Ingress Tool Transfer",
                "value": 0.993629272450717,
                "min_id": 11,
                "order_ids": [
                    11
                ],
                "sent_indexes": [
                    1
                ],
                "combine_ids": [
                    1025
                ],
                "phrases": [
                    {
                        "source": {
                            "start": 32,
                            "end": 37,
                            "text": "files",
                            "id": 5,
                            "verbs": [
                                "download",
                                "send"
                            ],
                            "label": [
                                "FUNCTION",
                                "DATA"
                            ],
                            "sent_index": 0,
                            "type": "object",
                            "texts": [
                                "modules",
                                "files",
                                "updates",
                                "payloads",
                                "tools",
                                "malware",
                                "plugins",
                                "components",
                                "auxiliary modules"
                            ]
                        },
                        "dest": {
                            "start": 121,
                            "end": 128,
                            "text": "malware",
                            "id": 25,
                            "verbs": [
                                "download"
                            ],
                            "label": [
                                "FUNCTION"
                            ],
                            "sent_index": 1,
                            "type": "object"
                        }
                    }
                ],
                "location": 11
            }
        ],
        "14": [
            {
                "id": "relationship--0c81e49d-53be-4fba-9a07-ec2fe5501267",
                "techID": "T1027",
                "tech_name": "Obfuscated Files or Information",
                "value": 0.8981793573112595,
                "min_id": 14,
                "order_ids": [
                    14
                ],
                "sent_indexes": [
                    2
                ],
                "combine_ids": [
                    2012
                ],
                "phrases": [
                    {
                        "source": {
                            "start": 14,
                            "end": 33,
                            "text": "encrypted documents",
                            "id": 4,
                            "verbs": [
                                "have"
                            ],
                            "label": [
                                "FUNCTION",
                                "DATA"
                            ],
                            "sent_index": 0,
                            "type": "object",
                            "texts": [
                                "executables",
                                "encrypted documents"
                            ]
                        },
                        "dest": {
                            "start": 59,
                            "end": 74,
                            "text": "executable file",
                            "id": 12,
                            "verbs": [
                                "have"
                            ],
                            "label": [
                                "DATA"
                            ],
                            "sent_index": 2,
                            "type": "object"
                        }
                    }
                ],
                "location": 14
            }
        ],
        "18": [
            {
                "id": "relationship--17a2eeb2-2221-4292-b584-d39d19a6409f",
                "techID": "T1083",
                "tech_name": "File and Directory Discovery",
                "value": 0.9184039877123946,
                "min_id": 18,
                "order_ids": [
                    18,
                    18
                ],
                "sent_indexes": [
                    4,
                    4
                ],
                "combine_ids": [
                    4008,
                    4008
                ],
                "phrases": [
                    {
                        "source": {
                            "start": 31,
                            "end": 36,
                            "text": "files",
                            "id": 6,
                            "verbs": [
                                "identify",
                                "discover",
                                "list",
                                "find",
                                "index",
                                "explore",
                                "browse",
                                "enumerate",
                                "locate",
                                "parse",
                                "scan",
                                "search",
                                "check"
                            ],
                            "label": [
                                "COMPONENT",
                                "DIRECTORY",
                                "OTHER",
                                "DATA"
                            ],
                            "sent_index": 0,
                            "type": "object",
                            "texts": [
                                "drives",
                                ".ppt",
                                ".docx",
                                "files",
                                ".xls",
                                "folder",
                                "logical drives",
                                "subfolders",
                                ".hwp",
                                ".pdf",
                                ".xslx",
                                "directory",
                                ".doc",
                                "metadata",
                                "directories",
                                ".txt",
                                "folders",
                                ".lnk"
                            ]
                        },
                        "dest": {
                            "start": 39,
                            "end": 43,
                            "text": "file",
                            "id": 8,
                            "verbs": [
                                "extract"
                            ],
                            "label": [
                                "DATA"
                            ],
                            "sent_index": 4,
                            "type": "object"
                        }
                    },
                    {
                        "source": {
                            "start": 46,
                            "end": 57,
                            "text": "directories",
                            "id": 9,
                            "verbs": [
                                "identify",
                                "discover",
                                "list",
                                "find",
                                "index",
                                "explore",
                                "browse",
                                "enumerate",
                                "locate",
                                "parse",
                                "scan",
                                "search",
                                "check"
                            ],
                            "label": [
                                "COMPONENT",
                                "DIRECTORY",
                                "OTHER",
                                "DATA"
                            ],
                            "sent_index": 0,
                            "type": "object",
                            "texts": [
                                "drives",
                                ".ppt",
                                ".docx",
                                "files",
                                ".xls",
                                "folder",
                                "logical drives",
                                "subfolders",
                                ".hwp",
                                ".pdf",
                                ".xslx",
                                "directory",
                                ".doc",
                                "metadata",
                                "directories",
                                ".txt",
                                "folders",
                                ".lnk"
                            ]
                        },
                        "dest": {
                            "start": 39,
                            "end": 43,
                            "text": "file",
                            "id": 8,
                            "verbs": [
                                "extract"
                            ],
                            "label": [
                                "DATA"
                            ],
                            "sent_index": 4,
                            "type": "object"
                        }
                    }
                ],
                "location": 18
            }
        ],
        "21": [
            {
                "id": "relationship--3da56da6-08fe-406b-bd0d-cd4f72dd67f4",
                "techID": "T1027.002",
                "tech_name": "Software Packing",
                "value": 0.8559436554104207,
                "min_id": 21,
                "order_ids": [
                    20,
                    21
                ],
                "sent_indexes": [
                    5,
                    5
                ],
                "combine_ids": [
                    5004,
                    5008
                ],
                "phrases": [
                    {
                        "source": {
                            "start": 23,
                            "end": 30,
                            "text": "packers",
                            "id": 5,
                            "verbs": [
                                "use"
                            ],
                            "label": [
                                "FUNCTION"
                            ],
                            "sent_index": 0,
                            "type": "object",
                            "texts": [
                                "CyaX",
                                "packers"
                            ]
                        },
                        "dest": {
                            "start": 12,
                            "end": 19,
                            "text": "packers",
                            "id": 4,
                            "label": [
                                "FUNCTION"
                            ],
                            "sent_index": 5,
                            "type": "subject"
                        }
                    },
                    {
                        "source": {
                            "start": 69,
                            "end": 80,
                            "text": "executables",
                            "id": 14,
                            "verbs": [
                                "obfuscate"
                            ],
                            "label": [
                                "FUNCTION"
                            ],
                            "sent_index": 0,
                            "type": "object"
                        },
                        "dest": {
                            "start": 35,
                            "end": 46,
                            "text": "executables",
                            "id": 8,
                            "verbs": [
                                "use"
                            ],
                            "label": [
                                "FUNCTION"
                            ],
                            "sent_index": 5,
                            "type": "object"
                        }
                    }
                ],
                "location": 21
            }
        ],
        "24": [
            {
                "id": "relationship--184739bd-f45e-4f2b-8caf-19e2cb30ae92",
                "techID": "T1012",
                "tech_name": "Query Registry",
                "value": 0.9140516302874204,
                "min_id": 24,
                "order_ids": [
                    24
                ],
                "sent_indexes": [
                    5
                ],
                "combine_ids": [
                    5031
                ],
                "phrases": [
                    {
                        "source": {
                            "start": 60,
                            "end": 76,
                            "text": "embedded payload",
                            "id": 10,
                            "verbs": [
                                "decode"
                            ],
                            "label": [
                                "FUNCTION"
                            ],
                            "sent_index": 0,
                            "type": "object"
                        },
                        "dest": {
                            "start": 169,
                            "end": 176,
                            "text": "payload",
                            "id": 31,
                            "verbs": [
                                "decrypt"
                            ],
                            "label": [
                                "FUNCTION"
                            ],
                            "sent_index": 5,
                            "type": "object"
                        }
                    }
                ],
                "location": 24
            }
        ],
        "25": [
            {
                "id": "relationship--6d5dfa51-1e2b-4da5-9db8-ae8e8f00ea9d",
                "techID": "T1029",
                "tech_name": "Scheduled Transfer",
                "value": 0.8908237724470367,
                "min_id": 25,
                "order_ids": [
                    25
                ],
                "sent_indexes": [
                    5
                ],
                "combine_ids": [
                    5035
                ],
                "phrases": [
                    {
                        "source": {
                            "start": 26,
                            "end": 40,
                            "text": "Beacon payload",
                            "id": 7,
                            "verbs": [
                                "set"
                            ],
                            "label": [
                                "FUNCTION"
                            ],
                            "sent_index": 0,
                            "type": "object"
                        },
                        "dest": {
                            "start": 195,
                            "end": 202,
                            "text": "payload",
                            "id": 35,
                            "verbs": [
                                "inject"
                            ],
                            "label": [
                                "FUNCTION"
                            ],
                            "sent_index": 5,
                            "type": "object"
                        }
                    }
                ],
                "location": 25
            }
        ]
    },
    "full_path": [
        "T1608.001",
        "T1566.001",
        "T1566.002",
        "T1005",
        "T1105",
        "T1027",
        "T1083",
        "T1027.002",
        "T1012",
        "T1029"
    ],
    "top_k_path": {
        "0": [
            "T1608.001"
        ],
        "8": [
            "T1566.001"
        ],
        "9": [
            "T1566.002"
        ],
        "10": [
            "T1005"
        ],
        "11": [
            "T1105"
        ],
        "14": [
            "T1027"
        ],
        "18": [
            "T1083"
        ],
        "21": [
            "T1027.002"
        ],
        "24": [
            "T1012"
        ],
        "25": [
            "T1029"
        ]
    }
}