{
    "7": [
        {
            "id": "relationship--46c37037-00da-4cf5-bde1-4296e10e6483",
            "techID": "T1496",
            "value": 0.920304724643523,
            "min_id": 7,
            "order_ids": [
                7
            ],
            "sent_indexes": [
                1
            ],
            "combine_ids": [
                1018
            ],
            "phrases": [
                {
                    "source": {
                        "start": 22,
                        "end": 42,
                        "text": "cryptomining malware",
                        "id": 5,
                        "verbs": [
                            "distribute"
                        ],
                        "label": [
                            "FUNCTION"
                        ],
                        "sent_index": 0,
                        "type": "object"
                    },
                    "dest": {
                        "start": 100,
                        "end": 116,
                        "text": "Trickbot malware",
                        "id": 18,
                        "verbs": [
                            "download"
                        ],
                        "label": [
                            "FUNCTION"
                        ],
                        "sent_index": 1,
                        "type": "object"
                    }
                }
            ]
        },
        {
            "id": "relationship--aa444f15-777c-4bf6-819b-f03476d59401",
            "techID": "T1105",
            "value": 0.8898027594655427,
            "min_id": 7,
            "order_ids": [
                7
            ],
            "sent_indexes": [
                1
            ],
            "combine_ids": [
                1018
            ],
            "phrases": [
                {
                    "source": {
                        "start": 31,
                        "end": 41,
                        "text": "components",
                        "id": 5,
                        "verbs": [
                            "download"
                        ],
                        "label": [
                            "FUNCTION"
                        ],
                        "sent_index": 0,
                        "type": "object",
                        "texts": [
                            "malware",
                            "components"
                        ]
                    },
                    "dest": {
                        "start": 100,
                        "end": 116,
                        "text": "Trickbot malware",
                        "id": 18,
                        "verbs": [
                            "download"
                        ],
                        "label": [
                            "FUNCTION"
                        ],
                        "sent_index": 1,
                        "type": "object"
                    }
                }
            ]
        },
        {
            "id": "relationship--4d23c95c-366e-464c-b41c-64e48f4e166a",
            "techID": "T1105",
            "value": 0.8898027594655427,
            "min_id": 7,
            "order_ids": [
                7
            ],
            "sent_indexes": [
                1
            ],
            "combine_ids": [
                1018
            ],
            "phrases": [
                {
                    "source": {
                        "start": 23,
                        "end": 28,
                        "text": "files",
                        "id": 4,
                        "verbs": [
                            "download"
                        ],
                        "label": [
                            "FUNCTION",
                            "DATA"
                        ],
                        "sent_index": 0,
                        "type": "object",
                        "texts": [
                            "files",
                            "malware"
                        ]
                    },
                    "dest": {
                        "start": 100,
                        "end": 116,
                        "text": "Trickbot malware",
                        "id": 18,
                        "verbs": [
                            "download"
                        ],
                        "label": [
                            "FUNCTION"
                        ],
                        "sent_index": 1,
                        "type": "object"
                    }
                }
            ]
        }
    ],
    "38": [
        {
            "id": "relationship--f2f8d56c-4a10-4be4-884d-7982931bd303",
            "techID": "T1587.001",
            "value": 0.9170027415983765,
            "min_id": 38,
            "order_ids": [
                38
            ],
            "sent_indexes": [
                8
            ],
            "combine_ids": [
                8017
            ],
            "phrases": [
                {
                    "source": {
                        "start": 22,
                        "end": 36,
                        "text": "custom malware",
                        "id": 5,
                        "verbs": [
                            "develop"
                        ],
                        "label": [
                            "FUNCTION"
                        ],
                        "sent_index": 0,
                        "type": "object",
                        "texts": [
                            "custom malware",
                            "Hildegard"
                        ]
                    },
                    "dest": {
                        "start": 99,
                        "end": 118,
                        "text": "third-party malware",
                        "id": 17,
                        "verbs": [
                            "install"
                        ],
                        "label": [
                            "FUNCTION"
                        ],
                        "sent_index": 8,
                        "type": "object"
                    }
                }
            ]
        }
    ],
    "18": [
        {
            "id": "relationship--671a20b9-ad4c-468f-9871-be3545907dd2",
            "techID": "T1566.002",
            "value": 0.8474663515009082,
            "min_id": 18,
            "order_ids": [
                13,
                2,
                18
            ],
            "sent_indexes": [
                3,
                0,
                4
            ],
            "combine_ids": [
                3002,
                11,
                4007
            ],
            "phrases": [
                {
                    "source": {
                        "start": 29,
                        "end": 34,
                        "text": "links",
                        "id": 5,
                        "verbs": [
                            "use"
                        ],
                        "label": [
                            "NETWORK"
                        ],
                        "sent_index": 0,
                        "type": "object"
                    },
                    "dest": {
                        "start": 6,
                        "end": 10,
                        "text": "URLs",
                        "id": 2,
                        "label": [
                            "NETWORK",
                            "FUNCTION"
                        ],
                        "sent_index": 3,
                        "type": "subject",
                        "texts": [
                            "URLs",
                            "samples"
                        ]
                    }
                },
                {
                    "source": {
                        "start": 38,
                        "end": 45,
                        "text": "e-mails",
                        "id": 7,
                        "label": [
                            "NETWORK"
                        ],
                        "sent_index": 0,
                        "type": "object"
                    },
                    "dest": {
                        "start": 56,
                        "end": 61,
                        "text": "email",
                        "id": 11,
                        "verbs": [
                            "start",
                            "with"
                        ],
                        "label": [
                            "NETWORK"
                        ],
                        "sent_index": 0,
                        "type": "object"
                    }
                },
                {
                    "source": {
                        "start": 57,
                        "end": 64,
                        "text": "malware",
                        "id": 10,
                        "verbs": [
                            "deliver"
                        ],
                        "label": [
                            "FUNCTION"
                        ],
                        "sent_index": 0,
                        "type": "object"
                    },
                    "dest": {
                        "start": 27,
                        "end": 34,
                        "text": "malware",
                        "id": 7,
                        "label": [
                            "FUNCTION"
                        ],
                        "sent_index": 4,
                        "type": "subject"
                    }
                }
            ]
        },
        {
            "id": "relationship--7f8b1475-9e41-41d7-84f5-6c4041c4071a",
            "techID": "T1574.002",
            "value": 0.9113482591350903,
            "min_id": 18,
            "order_ids": [
                14,
                18
            ],
            "sent_indexes": [
                3,
                4
            ],
            "combine_ids": [
                3008,
                4007
            ],
            "phrases": [
                {
                    "source": {
                        "start": 22,
                        "end": 44,
                        "text": "legitimate executables",
                        "id": 5,
                        "verbs": [
                            "use"
                        ],
                        "label": [
                            "FUNCTION"
                        ],
                        "sent_index": 0,
                        "type": "object",
                        "texts": [
                            "legitimate executables",
                            "igfxem.exe",
                            "winword.exe"
                        ]
                    },
                    "dest": {
                        "start": 45,
                        "end": 56,
                        "text": "executables",
                        "id": 8,
                        "verbs": [
                            "serve"
                        ],
                        "label": [
                            "FUNCTION"
                        ],
                        "sent_index": 3,
                        "type": "object",
                        "texts": [
                            "samples",
                            "executables"
                        ]
                    }
                },
                {
                    "source": {
                        "start": 99,
                        "end": 106,
                        "text": "malware",
                        "id": 14,
                        "verbs": [
                            "side-load"
                        ],
                        "label": [
                            "FUNCTION"
                        ],
                        "sent_index": 0,
                        "type": "object"
                    },
                    "dest": {
                        "start": 27,
                        "end": 34,
                        "text": "malware",
                        "id": 7,
                        "label": [
                            "FUNCTION"
                        ],
                        "sent_index": 4,
                        "type": "subject"
                    }
                }
            ]
        }
    ],
    "8": [
        {
            "id": "relationship--ebed8156-bce1-4710-bd99-7cdcfa887d28",
            "techID": "T1566.001",
            "value": 0.9137850810141841,
            "min_id": 8,
            "order_ids": [
                8,
                2
            ],
            "sent_indexes": [
                2,
                0
            ],
            "combine_ids": [
                2002,
                11
            ],
            "phrases": [
                {
                    "source": {
                        "start": 32,
                        "end": 40,
                        "text": "document",
                        "id": 6,
                        "verbs": [
                            "attach"
                        ],
                        "label": [
                            "DATA"
                        ],
                        "sent_index": 0,
                        "type": "object"
                    },
                    "dest": {
                        "start": 5,
                        "end": 13,
                        "text": "document",
                        "id": 2,
                        "label": [
                            "DATA"
                        ],
                        "sent_index": 2,
                        "type": "subject"
                    }
                },
                {
                    "source": {
                        "start": 47,
                        "end": 52,
                        "text": "email",
                        "id": 9,
                        "verbs": [
                            "to"
                        ],
                        "label": [
                            "NETWORK"
                        ],
                        "sent_index": 0,
                        "type": "object"
                    },
                    "dest": {
                        "start": 56,
                        "end": 61,
                        "text": "email",
                        "id": 11,
                        "verbs": [
                            "start",
                            "with"
                        ],
                        "label": [
                            "NETWORK"
                        ],
                        "sent_index": 0,
                        "type": "object"
                    }
                }
            ]
        }
    ],
    "2": [
        {
            "id": "relationship--25d65c10-5fa3-40c1-9e25-936894446178",
            "techID": "T1114.001",
            "value": 0.8853298953451418,
            "min_id": 2,
            "order_ids": [
                2
            ],
            "sent_indexes": [
                0
            ],
            "combine_ids": [
                11
            ],
            "phrases": [
                {
                    "source": {
                        "start": 25,
                        "end": 38,
                        "text": "Outlook files",
                        "id": 6,
                        "verbs": [
                            "use"
                        ],
                        "label": [
                            "DATA",
                            "NETWORK",
                            "DIRECTORY"
                        ],
                        "sent_index": 0,
                        "type": "object",
                        "texts": [
                            "inbox",
                            "Outlook files",
                            "directories"
                        ]
                    },
                    "dest": {
                        "start": 56,
                        "end": 61,
                        "text": "email",
                        "id": 11,
                        "verbs": [
                            "start",
                            "with"
                        ],
                        "label": [
                            "NETWORK"
                        ],
                        "sent_index": 0,
                        "type": "object"
                    }
                }
            ]
        }
    ],
    "42": [
        {
            "id": "relationship--89bd934f-2d0b-487e-9235-138403b91267",
            "techID": "T1016",
            "value": 0.8912291943934548,
            "min_id": 42,
            "order_ids": [
                30,
                42,
                39
            ],
            "sent_indexes": [
                7,
                9,
                8
            ],
            "combine_ids": [
                7005,
                9024,
                8020
            ],
            "phrases": [
                {
                    "source": {
                        "start": 17,
                        "end": 23,
                        "text": "script",
                        "id": 4,
                        "verbs": [
                            "use"
                        ],
                        "label": [
                            "FUNCTION"
                        ],
                        "sent_index": 0,
                        "type": "object"
                    },
                    "dest": {
                        "start": 22,
                        "end": 28,
                        "text": "script",
                        "id": 5,
                        "verbs": [
                            "flip"
                        ],
                        "label": [
                            "FUNCTION"
                        ],
                        "sent_index": 7,
                        "type": "object"
                    }
                },
                {
                    "source": {
                        "start": 38,
                        "end": 48,
                        "text": "IP address",
                        "id": 9,
                        "verbs": [
                            "gather"
                        ],
                        "label": [
                            "NETWORK"
                        ],
                        "sent_index": 0,
                        "type": "object"
                    },
                    "dest": {
                        "start": 122,
                        "end": 135,
                        "text": "(IP addresses",
                        "id": 24,
                        "label": [
                            "NETWORK"
                        ],
                        "sent_index": 9,
                        "type": "subject"
                    }
                },
                {
                    "source": {
                        "start": 56,
                        "end": 72,
                        "text": "infected machine",
                        "id": 13,
                        "label": [
                            "COMPONENT"
                        ],
                        "sent_index": 0,
                        "type": "object"
                    },
                    "dest": {
                        "start": 122,
                        "end": 140,
                        "text": "infected computers",
                        "id": 20,
                        "label": [
                            "COMPONENT"
                        ],
                        "sent_index": 8,
                        "type": "object"
                    }
                }
            ]
        },
        {
            "id": "relationship--9d4f2e79-594d-45b9-86d7-9dcc640ad9f1",
            "techID": "T1016",
            "value": 0.8660860479846199,
            "min_id": 42,
            "order_ids": [
                42,
                39
            ],
            "sent_indexes": [
                9,
                8
            ],
            "combine_ids": [
                9024,
                8020
            ],
            "phrases": [
                {
                    "source": {
                        "start": 22,
                        "end": 32,
                        "text": "IP address",
                        "id": 6,
                        "verbs": [
                            "collect"
                        ],
                        "label": [
                            "DATA",
                            "NETWORK"
                        ],
                        "sent_index": 0,
                        "type": "object",
                        "texts": [
                            "IP address",
                            "NetBIOS name"
                        ]
                    },
                    "dest": {
                        "start": 122,
                        "end": 135,
                        "text": "(IP addresses",
                        "id": 24,
                        "label": [
                            "NETWORK"
                        ],
                        "sent_index": 9,
                        "type": "subject"
                    }
                },
                {
                    "source": {
                        "start": 56,
                        "end": 72,
                        "text": "infected machine",
                        "id": 13,
                        "label": [
                            "COMPONENT"
                        ],
                        "sent_index": 0,
                        "type": "object"
                    },
                    "dest": {
                        "start": 122,
                        "end": 140,
                        "text": "infected computers",
                        "id": 20,
                        "label": [
                            "COMPONENT"
                        ],
                        "sent_index": 8,
                        "type": "object"
                    }
                }
            ]
        },
        {
            "id": "relationship--93169fdc-7afd-41b9-90bc-54d99c1c86e6",
            "techID": "T1016",
            "value": 0.8130050599346681,
            "min_id": 42,
            "order_ids": [
                42,
                39
            ],
            "sent_indexes": [
                9,
                8
            ],
            "combine_ids": [
                9024,
                8020
            ],
            "phrases": [
                {
                    "source": {
                        "start": 23,
                        "end": 29,
                        "text": "domain",
                        "id": 5,
                        "verbs": [
                            "identify"
                        ],
                        "label": [
                            "NETWORK"
                        ],
                        "sent_index": 0,
                        "type": "object",
                        "texts": [
                            "domain",
                            "MAC and IP addresses"
                        ]
                    },
                    "dest": {
                        "start": 122,
                        "end": 135,
                        "text": "(IP addresses",
                        "id": 24,
                        "label": [
                            "NETWORK"
                        ],
                        "sent_index": 9,
                        "type": "subject"
                    }
                },
                {
                    "source": {
                        "start": 65,
                        "end": 81,
                        "text": "infected machine",
                        "id": 15,
                        "label": [
                            "COMPONENT"
                        ],
                        "sent_index": 0,
                        "type": "object"
                    },
                    "dest": {
                        "start": 122,
                        "end": 140,
                        "text": "infected computers",
                        "id": 20,
                        "label": [
                            "COMPONENT"
                        ],
                        "sent_index": 8,
                        "type": "object"
                    }
                }
            ]
        }
    ],
    "4": [
        {
            "id": "relationship--8126e72d-1be0-4237-b9c9-33045be072c3",
            "techID": "T1566.001",
            "value": 0.8237608673345891,
            "min_id": 4,
            "order_ids": [
                2,
                4
            ],
            "sent_indexes": [
                0,
                1
            ],
            "combine_ids": [
                11,
                1004
            ],
            "phrases": [
                {
                    "source": {
                        "start": 15,
                        "end": 21,
                        "text": "emails",
                        "id": 4,
                        "verbs": [
                            "send"
                        ],
                        "label": [
                            "NETWORK"
                        ],
                        "sent_index": 0,
                        "type": "object"
                    },
                    "dest": {
                        "start": 56,
                        "end": 61,
                        "text": "email",
                        "id": 11,
                        "verbs": [
                            "start",
                            "with"
                        ],
                        "label": [
                            "NETWORK"
                        ],
                        "sent_index": 0,
                        "type": "object"
                    }
                },
                {
                    "source": {
                        "start": 37,
                        "end": 63,
                        "text": "Microsoft Office documents",
                        "id": 9,
                        "verbs": [
                            "with"
                        ],
                        "label": [
                            "DATA"
                        ],
                        "sent_index": 0,
                        "type": "object",
                        "texts": [
                            "Microsoft Office documents",
                            "PDFs"
                        ]
                    },
                    "dest": {
                        "start": 4,
                        "end": 26,
                        "text": "attached Word document",
                        "id": 4,
                        "label": [
                            "DATA"
                        ],
                        "sent_index": 1,
                        "type": "subject"
                    }
                }
            ]
        },
        {
            "id": "relationship--fb0121a7-4ba2-4e6d-a12d-b7375581b943",
            "techID": "T1566.001",
            "value": 0.8237608673345891,
            "min_id": 4,
            "order_ids": [
                2,
                4
            ],
            "sent_indexes": [
                0,
                1
            ],
            "combine_ids": [
                11,
                1004
            ],
            "phrases": [
                {
                    "source": {
                        "start": 15,
                        "end": 21,
                        "text": "emails",
                        "id": 3,
                        "verbs": [
                            "send"
                        ],
                        "label": [
                            "NETWORK"
                        ],
                        "sent_index": 0,
                        "type": "object"
                    },
                    "dest": {
                        "start": 56,
                        "end": 61,
                        "text": "email",
                        "id": 11,
                        "verbs": [
                            "start",
                            "with"
                        ],
                        "label": [
                            "NETWORK"
                        ],
                        "sent_index": 0,
                        "type": "object"
                    }
                },
                {
                    "source": {
                        "start": 37,
                        "end": 63,
                        "text": "Microsoft Office documents",
                        "id": 8,
                        "verbs": [
                            "with"
                        ],
                        "label": [
                            "DATA"
                        ],
                        "sent_index": 0,
                        "type": "object"
                    },
                    "dest": {
                        "start": 4,
                        "end": 26,
                        "text": "attached Word document",
                        "id": 4,
                        "label": [
                            "DATA"
                        ],
                        "sent_index": 1,
                        "type": "subject"
                    }
                }
            ]
        },
        {
            "id": "relationship--1a7f1f1e-511a-44bf-8d9e-fd3260febfc8",
            "techID": "T1566.001",
            "value": 0.8237608673345891,
            "min_id": 4,
            "order_ids": [
                2,
                4
            ],
            "sent_indexes": [
                0,
                1
            ],
            "combine_ids": [
                11,
                1004
            ],
            "phrases": [
                {
                    "source": {
                        "start": 19,
                        "end": 25,
                        "text": "emails",
                        "id": 4,
                        "verbs": [
                            "send"
                        ],
                        "label": [
                            "NETWORK"
                        ],
                        "sent_index": 0,
                        "type": "object"
                    },
                    "dest": {
                        "start": 56,
                        "end": 61,
                        "text": "email",
                        "id": 11,
                        "verbs": [
                            "start",
                            "with"
                        ],
                        "label": [
                            "NETWORK"
                        ],
                        "sent_index": 0,
                        "type": "object"
                    }
                },
                {
                    "source": {
                        "start": 41,
                        "end": 67,
                        "text": "Microsoft Office documents",
                        "id": 9,
                        "verbs": [
                            "with"
                        ],
                        "label": [
                            "DATA"
                        ],
                        "sent_index": 0,
                        "type": "object"
                    },
                    "dest": {
                        "start": 4,
                        "end": 26,
                        "text": "attached Word document",
                        "id": 4,
                        "label": [
                            "DATA"
                        ],
                        "sent_index": 1,
                        "type": "subject"
                    }
                }
            ]
        }
    ],
    "3": [
        {
            "id": "relationship--312f53be-d610-4c7c-af9b-44148c07bf7e",
            "techID": "T1059.005",
            "value": 0.8819070483893435,
            "min_id": 3,
            "order_ids": [
                3
            ],
            "sent_indexes": [
                0
            ],
            "combine_ids": [
                17
            ],
            "phrases": [
                {
                    "source": {
                        "start": 30,
                        "end": 59,
                        "text": "VBS-based malicious documents",
                        "id": 7,
                        "verbs": [
                            "craft"
                        ],
                        "label": [
                            "DATA"
                        ],
                        "sent_index": 0,
                        "type": "object"
                    },
                    "dest": {
                        "start": 69,
                        "end": 101,
                        "text": "attached malicious Word document",
                        "id": 17,
                        "verbs": [
                            "start"
                        ],
                        "label": [
                            "DATA"
                        ],
                        "sent_index": 0,
                        "type": "object"
                    }
                }
            ]
        }
    ],
    "28": [
        {
            "id": "relationship--54ece776-8a64-4e0c-9d54-4350680c07b8",
            "techID": "T1027.003",
            "value": 0.9290254272438225,
            "min_id": 28,
            "order_ids": [
                28,
                26
            ],
            "sent_indexes": [
                6,
                6
            ],
            "combine_ids": [
                6009,
                6002
            ],
            "phrases": [
                {
                    "source": {
                        "start": 8,
                        "end": 15,
                        "text": "payload",
                        "id": 3,
                        "verbs": [
                            "encrypt"
                        ],
                        "label": [
                            "FUNCTION"
                        ],
                        "sent_index": 0,
                        "type": "subject"
                    },
                    "dest": {
                        "start": 45,
                        "end": 52,
                        "text": "payload",
                        "id": 9,
                        "verbs": [
                            "as"
                        ],
                        "label": [
                            "FUNCTION"
                        ],
                        "sent_index": 6,
                        "type": "object"
                    }
                },
                {
                    "source": {
                        "start": 53,
                        "end": 59,
                        "text": "loader",
                        "id": 10,
                        "verbs": [
                            "embed"
                        ],
                        "label": [
                            "FUNCTION"
                        ],
                        "sent_index": 0,
                        "type": "object"
                    },
                    "dest": {
                        "start": 0,
                        "end": 12,
                        "text": "Smoke Loader",
                        "id": 2,
                        "label": [
                            "FUNCTION"
                        ],
                        "sent_index": 6,
                        "type": "subject"
                    }
                }
            ]
        },
        {
            "id": "relationship--7ab8913b-25bc-41c7-9149-625ec14322f3",
            "techID": "T1027",
            "value": 0.9067777673076001,
            "min_id": 28,
            "order_ids": [
                28
            ],
            "sent_indexes": [
                6
            ],
            "combine_ids": [
                6009
            ],
            "phrases": [
                {
                    "source": {
                        "start": 29,
                        "end": 50,
                        "text": "XOR-encrypted payload",
                        "id": 7,
                        "verbs": [
                            "as"
                        ],
                        "label": [
                            "FUNCTION"
                        ],
                        "sent_index": 0,
                        "type": "object"
                    },
                    "dest": {
                        "start": 45,
                        "end": 52,
                        "text": "payload",
                        "id": 9,
                        "verbs": [
                            "as"
                        ],
                        "label": [
                            "FUNCTION"
                        ],
                        "sent_index": 6,
                        "type": "object"
                    }
                }
            ]
        }
    ],
    "13": [
        {
            "id": "relationship--b5e98443-7d3a-4a0a-975d-a5c1d564bd15",
            "techID": "T1566.002",
            "value": 0.8001254050362783,
            "min_id": 13,
            "order_ids": [
                2,
                13
            ],
            "sent_indexes": [
                0,
                3
            ],
            "combine_ids": [
                11,
                3002
            ],
            "phrases": [
                {
                    "source": {
                        "start": 21,
                        "end": 27,
                        "text": "emails",
                        "id": 5,
                        "verbs": [
                            "use"
                        ],
                        "label": [
                            "NETWORK"
                        ],
                        "sent_index": 0,
                        "type": "object"
                    },
                    "dest": {
                        "start": 56,
                        "end": 61,
                        "text": "email",
                        "id": 11,
                        "verbs": [
                            "start",
                            "with"
                        ],
                        "label": [
                            "NETWORK"
                        ],
                        "sent_index": 0,
                        "type": "object"
                    }
                },
                {
                    "source": {
                        "start": 43,
                        "end": 48,
                        "text": "links",
                        "id": 8,
                        "verbs": [
                            "with"
                        ],
                        "label": [
                            "NETWORK"
                        ],
                        "sent_index": 0,
                        "type": "object"
                    },
                    "dest": {
                        "start": 6,
                        "end": 10,
                        "text": "URLs",
                        "id": 2,
                        "label": [
                            "NETWORK",
                            "FUNCTION"
                        ],
                        "sent_index": 3,
                        "type": "subject",
                        "texts": [
                            "URLs",
                            "samples"
                        ]
                    }
                }
            ]
        },
        {
            "id": "relationship--95618672-6f7f-4055-9c96-29f75e276d5b",
            "techID": "T1566.002",
            "value": 0.8247548826377459,
            "min_id": 13,
            "order_ids": [
                2,
                13,
                8
            ],
            "sent_indexes": [
                0,
                3,
                2
            ],
            "combine_ids": [
                11,
                3002,
                2002
            ],
            "phrases": [
                {
                    "source": {
                        "start": 22,
                        "end": 28,
                        "text": "emails",
                        "id": 5,
                        "verbs": [
                            "send"
                        ],
                        "label": [
                            "NETWORK"
                        ],
                        "sent_index": 0,
                        "type": "object"
                    },
                    "dest": {
                        "start": 56,
                        "end": 61,
                        "text": "email",
                        "id": 11,
                        "verbs": [
                            "start",
                            "with"
                        ],
                        "label": [
                            "NETWORK"
                        ],
                        "sent_index": 0,
                        "type": "object"
                    }
                },
                {
                    "source": {
                        "start": 34,
                        "end": 38,
                        "text": "URLs",
                        "id": 7,
                        "verbs": [
                            "with"
                        ],
                        "label": [
                            "NETWORK"
                        ],
                        "sent_index": 0,
                        "type": "object"
                    },
                    "dest": {
                        "start": 6,
                        "end": 10,
                        "text": "URLs",
                        "id": 2,
                        "label": [
                            "NETWORK",
                            "FUNCTION"
                        ],
                        "sent_index": 3,
                        "type": "subject",
                        "texts": [
                            "URLs",
                            "samples"
                        ]
                    }
                },
                {
                    "source": {
                        "start": 61,
                        "end": 70,
                        "text": "documents",
                        "id": 11,
                        "verbs": [
                            "point"
                        ],
                        "label": [
                            "DATA"
                        ],
                        "sent_index": 0,
                        "type": "object"
                    },
                    "dest": {
                        "start": 5,
                        "end": 13,
                        "text": "document",
                        "id": 2,
                        "label": [
                            "DATA"
                        ],
                        "sent_index": 2,
                        "type": "subject"
                    }
                }
            ]
        },
        {
            "id": "relationship--ea7cd259-9065-4762-b7e1-f17d42b4af67",
            "techID": "T1566.002",
            "value": 0.831881224061781,
            "min_id": 13,
            "order_ids": [
                13,
                2
            ],
            "sent_indexes": [
                3,
                0
            ],
            "combine_ids": [
                3002,
                11
            ],
            "phrases": [
                {
                    "source": {
                        "start": 41,
                        "end": 46,
                        "text": "links",
                        "id": 7,
                        "label": [
                            "NETWORK"
                        ],
                        "sent_index": 0,
                        "type": "subject"
                    },
                    "dest": {
                        "start": 6,
                        "end": 10,
                        "text": "URLs",
                        "id": 2,
                        "label": [
                            "NETWORK",
                            "FUNCTION"
                        ],
                        "sent_index": 3,
                        "type": "subject",
                        "texts": [
                            "URLs",
                            "samples"
                        ]
                    }
                },
                {
                    "source": {
                        "start": 59,
                        "end": 66,
                        "text": "e-mails",
                        "id": 10,
                        "verbs": [
                            "embed"
                        ],
                        "label": [
                            "NETWORK"
                        ],
                        "sent_index": 0,
                        "type": "object"
                    },
                    "dest": {
                        "start": 56,
                        "end": 61,
                        "text": "email",
                        "id": 11,
                        "verbs": [
                            "start",
                            "with"
                        ],
                        "label": [
                            "NETWORK"
                        ],
                        "sent_index": 0,
                        "type": "object"
                    }
                }
            ]
        },
        {
            "id": "relationship--272e3614-f257-4aff-9938-b03a2f16efbd",
            "techID": "T1566.002",
            "value": 0.831881224061781,
            "min_id": 13,
            "order_ids": [
                13,
                2
            ],
            "sent_indexes": [
                3,
                0
            ],
            "combine_ids": [
                3002,
                11
            ],
            "phrases": [
                {
                    "source": {
                        "start": 39,
                        "end": 44,
                        "text": "links",
                        "id": 7,
                        "label": [
                            "NETWORK"
                        ],
                        "sent_index": 0,
                        "type": "subject"
                    },
                    "dest": {
                        "start": 6,
                        "end": 10,
                        "text": "URLs",
                        "id": 2,
                        "label": [
                            "NETWORK",
                            "FUNCTION"
                        ],
                        "sent_index": 3,
                        "type": "subject",
                        "texts": [
                            "URLs",
                            "samples"
                        ]
                    }
                },
                {
                    "source": {
                        "start": 57,
                        "end": 64,
                        "text": "e-mails",
                        "id": 10,
                        "verbs": [
                            "embed"
                        ],
                        "label": [
                            "NETWORK"
                        ],
                        "sent_index": 0,
                        "type": "object"
                    },
                    "dest": {
                        "start": 56,
                        "end": 61,
                        "text": "email",
                        "id": 11,
                        "verbs": [
                            "start",
                            "with"
                        ],
                        "label": [
                            "NETWORK"
                        ],
                        "sent_index": 0,
                        "type": "object"
                    }
                }
            ]
        },
        {
            "id": "relationship--e6c6afdc-a52f-405c-8480-a4b2d2d797bf",
            "techID": "T1566.002",
            "value": 0.831881224061781,
            "min_id": 13,
            "order_ids": [
                13,
                2
            ],
            "sent_indexes": [
                3,
                0
            ],
            "combine_ids": [
                3002,
                11
            ],
            "phrases": [
                {
                    "source": {
                        "start": 36,
                        "end": 41,
                        "text": "links",
                        "id": 7,
                        "label": [
                            "NETWORK"
                        ],
                        "sent_index": 0,
                        "type": "subject"
                    },
                    "dest": {
                        "start": 6,
                        "end": 10,
                        "text": "URLs",
                        "id": 2,
                        "label": [
                            "NETWORK",
                            "FUNCTION"
                        ],
                        "sent_index": 3,
                        "type": "subject",
                        "texts": [
                            "URLs",
                            "samples"
                        ]
                    }
                },
                {
                    "source": {
                        "start": 54,
                        "end": 61,
                        "text": "e-mails",
                        "id": 10,
                        "verbs": [
                            "embed"
                        ],
                        "label": [
                            "NETWORK"
                        ],
                        "sent_index": 0,
                        "type": "object"
                    },
                    "dest": {
                        "start": 56,
                        "end": 61,
                        "text": "email",
                        "id": 11,
                        "verbs": [
                            "start",
                            "with"
                        ],
                        "label": [
                            "NETWORK"
                        ],
                        "sent_index": 0,
                        "type": "object"
                    }
                }
            ]
        },
        {
            "id": "relationship--f4902ad9-b1bb-41ce-a448-55e2d9437503",
            "techID": "T1105",
            "value": 0.8446474972862226,
            "min_id": 13,
            "order_ids": [
                8,
                13
            ],
            "sent_indexes": [
                2,
                3
            ],
            "combine_ids": [
                2002,
                3002
            ],
            "phrases": [
                {
                    "source": {
                        "start": 28,
                        "end": 32,
                        "text": "file",
                        "id": 5,
                        "verbs": [
                            "download"
                        ],
                        "label": [
                            "DATA"
                        ],
                        "sent_index": 0,
                        "type": "object"
                    },
                    "dest": {
                        "start": 5,
                        "end": 13,
                        "text": "document",
                        "id": 2,
                        "label": [
                            "DATA"
                        ],
                        "sent_index": 2,
                        "type": "subject"
                    }
                },
                {
                    "source": {
                        "start": 50,
                        "end": 53,
                        "text": "URL",
                        "id": 9,
                        "verbs": [
                            "from"
                        ],
                        "label": [
                            "NETWORK"
                        ],
                        "sent_index": 0,
                        "type": "object"
                    },
                    "dest": {
                        "start": 6,
                        "end": 10,
                        "text": "URLs",
                        "id": 2,
                        "label": [
                            "NETWORK",
                            "FUNCTION"
                        ],
                        "sent_index": 3,
                        "type": "subject",
                        "texts": [
                            "URLs",
                            "samples"
                        ]
                    }
                }
            ]
        }
    ],
    "39": [
        {
            "id": "relationship--df7e5314-665b-44a3-8040-f6cb8fd28cbf",
            "techID": "T1049",
            "value": 0.8422925411101732,
            "min_id": 39,
            "order_ids": [
                39,
                30
            ],
            "sent_indexes": [
                8,
                7
            ],
            "combine_ids": [
                8020,
                7005
            ],
            "phrases": [
                {
                    "source": {
                        "start": 102,
                        "end": 117,
                        "text": "infected system",
                        "id": 18,
                        "label": [
                            "COMPONENT"
                        ],
                        "sent_index": 0,
                        "type": "object"
                    },
                    "dest": {
                        "start": 122,
                        "end": 140,
                        "text": "infected computers",
                        "id": 20,
                        "label": [
                            "COMPONENT"
                        ],
                        "sent_index": 8,
                        "type": "object"
                    }
                },
                {
                    "source": {
                        "start": 124,
                        "end": 139,
                        "text": "command scripts",
                        "id": 21,
                        "verbs": [
                            "use"
                        ],
                        "label": [
                            "FUNCTION"
                        ],
                        "sent_index": 0,
                        "type": "object"
                    },
                    "dest": {
                        "start": 22,
                        "end": 28,
                        "text": "script",
                        "id": 5,
                        "verbs": [
                            "flip"
                        ],
                        "label": [
                            "FUNCTION"
                        ],
                        "sent_index": 7,
                        "type": "object"
                    }
                }
            ]
        }
    ],
    "5": [
        {
            "id": "relationship--1ba80112-ffca-4c7e-ae63-fcbe3b9e689d",
            "techID": "T1059.003",
            "value": 0.8636598765367622,
            "min_id": 5,
            "order_ids": [
                5,
                4
            ],
            "sent_indexes": [
                1,
                1
            ],
            "combine_ids": [
                1008,
                1004
            ],
            "phrases": [
                {
                    "source": {
                        "start": 22,
                        "end": 28,
                        "text": "macros",
                        "id": 5,
                        "verbs": [
                            "use"
                        ],
                        "label": [
                            "FUNCTION"
                        ],
                        "sent_index": 0,
                        "type": "object"
                    },
                    "dest": {
                        "start": 34,
                        "end": 48,
                        "text": "embedded macro",
                        "id": 8,
                        "verbs": [
                            "have"
                        ],
                        "label": [
                            "FUNCTION"
                        ],
                        "sent_index": 1,
                        "type": "object"
                    }
                },
                {
                    "source": {
                        "start": 32,
                        "end": 46,
                        "text": "Word documents",
                        "id": 8,
                        "label": [
                            "DATA"
                        ],
                        "sent_index": 0,
                        "type": "object"
                    },
                    "dest": {
                        "start": 4,
                        "end": 26,
                        "text": "attached Word document",
                        "id": 4,
                        "label": [
                            "DATA"
                        ],
                        "sent_index": 1,
                        "type": "subject"
                    }
                }
            ]
        },
        {
            "id": "relationship--51656ee5-4d21-42c9-9719-826645b3508f",
            "techID": "T1204.002",
            "value": 0.8539949666412101,
            "min_id": 5,
            "order_ids": [
                4,
                5
            ],
            "sent_indexes": [
                1,
                1
            ],
            "combine_ids": [
                1004,
                1008
            ],
            "phrases": [
                {
                    "source": {
                        "start": 27,
                        "end": 51,
                        "text": "Microsoft Word documents",
                        "id": 8,
                        "label": [
                            "DATA"
                        ],
                        "sent_index": 0,
                        "type": "subject"
                    },
                    "dest": {
                        "start": 4,
                        "end": 26,
                        "text": "attached Word document",
                        "id": 4,
                        "label": [
                            "DATA"
                        ],
                        "sent_index": 1,
                        "type": "subject"
                    }
                },
                {
                    "source": {
                        "start": 73,
                        "end": 79,
                        "text": "macros",
                        "id": 11,
                        "verbs": [
                            "contain"
                        ],
                        "label": [
                            "FUNCTION"
                        ],
                        "sent_index": 0,
                        "type": "object"
                    },
                    "dest": {
                        "start": 34,
                        "end": 48,
                        "text": "embedded macro",
                        "id": 8,
                        "verbs": [
                            "have"
                        ],
                        "label": [
                            "FUNCTION"
                        ],
                        "sent_index": 1,
                        "type": "object"
                    }
                }
            ]
        },
        {
            "id": "relationship--7b078d28-1724-474c-8668-a6d5c28ed72b",
            "techID": "T1204.002",
            "value": 0.8905076809936351,
            "min_id": 5,
            "order_ids": [
                4,
                5
            ],
            "sent_indexes": [
                1,
                1
            ],
            "combine_ids": [
                1004,
                1008
            ],
            "phrases": [
                {
                    "source": {
                        "start": 28,
                        "end": 42,
                        "text": "Word documents",
                        "id": 7,
                        "label": [
                            "DATA"
                        ],
                        "sent_index": 0,
                        "type": "subject"
                    },
                    "dest": {
                        "start": 4,
                        "end": 26,
                        "text": "attached Word document",
                        "id": 4,
                        "label": [
                            "DATA"
                        ],
                        "sent_index": 1,
                        "type": "subject"
                    }
                },
                {
                    "source": {
                        "start": 58,
                        "end": 73,
                        "text": "embedded macros",
                        "id": 11,
                        "verbs": [
                            "with"
                        ],
                        "label": [
                            "FUNCTION"
                        ],
                        "sent_index": 0,
                        "type": "object"
                    },
                    "dest": {
                        "start": 34,
                        "end": 48,
                        "text": "embedded macro",
                        "id": 8,
                        "verbs": [
                            "have"
                        ],
                        "label": [
                            "FUNCTION"
                        ],
                        "sent_index": 1,
                        "type": "object"
                    }
                }
            ]
        },
        {
            "id": "relationship--64a0ef28-3274-4db4-a87d-e2ef4af03c4a",
            "techID": "T1204.002",
            "value": 0.8643707570621051,
            "min_id": 5,
            "order_ids": [
                4,
                5
            ],
            "sent_indexes": [
                1,
                1
            ],
            "combine_ids": [
                1004,
                1008
            ],
            "phrases": [
                {
                    "source": {
                        "start": 27,
                        "end": 41,
                        "text": "Word documents",
                        "id": 7,
                        "label": [
                            "DATA"
                        ],
                        "sent_index": 0,
                        "type": "subject"
                    },
                    "dest": {
                        "start": 4,
                        "end": 26,
                        "text": "attached Word document",
                        "id": 4,
                        "label": [
                            "DATA"
                        ],
                        "sent_index": 1,
                        "type": "subject"
                    }
                },
                {
                    "source": {
                        "start": 63,
                        "end": 69,
                        "text": "macros",
                        "id": 10,
                        "verbs": [
                            "contain"
                        ],
                        "label": [
                            "FUNCTION"
                        ],
                        "sent_index": 0,
                        "type": "object"
                    },
                    "dest": {
                        "start": 34,
                        "end": 48,
                        "text": "embedded macro",
                        "id": 8,
                        "verbs": [
                            "have"
                        ],
                        "label": [
                            "FUNCTION"
                        ],
                        "sent_index": 1,
                        "type": "object"
                    }
                }
            ]
        }
    ],
    "9": [
        {
            "id": "relationship--91eab726-0a0c-4898-8376-66987fd1037c",
            "techID": "T1105",
            "value": 0.8898027594655427,
            "min_id": 9,
            "order_ids": [
                9
            ],
            "sent_indexes": [
                2
            ],
            "combine_ids": [
                2008
            ],
            "phrases": [
                {
                    "source": {
                        "start": 44,
                        "end": 51,
                        "text": "malware",
                        "id": 8,
                        "verbs": [
                            "execute"
                        ],
                        "label": [
                            "FUNCTION"
                        ],
                        "sent_index": 0,
                        "type": "object"
                    },
                    "dest": {
                        "start": 41,
                        "end": 57,
                        "text": "Trickbot malware",
                        "id": 8,
                        "verbs": [
                            "execute",
                            "download"
                        ],
                        "label": [
                            "FUNCTION"
                        ],
                        "sent_index": 2,
                        "type": "object"
                    }
                }
            ]
        }
    ]
}