{
    "best": {
        "0": [
            {
                "id": "relationship--75a91f69-93bc-40fd-a17c-ae675637c296",
                "techID": "T1608.001",
                "tech_name": "Upload Malware",
                "value": 0.9001664197672402,
                "min_id": 46,
                "order_ids": [
                    45,
                    46
                ],
                "sent_indexes": [
                    7,
                    7
                ],
                "combine_ids": [
                    7012,
                    7018
                ],
                "phrases": [
                    {
                        "source": {
                            "start": 17,
                            "end": 24,
                            "text": "malware",
                            "id": 4,
                            "verbs": [
                                "stage"
                            ],
                            "label": [
                                "FUNCTION"
                            ],
                            "sent_index": 0,
                            "type": "object"
                        },
                        "dest": {
                            "start": 47,
                            "end": 54,
                            "text": "malware",
                            "id": 12,
                            "label": [
                                "FUNCTION"
                            ],
                            "sent_index": 7,
                            "type": "subject"
                        }
                    },
                    {
                        "source": {
                            "start": 38,
                            "end": 45,
                            "text": "domains",
                            "id": 7,
                            "label": [
                                "NETWORK"
                            ],
                            "sent_index": 0,
                            "type": "object"
                        },
                        "dest": {
                            "start": 81,
                            "end": 90,
                            "text": "subdomain",
                            "id": 18,
                            "verbs": [
                                "resolve"
                            ],
                            "label": [
                                "NETWORK"
                            ],
                            "sent_index": 7,
                            "type": "object"
                        }
                    }
                ],
                "location": 46
            }
        ],
        "14": [
            {
                "id": "relationship--121d2e76-5ba1-475d-9cf9-1046724abae1",
                "techID": "T1059.003",
                "tech_name": "Windows Command Shell",
                "value": 0.9999999970197677,
                "min_id": 14,
                "order_ids": [
                    14,
                    14,
                    14
                ],
                "sent_indexes": [
                    2,
                    2,
                    2
                ],
                "combine_ids": [
                    2016,
                    2016,
                    2016
                ],
                "phrases": [
                    {
                        "source": {
                            "start": 15,
                            "end": 22,
                            "text": "command",
                            "id": 4,
                            "verbs": [
                                "have",
                                "execute",
                                "run"
                            ],
                            "label": [
                                "FUNCTION"
                            ],
                            "sent_index": 0,
                            "type": "object",
                            "texts": [
                                "command",
                                "commands"
                            ]
                        },
                        "dest": {
                            "start": 84,
                            "end": 92,
                            "text": "commands",
                            "id": 16,
                            "verbs": [
                                "execute",
                                "retrieve"
                            ],
                            "label": [
                                "FUNCTION",
                                "OTHER"
                            ],
                            "sent_index": 2,
                            "type": "object",
                            "texts": [
                                "\"Jobs",
                                "commands"
                            ]
                        }
                    },
                    {
                        "source": {
                            "start": 30,
                            "end": 37,
                            "text": "cmd.exe",
                            "id": 7,
                            "verbs": [
                                "launch",
                                "execute",
                                "run",
                                "have",
                                "use"
                            ],
                            "label": [
                                "FUNCTION"
                            ],
                            "sent_index": 0,
                            "type": "object",
                            "texts": [
                                "command line",
                                "cmd",
                                "commands",
                                "cmd.exe",
                                "command"
                            ]
                        },
                        "dest": {
                            "start": 84,
                            "end": 92,
                            "text": "commands",
                            "id": 16,
                            "verbs": [
                                "execute",
                                "retrieve"
                            ],
                            "label": [
                                "FUNCTION",
                                "OTHER"
                            ],
                            "sent_index": 2,
                            "type": "object",
                            "texts": [
                                "\"Jobs",
                                "commands"
                            ]
                        }
                    },
                    {
                        "source": {
                            "start": 49,
                            "end": 57,
                            "text": "commands",
                            "id": 10,
                            "verbs": [
                                "execute",
                                "have",
                                "run"
                            ],
                            "label": [
                                "FUNCTION"
                            ],
                            "sent_index": 0,
                            "type": "object",
                            "texts": [
                                "command",
                                "commands"
                            ]
                        },
                        "dest": {
                            "start": 84,
                            "end": 92,
                            "text": "commands",
                            "id": 16,
                            "verbs": [
                                "execute",
                                "retrieve"
                            ],
                            "label": [
                                "FUNCTION",
                                "OTHER"
                            ],
                            "sent_index": 2,
                            "type": "object",
                            "texts": [
                                "\"Jobs",
                                "commands"
                            ]
                        }
                    }
                ],
                "location": 14
            }
        ],
        "16": [
            {
                "id": "relationship--0177d430-a0b9-4f2f-8c66-8dfa4391611a",
                "techID": "T1105",
                "tech_name": "Ingress Tool Transfer",
                "value": 0.993629272450717,
                "min_id": 16,
                "order_ids": [
                    16
                ],
                "sent_indexes": [
                    2
                ],
                "combine_ids": [
                    2029
                ],
                "phrases": [
                    {
                        "source": {
                            "start": 32,
                            "end": 37,
                            "text": "files",
                            "id": 5,
                            "verbs": [
                                "download",
                                "send"
                            ],
                            "label": [
                                "FUNCTION",
                                "DATA"
                            ],
                            "sent_index": 0,
                            "type": "object",
                            "texts": [
                                "modules",
                                "files",
                                "updates",
                                "payloads",
                                "tools",
                                "malware",
                                "plugins",
                                "components",
                                "auxiliary modules"
                            ]
                        },
                        "dest": {
                            "start": 146,
                            "end": 151,
                            "text": "files",
                            "id": 29,
                            "verbs": [
                                "transfer"
                            ],
                            "label": [
                                "DATA"
                            ],
                            "sent_index": 2,
                            "type": "object"
                        }
                    }
                ],
                "location": 16
            }
        ],
        "17": [
            {
                "id": "relationship--3683548e-0331-4407-98b0-82253efc0b09",
                "techID": "T1204.002",
                "tech_name": "Malicious File",
                "value": 0.9723859624760465,
                "min_id": 17,
                "order_ids": [
                    17,
                    14
                ],
                "sent_indexes": [
                    2,
                    2
                ],
                "combine_ids": [
                    2032,
                    2016
                ],
                "phrases": [
                    {
                        "source": {
                            "start": 28,
                            "end": 33,
                            "text": "files",
                            "id": 5,
                            "verbs": [
                                "use"
                            ],
                            "label": [
                                "DATA"
                            ],
                            "sent_index": 0,
                            "type": "object"
                        },
                        "dest": {
                            "start": 161,
                            "end": 166,
                            "text": "files",
                            "id": 32,
                            "verbs": [
                                "execute"
                            ],
                            "label": [
                                "DATA"
                            ],
                            "sent_index": 2,
                            "type": "object"
                        }
                    },
                    {
                        "source": {
                            "text": "command",
                            "start": 67,
                            "end": 76,
                            "id": 13,
                            "verbs": [
                                "execute"
                            ],
                            "label": [
                                "FUNCTION"
                            ],
                            "sent_index": 0,
                            "type": "object"
                        },
                        "dest": {
                            "start": 84,
                            "end": 92,
                            "text": "commands",
                            "id": 16,
                            "verbs": [
                                "execute",
                                "retrieve"
                            ],
                            "label": [
                                "FUNCTION",
                                "OTHER"
                            ],
                            "sent_index": 2,
                            "type": "object",
                            "texts": [
                                "\"Jobs",
                                "commands"
                            ]
                        }
                    }
                ],
                "location": 17
            }
        ],
        "18": [
            {
                "id": "relationship--2c9fad15-9b3f-45fe-854a-c87113d4695c",
                "techID": "T1046",
                "tech_name": "Network Service Discovery",
                "value": 0.9389496151584603,
                "min_id": 18,
                "order_ids": [
                    18
                ],
                "sent_indexes": [
                    2
                ],
                "combine_ids": [
                    2036
                ],
                "phrases": [
                    {
                        "source": {
                            "start": 20,
                            "end": 27,
                            "text": "systems",
                            "id": 5,
                            "verbs": [
                                "scan"
                            ],
                            "label": [
                                "COMPONENT"
                            ],
                            "sent_index": 0,
                            "type": "object"
                        },
                        "dest": {
                            "start": 180,
                            "end": 186,
                            "text": "system",
                            "id": 36,
                            "verbs": [
                                "profile"
                            ],
                            "label": [
                                "COMPONENT"
                            ],
                            "sent_index": 2,
                            "type": "object"
                        }
                    }
                ],
                "location": 18
            }
        ],
        "19": [
            {
                "id": "relationship--9d6c5d09-94b9-4453-a26d-8b3ac79cfe7f",
                "techID": "T1529",
                "tech_name": "System Shutdown/Reboot",
                "value": 0.8820005688610274,
                "min_id": 31,
                "order_ids": [
                    19,
                    31
                ],
                "sent_indexes": [
                    2,
                    4
                ],
                "combine_ids": [
                    2040,
                    4015
                ],
                "phrases": [
                    {
                        "source": {
                            "start": 32,
                            "end": 39,
                            "text": "machine",
                            "id": 6,
                            "verbs": [
                                "reboot"
                            ],
                            "label": [
                                "COMPONENT"
                            ],
                            "sent_index": 0,
                            "type": "object"
                        },
                        "dest": {
                            "start": 199,
                            "end": 206,
                            "text": "machine",
                            "id": 40,
                            "verbs": [
                                "reboot"
                            ],
                            "label": [
                                "COMPONENT"
                            ],
                            "sent_index": 2,
                            "type": "object"
                        }
                    },
                    {
                        "source": {
                            "start": 64,
                            "end": 73,
                            "text": "processes",
                            "id": 10,
                            "verbs": [
                                "terminate"
                            ],
                            "label": [
                                "FUNCTION"
                            ],
                            "sent_index": 0,
                            "type": "object"
                        },
                        "dest": {
                            "start": 102,
                            "end": 111,
                            "text": "processes",
                            "id": 15,
                            "verbs": [
                                "as"
                            ],
                            "label": [
                                "FUNCTION"
                            ],
                            "sent_index": 4,
                            "type": "object"
                        }
                    }
                ],
                "location": 19
            }
        ],
        "20": [
            {
                "id": "relationship--08bc171a-147c-4888-a0cb-c5fcebdc9b95",
                "techID": "T1489",
                "tech_name": "Service Stop",
                "value": 0.8891460164141176,
                "min_id": 20,
                "order_ids": [
                    20,
                    20
                ],
                "sent_indexes": [
                    2,
                    2
                ],
                "combine_ids": [
                    2045,
                    2045
                ],
                "phrases": [
                    {
                        "source": {
                            "start": 18,
                            "end": 27,
                            "text": "processes",
                            "id": 4,
                            "verbs": [
                                "kill",
                                "terminate",
                                "stop"
                            ],
                            "label": [
                                "FUNCTION",
                                "OTHER",
                                "DATA"
                            ],
                            "sent_index": 0,
                            "type": "object",
                            "texts": [
                                "services",
                                "backup",
                                "processes",
                                "catalog",
                                "cloud"
                            ]
                        },
                        "dest": {
                            "start": 220,
                            "end": 235,
                            "text": "system services",
                            "id": 45,
                            "verbs": [
                                "disable"
                            ],
                            "label": [
                                "FUNCTION"
                            ],
                            "sent_index": 2,
                            "type": "object"
                        }
                    },
                    {
                        "source": {
                            "start": 39,
                            "end": 47,
                            "text": "services",
                            "id": 7,
                            "verbs": [
                                "terminate",
                                "delete",
                                "stop"
                            ],
                            "label": [
                                "FUNCTION",
                                "OTHER",
                                "DATA"
                            ],
                            "sent_index": 0,
                            "type": "object",
                            "texts": [
                                "services",
                                "backup",
                                "processes",
                                "catalog",
                                "cloud"
                            ]
                        },
                        "dest": {
                            "start": 220,
                            "end": 235,
                            "text": "system services",
                            "id": 45,
                            "verbs": [
                                "disable"
                            ],
                            "label": [
                                "FUNCTION"
                            ],
                            "sent_index": 2,
                            "type": "object"
                        }
                    }
                ],
                "location": 20
            }
        ],
        "23": [
            {
                "id": "relationship--ac71c15a-3c61-4e73-9663-fb35dc0a1a66",
                "techID": "T1001.003",
                "tech_name": "Protocol Impersonation",
                "value": 0.995752848300478,
                "min_id": 23,
                "order_ids": [
                    22,
                    23
                ],
                "sent_indexes": [
                    3,
                    3
                ],
                "combine_ids": [
                    3006,
                    3015
                ],
                "phrases": [
                    {
                        "source": {
                            "start": 25,
                            "end": 40,
                            "text": "network traffic",
                            "id": 5,
                            "verbs": [
                                "masquerade"
                            ],
                            "label": [
                                "NETWORK"
                            ],
                            "sent_index": 0,
                            "type": "object"
                        },
                        "dest": {
                            "start": 28,
                            "end": 43,
                            "text": "network traffic",
                            "id": 6,
                            "verbs": [
                                "masquerade"
                            ],
                            "label": [
                                "NETWORK"
                            ],
                            "sent_index": 3,
                            "type": "object"
                        }
                    },
                    {
                        "source": {
                            "start": 48,
                            "end": 88,
                            "text": "Orion Improvement Program (OIP) protocol",
                            "id": 14,
                            "verbs": [
                                "as"
                            ],
                            "label": [
                                "NETWORK"
                            ],
                            "sent_index": 0,
                            "type": "object"
                        },
                        "dest": {
                            "start": 51,
                            "end": 91,
                            "text": "Orion Improvement Program (OIP) protocol",
                            "id": 15,
                            "verbs": [
                                "as"
                            ],
                            "label": [
                                "NETWORK"
                            ],
                            "sent_index": 3,
                            "type": "object"
                        }
                    }
                ],
                "location": 23
            }
        ],
        "30": [
            {
                "id": "relationship--240b044f-89b4-4009-bbf6-04b1f0bb6385",
                "techID": "T1518.001",
                "tech_name": "Security Software Discovery",
                "value": 0.873775669170584,
                "min_id": 30,
                "order_ids": [
                    30
                ],
                "sent_indexes": [
                    4
                ],
                "combine_ids": [
                    4012
                ],
                "phrases": [
                    {
                        "source": {
                            "start": 23,
                            "end": 41,
                            "text": "antivirus products",
                            "id": 6,
                            "verbs": [
                                "detect",
                                "scan",
                                "check"
                            ],
                            "label": [
                                "COMPONENT",
                                "FUNCTION",
                                "NETWORK"
                            ],
                            "sent_index": 0,
                            "type": "object",
                            "texts": [
                                "anti-virus products",
                                "antivirus products",
                                "security tools",
                                "antivirus tools",
                                "firewalls"
                            ]
                        },
                        "dest": {
                            "start": 61,
                            "end": 90,
                            "text": "forensic and anti-virus tools",
                            "id": 12,
                            "verbs": [
                                "identify"
                            ],
                            "label": [
                                "COMPONENT"
                            ],
                            "sent_index": 4,
                            "type": "object"
                        }
                    }
                ],
                "location": 30
            }
        ],
        "31": [
            {
                "id": "relationship--8977c8db-64e4-44b5-bee9-362779624a42",
                "techID": "T1057",
                "tech_name": "Process Discovery",
                "value": 0.9415154435534269,
                "min_id": 31,
                "order_ids": [
                    31,
                    31
                ],
                "sent_indexes": [
                    4,
                    4
                ],
                "combine_ids": [
                    4015,
                    4015
                ],
                "phrases": [
                    {
                        "source": {
                            "start": 34,
                            "end": 43,
                            "text": "processes",
                            "id": 6,
                            "verbs": [
                                "use",
                                "run",
                                "obtain"
                            ],
                            "label": [
                                "FUNCTION"
                            ],
                            "sent_index": 0,
                            "type": "object",
                            "texts": [
                                "processes"
                            ]
                        },
                        "dest": {
                            "start": 102,
                            "end": 111,
                            "text": "processes",
                            "id": 15,
                            "verbs": [
                                "as"
                            ],
                            "label": [
                                "FUNCTION"
                            ],
                            "sent_index": 4,
                            "type": "object"
                        }
                    },
                    {
                        "source": {
                            "start": 73,
                            "end": 82,
                            "text": "processes",
                            "id": 11,
                            "verbs": [
                                "use",
                                "collect",
                                "obtain"
                            ],
                            "label": [
                                "FUNCTION"
                            ],
                            "sent_index": 0,
                            "type": "object",
                            "texts": [
                                "processes"
                            ]
                        },
                        "dest": {
                            "start": 102,
                            "end": 111,
                            "text": "processes",
                            "id": 15,
                            "verbs": [
                                "as"
                            ],
                            "label": [
                                "FUNCTION"
                            ],
                            "sent_index": 4,
                            "type": "object"
                        }
                    }
                ],
                "location": 31
            }
        ],
        "32": [
            {
                "id": "relationship--60269020-6ab2-496a-9649-3b1cd707aced",
                "techID": "T1036.004",
                "tech_name": "Masquerade Task or Service",
                "value": 0.8796547790073559,
                "min_id": 32,
                "order_ids": [
                    32,
                    14
                ],
                "sent_indexes": [
                    4,
                    2
                ],
                "combine_ids": [
                    4017,
                    2016
                ],
                "phrases": [
                    {
                        "source": {
                            "start": 22,
                            "end": 29,
                            "text": "service",
                            "id": 5,
                            "verbs": [
                                "use"
                            ],
                            "label": [
                                "FUNCTION"
                            ],
                            "sent_index": 0,
                            "type": "object",
                            "texts": [
                                "service",
                                "WSearch"
                            ]
                        },
                        "dest": {
                            "start": 113,
                            "end": 121,
                            "text": "services",
                            "id": 17,
                            "verbs": [
                                "as"
                            ],
                            "label": [
                                "FUNCTION"
                            ],
                            "sent_index": 4,
                            "type": "object"
                        }
                    },
                    {
                        "source": {
                            "text": "command",
                            "start": 48,
                            "end": 57,
                            "id": 8,
                            "verbs": [
                                "execute"
                            ],
                            "label": [
                                "FUNCTION"
                            ],
                            "sent_index": 0,
                            "type": "object"
                        },
                        "dest": {
                            "start": 84,
                            "end": 92,
                            "text": "commands",
                            "id": 16,
                            "verbs": [
                                "execute",
                                "retrieve"
                            ],
                            "label": [
                                "FUNCTION",
                                "OTHER"
                            ],
                            "sent_index": 2,
                            "type": "object",
                            "texts": [
                                "\"Jobs",
                                "commands"
                            ]
                        }
                    }
                ],
                "location": 32
            }
        ],
        "39": [
            {
                "id": "relationship--44533bc7-0368-4269-b465-7e08d3a8beea",
                "techID": "T1574.002",
                "tech_name": "DLL Side-Loading",
                "value": 0.9540837822941679,
                "min_id": 39,
                "order_ids": [
                    39
                ],
                "sent_indexes": [
                    6
                ],
                "combine_ids": [
                    6009
                ],
                "phrases": [
                    {
                        "source": {
                            "start": 40,
                            "end": 48,
                            "text": "DLL file",
                            "id": 7,
                            "verbs": [
                                "side-loade"
                            ],
                            "label": [
                                "REGISTRY"
                            ],
                            "sent_index": 0,
                            "type": "object"
                        },
                        "dest": {
                            "start": 44,
                            "end": 47,
                            "text": "DLL",
                            "id": 9,
                            "verbs": [
                                "load"
                            ],
                            "label": [
                                "REGISTRY"
                            ],
                            "sent_index": 6,
                            "type": "object"
                        }
                    }
                ],
                "location": 39
            }
        ],
        "48": [
            {
                "techID": "T1071.004",
                "techName": "DNS",
                "value": 1.0,
                "min_id": 48,
                "location": 48,
                "order_ids": [
                    48
                ],
                "sent_indexes": [
                    8
                ]
            }
        ],
        "54": [
            {
                "id": "relationship--b6a60179-abb0-41ec-96cc-112abe232509",
                "techID": "T1071.004",
                "tech_name": "DNS",
                "value": 0.9092843087650058,
                "min_id": 54,
                "order_ids": [
                    48,
                    52,
                    54
                ],
                "sent_indexes": [
                    8,
                    9,
                    9
                ],
                "combine_ids": [
                    8003,
                    9003,
                    9015
                ],
                "phrases": [
                    {
                        "source": {
                            "start": 14,
                            "end": 17,
                            "text": "DNS",
                            "id": 3,
                            "verbs": [
                                "use"
                            ],
                            "label": [
                                "NETWORK"
                            ],
                            "sent_index": 0,
                            "type": "object"
                        },
                        "dest": {
                            "start": 4,
                            "end": 16,
                            "text": "DNS response",
                            "id": 3,
                            "label": [
                                "NETWORK"
                            ],
                            "sent_index": 8,
                            "type": "subject"
                        }
                    },
                    {
                        "source": {
                            "start": 22,
                            "end": 32,
                            "text": "C2 traffic",
                            "id": 6,
                            "label": [
                                "NETWORK"
                            ],
                            "sent_index": 0,
                            "type": "object"
                        },
                        "dest": {
                            "start": 4,
                            "end": 14,
                            "text": "C2 traffic",
                            "id": 3,
                            "verbs": [
                                "design"
                            ],
                            "label": [
                                "NETWORK"
                            ],
                            "sent_index": 9,
                            "type": "subject"
                        }
                    },
                    {
                        "source": {
                            "start": 51,
                            "end": 87,
                            "text": "normal SolarWinds API communications",
                            "id": 13,
                            "verbs": [
                                "mimic"
                            ],
                            "label": [
                                "NETWORK"
                            ],
                            "sent_index": 0,
                            "type": "object"
                        },
                        "dest": {
                            "start": 61,
                            "end": 97,
                            "text": "normal SolarWinds API communications",
                            "id": 15,
                            "verbs": [
                                "mimic"
                            ],
                            "label": [
                                "NETWORK"
                            ],
                            "sent_index": 9,
                            "type": "object"
                        }
                    }
                ],
                "location": 54
            }
        ]
    },
    "k2": {
        "0": [
            {
                "id": "relationship--75a91f69-93bc-40fd-a17c-ae675637c296",
                "techID": "T1608.001",
                "tech_name": "Upload Malware",
                "value": 0.9001664197672402,
                "min_id": 46,
                "order_ids": [
                    45,
                    46
                ],
                "sent_indexes": [
                    7,
                    7
                ],
                "combine_ids": [
                    7012,
                    7018
                ],
                "phrases": [
                    {
                        "source": {
                            "start": 17,
                            "end": 24,
                            "text": "malware",
                            "id": 4,
                            "verbs": [
                                "stage"
                            ],
                            "label": [
                                "FUNCTION"
                            ],
                            "sent_index": 0,
                            "type": "object"
                        },
                        "dest": {
                            "start": 47,
                            "end": 54,
                            "text": "malware",
                            "id": 12,
                            "label": [
                                "FUNCTION"
                            ],
                            "sent_index": 7,
                            "type": "subject"
                        }
                    },
                    {
                        "source": {
                            "start": 38,
                            "end": 45,
                            "text": "domains",
                            "id": 7,
                            "label": [
                                "NETWORK"
                            ],
                            "sent_index": 0,
                            "type": "object"
                        },
                        "dest": {
                            "start": 81,
                            "end": 90,
                            "text": "subdomain",
                            "id": 18,
                            "verbs": [
                                "resolve"
                            ],
                            "label": [
                                "NETWORK"
                            ],
                            "sent_index": 7,
                            "type": "object"
                        }
                    }
                ],
                "location": 46
            }
        ],
        "14": [
            {
                "id": "relationship--121d2e76-5ba1-475d-9cf9-1046724abae1",
                "techID": "T1059.003",
                "tech_name": "Windows Command Shell",
                "value": 0.9999999970197677,
                "min_id": 14,
                "order_ids": [
                    14,
                    14,
                    14
                ],
                "sent_indexes": [
                    2,
                    2,
                    2
                ],
                "combine_ids": [
                    2016,
                    2016,
                    2016
                ],
                "phrases": [
                    {
                        "source": {
                            "start": 15,
                            "end": 22,
                            "text": "command",
                            "id": 4,
                            "verbs": [
                                "have",
                                "execute",
                                "run"
                            ],
                            "label": [
                                "FUNCTION"
                            ],
                            "sent_index": 0,
                            "type": "object",
                            "texts": [
                                "command",
                                "commands"
                            ]
                        },
                        "dest": {
                            "start": 84,
                            "end": 92,
                            "text": "commands",
                            "id": 16,
                            "verbs": [
                                "execute",
                                "retrieve"
                            ],
                            "label": [
                                "FUNCTION",
                                "OTHER"
                            ],
                            "sent_index": 2,
                            "type": "object",
                            "texts": [
                                "\"Jobs",
                                "commands"
                            ]
                        }
                    },
                    {
                        "source": {
                            "start": 30,
                            "end": 37,
                            "text": "cmd.exe",
                            "id": 7,
                            "verbs": [
                                "launch",
                                "execute",
                                "run",
                                "have",
                                "use"
                            ],
                            "label": [
                                "FUNCTION"
                            ],
                            "sent_index": 0,
                            "type": "object",
                            "texts": [
                                "command line",
                                "cmd",
                                "commands",
                                "cmd.exe",
                                "command"
                            ]
                        },
                        "dest": {
                            "start": 84,
                            "end": 92,
                            "text": "commands",
                            "id": 16,
                            "verbs": [
                                "execute",
                                "retrieve"
                            ],
                            "label": [
                                "FUNCTION",
                                "OTHER"
                            ],
                            "sent_index": 2,
                            "type": "object",
                            "texts": [
                                "\"Jobs",
                                "commands"
                            ]
                        }
                    },
                    {
                        "source": {
                            "start": 49,
                            "end": 57,
                            "text": "commands",
                            "id": 10,
                            "verbs": [
                                "execute",
                                "have",
                                "run"
                            ],
                            "label": [
                                "FUNCTION"
                            ],
                            "sent_index": 0,
                            "type": "object",
                            "texts": [
                                "command",
                                "commands"
                            ]
                        },
                        "dest": {
                            "start": 84,
                            "end": 92,
                            "text": "commands",
                            "id": 16,
                            "verbs": [
                                "execute",
                                "retrieve"
                            ],
                            "label": [
                                "FUNCTION",
                                "OTHER"
                            ],
                            "sent_index": 2,
                            "type": "object",
                            "texts": [
                                "\"Jobs",
                                "commands"
                            ]
                        }
                    }
                ],
                "location": 14
            }
        ],
        "16": [
            {
                "id": "relationship--0177d430-a0b9-4f2f-8c66-8dfa4391611a",
                "techID": "T1105",
                "tech_name": "Ingress Tool Transfer",
                "value": 0.993629272450717,
                "min_id": 16,
                "order_ids": [
                    16
                ],
                "sent_indexes": [
                    2
                ],
                "combine_ids": [
                    2029
                ],
                "phrases": [
                    {
                        "source": {
                            "start": 32,
                            "end": 37,
                            "text": "files",
                            "id": 5,
                            "verbs": [
                                "download",
                                "send"
                            ],
                            "label": [
                                "FUNCTION",
                                "DATA"
                            ],
                            "sent_index": 0,
                            "type": "object",
                            "texts": [
                                "modules",
                                "files",
                                "updates",
                                "payloads",
                                "tools",
                                "malware",
                                "plugins",
                                "components",
                                "auxiliary modules"
                            ]
                        },
                        "dest": {
                            "start": 146,
                            "end": 151,
                            "text": "files",
                            "id": 29,
                            "verbs": [
                                "transfer"
                            ],
                            "label": [
                                "DATA"
                            ],
                            "sent_index": 2,
                            "type": "object"
                        }
                    }
                ],
                "location": 16
            }
        ],
        "17": [
            {
                "id": "relationship--3683548e-0331-4407-98b0-82253efc0b09",
                "techID": "T1204.002",
                "tech_name": "Malicious File",
                "value": 0.9723859624760465,
                "min_id": 17,
                "order_ids": [
                    17,
                    14
                ],
                "sent_indexes": [
                    2,
                    2
                ],
                "combine_ids": [
                    2032,
                    2016
                ],
                "phrases": [
                    {
                        "source": {
                            "start": 28,
                            "end": 33,
                            "text": "files",
                            "id": 5,
                            "verbs": [
                                "use"
                            ],
                            "label": [
                                "DATA"
                            ],
                            "sent_index": 0,
                            "type": "object"
                        },
                        "dest": {
                            "start": 161,
                            "end": 166,
                            "text": "files",
                            "id": 32,
                            "verbs": [
                                "execute"
                            ],
                            "label": [
                                "DATA"
                            ],
                            "sent_index": 2,
                            "type": "object"
                        }
                    },
                    {
                        "source": {
                            "text": "command",
                            "start": 67,
                            "end": 76,
                            "id": 13,
                            "verbs": [
                                "execute"
                            ],
                            "label": [
                                "FUNCTION"
                            ],
                            "sent_index": 0,
                            "type": "object"
                        },
                        "dest": {
                            "start": 84,
                            "end": 92,
                            "text": "commands",
                            "id": 16,
                            "verbs": [
                                "execute",
                                "retrieve"
                            ],
                            "label": [
                                "FUNCTION",
                                "OTHER"
                            ],
                            "sent_index": 2,
                            "type": "object",
                            "texts": [
                                "\"Jobs",
                                "commands"
                            ]
                        }
                    }
                ],
                "location": 17
            }
        ],
        "18": [
            {
                "id": "relationship--2c9fad15-9b3f-45fe-854a-c87113d4695c",
                "techID": "T1046",
                "tech_name": "Network Service Discovery",
                "value": 0.9389496151584603,
                "min_id": 18,
                "order_ids": [
                    18
                ],
                "sent_indexes": [
                    2
                ],
                "combine_ids": [
                    2036
                ],
                "phrases": [
                    {
                        "source": {
                            "start": 20,
                            "end": 27,
                            "text": "systems",
                            "id": 5,
                            "verbs": [
                                "scan"
                            ],
                            "label": [
                                "COMPONENT"
                            ],
                            "sent_index": 0,
                            "type": "object"
                        },
                        "dest": {
                            "start": 180,
                            "end": 186,
                            "text": "system",
                            "id": 36,
                            "verbs": [
                                "profile"
                            ],
                            "label": [
                                "COMPONENT"
                            ],
                            "sent_index": 2,
                            "type": "object"
                        }
                    }
                ],
                "location": 18
            }
        ],
        "19": [
            {
                "id": "relationship--9d6c5d09-94b9-4453-a26d-8b3ac79cfe7f",
                "techID": "T1529",
                "tech_name": "System Shutdown/Reboot",
                "value": 0.8820005688610274,
                "min_id": 31,
                "order_ids": [
                    19,
                    31
                ],
                "sent_indexes": [
                    2,
                    4
                ],
                "combine_ids": [
                    2040,
                    4015
                ],
                "phrases": [
                    {
                        "source": {
                            "start": 32,
                            "end": 39,
                            "text": "machine",
                            "id": 6,
                            "verbs": [
                                "reboot"
                            ],
                            "label": [
                                "COMPONENT"
                            ],
                            "sent_index": 0,
                            "type": "object"
                        },
                        "dest": {
                            "start": 199,
                            "end": 206,
                            "text": "machine",
                            "id": 40,
                            "verbs": [
                                "reboot"
                            ],
                            "label": [
                                "COMPONENT"
                            ],
                            "sent_index": 2,
                            "type": "object"
                        }
                    },
                    {
                        "source": {
                            "start": 64,
                            "end": 73,
                            "text": "processes",
                            "id": 10,
                            "verbs": [
                                "terminate"
                            ],
                            "label": [
                                "FUNCTION"
                            ],
                            "sent_index": 0,
                            "type": "object"
                        },
                        "dest": {
                            "start": 102,
                            "end": 111,
                            "text": "processes",
                            "id": 15,
                            "verbs": [
                                "as"
                            ],
                            "label": [
                                "FUNCTION"
                            ],
                            "sent_index": 4,
                            "type": "object"
                        }
                    }
                ],
                "location": 19
            }
        ],
        "20": [
            {
                "id": "relationship--08bc171a-147c-4888-a0cb-c5fcebdc9b95",
                "techID": "T1489",
                "tech_name": "Service Stop",
                "value": 0.8891460164141176,
                "min_id": 20,
                "order_ids": [
                    20,
                    20
                ],
                "sent_indexes": [
                    2,
                    2
                ],
                "combine_ids": [
                    2045,
                    2045
                ],
                "phrases": [
                    {
                        "source": {
                            "start": 18,
                            "end": 27,
                            "text": "processes",
                            "id": 4,
                            "verbs": [
                                "kill",
                                "terminate",
                                "stop"
                            ],
                            "label": [
                                "FUNCTION",
                                "OTHER",
                                "DATA"
                            ],
                            "sent_index": 0,
                            "type": "object",
                            "texts": [
                                "services",
                                "backup",
                                "processes",
                                "catalog",
                                "cloud"
                            ]
                        },
                        "dest": {
                            "start": 220,
                            "end": 235,
                            "text": "system services",
                            "id": 45,
                            "verbs": [
                                "disable"
                            ],
                            "label": [
                                "FUNCTION"
                            ],
                            "sent_index": 2,
                            "type": "object"
                        }
                    },
                    {
                        "source": {
                            "start": 39,
                            "end": 47,
                            "text": "services",
                            "id": 7,
                            "verbs": [
                                "terminate",
                                "delete",
                                "stop"
                            ],
                            "label": [
                                "FUNCTION",
                                "OTHER",
                                "DATA"
                            ],
                            "sent_index": 0,
                            "type": "object",
                            "texts": [
                                "services",
                                "backup",
                                "processes",
                                "catalog",
                                "cloud"
                            ]
                        },
                        "dest": {
                            "start": 220,
                            "end": 235,
                            "text": "system services",
                            "id": 45,
                            "verbs": [
                                "disable"
                            ],
                            "label": [
                                "FUNCTION"
                            ],
                            "sent_index": 2,
                            "type": "object"
                        }
                    }
                ],
                "location": 20
            }
        ],
        "23": [
            {
                "id": "relationship--ac71c15a-3c61-4e73-9663-fb35dc0a1a66",
                "techID": "T1001.003",
                "tech_name": "Protocol Impersonation",
                "value": 0.995752848300478,
                "min_id": 23,
                "order_ids": [
                    22,
                    23
                ],
                "sent_indexes": [
                    3,
                    3
                ],
                "combine_ids": [
                    3006,
                    3015
                ],
                "phrases": [
                    {
                        "source": {
                            "start": 25,
                            "end": 40,
                            "text": "network traffic",
                            "id": 5,
                            "verbs": [
                                "masquerade"
                            ],
                            "label": [
                                "NETWORK"
                            ],
                            "sent_index": 0,
                            "type": "object"
                        },
                        "dest": {
                            "start": 28,
                            "end": 43,
                            "text": "network traffic",
                            "id": 6,
                            "verbs": [
                                "masquerade"
                            ],
                            "label": [
                                "NETWORK"
                            ],
                            "sent_index": 3,
                            "type": "object"
                        }
                    },
                    {
                        "source": {
                            "start": 48,
                            "end": 88,
                            "text": "Orion Improvement Program (OIP) protocol",
                            "id": 14,
                            "verbs": [
                                "as"
                            ],
                            "label": [
                                "NETWORK"
                            ],
                            "sent_index": 0,
                            "type": "object"
                        },
                        "dest": {
                            "start": 51,
                            "end": 91,
                            "text": "Orion Improvement Program (OIP) protocol",
                            "id": 15,
                            "verbs": [
                                "as"
                            ],
                            "label": [
                                "NETWORK"
                            ],
                            "sent_index": 3,
                            "type": "object"
                        }
                    }
                ],
                "location": 23
            }
        ],
        "30": [
            {
                "id": "relationship--240b044f-89b4-4009-bbf6-04b1f0bb6385",
                "techID": "T1518.001",
                "tech_name": "Security Software Discovery",
                "value": 0.873775669170584,
                "min_id": 30,
                "order_ids": [
                    30
                ],
                "sent_indexes": [
                    4
                ],
                "combine_ids": [
                    4012
                ],
                "phrases": [
                    {
                        "source": {
                            "start": 23,
                            "end": 41,
                            "text": "antivirus products",
                            "id": 6,
                            "verbs": [
                                "detect",
                                "scan",
                                "check"
                            ],
                            "label": [
                                "COMPONENT",
                                "FUNCTION",
                                "NETWORK"
                            ],
                            "sent_index": 0,
                            "type": "object",
                            "texts": [
                                "anti-virus products",
                                "antivirus products",
                                "security tools",
                                "antivirus tools",
                                "firewalls"
                            ]
                        },
                        "dest": {
                            "start": 61,
                            "end": 90,
                            "text": "forensic and anti-virus tools",
                            "id": 12,
                            "verbs": [
                                "identify"
                            ],
                            "label": [
                                "COMPONENT"
                            ],
                            "sent_index": 4,
                            "type": "object"
                        }
                    }
                ],
                "location": 30
            }
        ],
        "31": [
            {
                "id": "relationship--8977c8db-64e4-44b5-bee9-362779624a42",
                "techID": "T1057",
                "tech_name": "Process Discovery",
                "value": 0.9415154435534269,
                "min_id": 31,
                "order_ids": [
                    31,
                    31
                ],
                "sent_indexes": [
                    4,
                    4
                ],
                "combine_ids": [
                    4015,
                    4015
                ],
                "phrases": [
                    {
                        "source": {
                            "start": 34,
                            "end": 43,
                            "text": "processes",
                            "id": 6,
                            "verbs": [
                                "use",
                                "run",
                                "obtain"
                            ],
                            "label": [
                                "FUNCTION"
                            ],
                            "sent_index": 0,
                            "type": "object",
                            "texts": [
                                "processes"
                            ]
                        },
                        "dest": {
                            "start": 102,
                            "end": 111,
                            "text": "processes",
                            "id": 15,
                            "verbs": [
                                "as"
                            ],
                            "label": [
                                "FUNCTION"
                            ],
                            "sent_index": 4,
                            "type": "object"
                        }
                    },
                    {
                        "source": {
                            "start": 73,
                            "end": 82,
                            "text": "processes",
                            "id": 11,
                            "verbs": [
                                "use",
                                "collect",
                                "obtain"
                            ],
                            "label": [
                                "FUNCTION"
                            ],
                            "sent_index": 0,
                            "type": "object",
                            "texts": [
                                "processes"
                            ]
                        },
                        "dest": {
                            "start": 102,
                            "end": 111,
                            "text": "processes",
                            "id": 15,
                            "verbs": [
                                "as"
                            ],
                            "label": [
                                "FUNCTION"
                            ],
                            "sent_index": 4,
                            "type": "object"
                        }
                    }
                ],
                "location": 31
            }
        ],
        "32": [
            {
                "id": "relationship--60269020-6ab2-496a-9649-3b1cd707aced",
                "techID": "T1036.004",
                "tech_name": "Masquerade Task or Service",
                "value": 0.8796547790073559,
                "min_id": 32,
                "order_ids": [
                    32,
                    14
                ],
                "sent_indexes": [
                    4,
                    2
                ],
                "combine_ids": [
                    4017,
                    2016
                ],
                "phrases": [
                    {
                        "source": {
                            "start": 22,
                            "end": 29,
                            "text": "service",
                            "id": 5,
                            "verbs": [
                                "use"
                            ],
                            "label": [
                                "FUNCTION"
                            ],
                            "sent_index": 0,
                            "type": "object",
                            "texts": [
                                "service",
                                "WSearch"
                            ]
                        },
                        "dest": {
                            "start": 113,
                            "end": 121,
                            "text": "services",
                            "id": 17,
                            "verbs": [
                                "as"
                            ],
                            "label": [
                                "FUNCTION"
                            ],
                            "sent_index": 4,
                            "type": "object"
                        }
                    },
                    {
                        "source": {
                            "text": "command",
                            "start": 48,
                            "end": 57,
                            "id": 8,
                            "verbs": [
                                "execute"
                            ],
                            "label": [
                                "FUNCTION"
                            ],
                            "sent_index": 0,
                            "type": "object"
                        },
                        "dest": {
                            "start": 84,
                            "end": 92,
                            "text": "commands",
                            "id": 16,
                            "verbs": [
                                "execute",
                                "retrieve"
                            ],
                            "label": [
                                "FUNCTION",
                                "OTHER"
                            ],
                            "sent_index": 2,
                            "type": "object",
                            "texts": [
                                "\"Jobs",
                                "commands"
                            ]
                        }
                    }
                ],
                "location": 32
            }
        ],
        "39": [
            {
                "id": "relationship--44533bc7-0368-4269-b465-7e08d3a8beea",
                "techID": "T1574.002",
                "tech_name": "DLL Side-Loading",
                "value": 0.9540837822941679,
                "min_id": 39,
                "order_ids": [
                    39
                ],
                "sent_indexes": [
                    6
                ],
                "combine_ids": [
                    6009
                ],
                "phrases": [
                    {
                        "source": {
                            "start": 40,
                            "end": 48,
                            "text": "DLL file",
                            "id": 7,
                            "verbs": [
                                "side-loade"
                            ],
                            "label": [
                                "REGISTRY"
                            ],
                            "sent_index": 0,
                            "type": "object"
                        },
                        "dest": {
                            "start": 44,
                            "end": 47,
                            "text": "DLL",
                            "id": 9,
                            "verbs": [
                                "load"
                            ],
                            "label": [
                                "REGISTRY"
                            ],
                            "sent_index": 6,
                            "type": "object"
                        }
                    }
                ],
                "location": 39
            }
        ],
        "48": [
            {
                "techID": "T1071.004",
                "techName": "DNS",
                "value": 1.0,
                "min_id": 48,
                "location": 48,
                "order_ids": [
                    48
                ],
                "sent_indexes": [
                    8
                ]
            }
        ],
        "54": [
            {
                "id": "relationship--b6a60179-abb0-41ec-96cc-112abe232509",
                "techID": "T1071.004",
                "tech_name": "DNS",
                "value": 0.9092843087650058,
                "min_id": 54,
                "order_ids": [
                    48,
                    52,
                    54
                ],
                "sent_indexes": [
                    8,
                    9,
                    9
                ],
                "combine_ids": [
                    8003,
                    9003,
                    9015
                ],
                "phrases": [
                    {
                        "source": {
                            "start": 14,
                            "end": 17,
                            "text": "DNS",
                            "id": 3,
                            "verbs": [
                                "use"
                            ],
                            "label": [
                                "NETWORK"
                            ],
                            "sent_index": 0,
                            "type": "object"
                        },
                        "dest": {
                            "start": 4,
                            "end": 16,
                            "text": "DNS response",
                            "id": 3,
                            "label": [
                                "NETWORK"
                            ],
                            "sent_index": 8,
                            "type": "subject"
                        }
                    },
                    {
                        "source": {
                            "start": 22,
                            "end": 32,
                            "text": "C2 traffic",
                            "id": 6,
                            "label": [
                                "NETWORK"
                            ],
                            "sent_index": 0,
                            "type": "object"
                        },
                        "dest": {
                            "start": 4,
                            "end": 14,
                            "text": "C2 traffic",
                            "id": 3,
                            "verbs": [
                                "design"
                            ],
                            "label": [
                                "NETWORK"
                            ],
                            "sent_index": 9,
                            "type": "subject"
                        }
                    },
                    {
                        "source": {
                            "start": 51,
                            "end": 87,
                            "text": "normal SolarWinds API communications",
                            "id": 13,
                            "verbs": [
                                "mimic"
                            ],
                            "label": [
                                "NETWORK"
                            ],
                            "sent_index": 0,
                            "type": "object"
                        },
                        "dest": {
                            "start": 61,
                            "end": 97,
                            "text": "normal SolarWinds API communications",
                            "id": 15,
                            "verbs": [
                                "mimic"
                            ],
                            "label": [
                                "NETWORK"
                            ],
                            "sent_index": 9,
                            "type": "object"
                        }
                    }
                ],
                "location": 54
            }
        ]
    },
    "full_path": [
        "T1608.001",
        "T1059.003",
        "T1105",
        "T1204.002",
        "T1046",
        "T1529",
        "T1489",
        "T1001.003",
        "T1518.001",
        "T1057",
        "T1036.004",
        "T1574.002",
        "T1071.004"
    ],
    "top_k_path": {
        "0": [
            "T1608.001"
        ],
        "14": [
            "T1059.003"
        ],
        "16": [
            "T1105"
        ],
        "17": [
            "T1204.002"
        ],
        "18": [
            "T1046"
        ],
        "19": [
            "T1529"
        ],
        "20": [
            "T1489"
        ],
        "23": [
            "T1001.003"
        ],
        "30": [
            "T1518.001"
        ],
        "31": [
            "T1057"
        ],
        "32": [
            "T1036.004"
        ],
        "39": [
            "T1574.002"
        ],
        "48": [
            "T1071.004"
        ],
        "54": [
            "T1071.004"
        ]
    }
}