{
    "best": {
        "0": [
            {
                "id": "relationship--a36264d2-5bb2-4268-8ce1-3de9fbdf2862",
                "techID": "T1587.001",
                "tech_name": "Malware",
                "value": 0.8490486059420836,
                "min_id": 11,
                "order_ids": [
                    11
                ],
                "sent_indexes": [
                    2
                ],
                "combine_ids": [
                    2009
                ],
                "phrases": [
                    {
                        "source": {
                            "start": 20,
                            "end": 34,
                            "text": "unique malware",
                            "id": 5,
                            "verbs": [
                                "use"
                            ],
                            "label": [
                                "FUNCTION"
                            ],
                            "sent_index": 0,
                            "type": "object",
                            "texts": [
                                "unique malware",
                                "SombRAT",
                                "SUGARUSH",
                                "CostaBricks",
                                "custom malware",
                                "PS1",
                                "SUGARDUMP"
                            ]
                        },
                        "dest": {
                            "start": 37,
                            "end": 46,
                            "text": "SUGARDUMP",
                            "id": 9,
                            "label": [
                                "FUNCTION"
                            ],
                            "sent_index": 2,
                            "type": "object"
                        }
                    }
                ],
                "location": 11
            }
        ],
        "8": [
            {
                "id": "relationship--b244899c-bb0a-46c0-8f38-23d867a8a8b2",
                "techID": "T1218.011",
                "tech_name": "Rundll32",
                "value": 0.8828563031385428,
                "min_id": 8,
                "order_ids": [
                    8
                ],
                "sent_indexes": [
                    1
                ],
                "combine_ids": [
                    1019
                ],
                "phrases": [
                    {
                        "source": {
                            "start": 23,
                            "end": 31,
                            "text": "rundll32",
                            "id": 5,
                            "verbs": [
                                "use"
                            ],
                            "label": [
                                "FUNCTION"
                            ],
                            "sent_index": 0,
                            "type": "object"
                        },
                        "dest": {
                            "start": 100,
                            "end": 106,
                            "text": "RunDLL",
                            "id": 19,
                            "verbs": [
                                "use"
                            ],
                            "label": [
                                "OTHER"
                            ],
                            "sent_index": 1,
                            "type": "object"
                        }
                    }
                ],
                "location": 8
            }
        ],
        "11": [
            {
                "id": "relationship--59e2e811-8f23-40bc-ae20-040feb1fa1fe",
                "techID": "T1036.005",
                "tech_name": "Match Legitimate Name or Location",
                "value": 0.8535533842712464,
                "min_id": 11,
                "order_ids": [
                    11
                ],
                "sent_indexes": [
                    2
                ],
                "combine_ids": [
                    2009
                ],
                "phrases": [
                    {
                        "source": {
                            "start": 0,
                            "end": 9,
                            "text": "SUGARDUMP",
                            "id": 1,
                            "verbs": [
                                "name"
                            ],
                            "label": [
                                "FUNCTION"
                            ],
                            "sent_index": 0,
                            "type": "object",
                            "texts": [
                                "malicious script",
                                "SUGARDUMP",
                                "StrifeWater"
                            ]
                        },
                        "dest": {
                            "start": 37,
                            "end": 46,
                            "text": "SUGARDUMP",
                            "id": 9,
                            "label": [
                                "FUNCTION"
                            ],
                            "sent_index": 2,
                            "type": "object"
                        }
                    }
                ],
                "location": 11
            }
        ],
        "12": [
            {
                "id": "relationship--702ed555-03e2-4660-82d8-e85d46cbec02",
                "techID": "T1082",
                "tech_name": "System Information Discovery",
                "value": 0.8357848546179469,
                "min_id": 12,
                "order_ids": [
                    12,
                    12
                ],
                "sent_indexes": [
                    3,
                    3
                ],
                "combine_ids": [
                    3006,
                    3006
                ],
                "phrases": [
                    {
                        "source": {
                            "start": 18,
                            "end": 31,
                            "text": "computer name",
                            "id": 5,
                            "verbs": [
                                "gather",
                                "collect",
                                "obtain",
                                "record"
                            ],
                            "label": [
                                "COMPONENT",
                                "OTHER",
                                "DATA"
                            ],
                            "sent_index": 0,
                            "type": "object",
                            "texts": [
                                "video card information",
                                "system architecture",
                                "OS architecture information",
                                "machine information",
                                "number",
                                "system name",
                                "OS version",
                                "system language",
                                "kernel version",
                                "victim system information",
                                "computer name",
                                "manufacturers",
                                "locale information",
                                "information",
                                "physical memory",
                                "hostname",
                                "Windows product name",
                                "OS",
                                "system information",
                                "BIOS versions"
                            ]
                        },
                        "dest": {
                            "start": 29,
                            "end": 36,
                            "text": "version",
                            "id": 6,
                            "label": [
                                "DATA"
                            ],
                            "sent_index": 3,
                            "type": "subject",
                            "texts": [
                                "version",
                                "versions"
                            ]
                        }
                    },
                    {
                        "source": {
                            "start": 79,
                            "end": 81,
                            "text": "OS",
                            "id": 14,
                            "verbs": [
                                "gather",
                                "collect",
                                "record",
                                "about"
                            ],
                            "label": [
                                "COMPONENT",
                                "FUNCTION",
                                "OTHER",
                                "DATA"
                            ],
                            "sent_index": 0,
                            "type": "object",
                            "texts": [
                                "architecture",
                                "video card information",
                                "BIOS",
                                "system architecture",
                                "system volume serial number",
                                "OS architecture information",
                                "machine information",
                                "number",
                                "system name",
                                "DEP policy",
                                "OS version",
                                "system language",
                                "kernel version",
                                "mapped drives",
                                "victim system information",
                                "computer name",
                                "OS version/Service pack",
                                "manufacturers",
                                "physical memory",
                                "processor",
                                "hostname",
                                "Windows product name",
                                "OS",
                                "OS name",
                                "system information",
                                "BIOS versions",
                                "memory size",
                                "OS architecture"
                            ]
                        },
                        "dest": {
                            "start": 29,
                            "end": 36,
                            "text": "version",
                            "id": 6,
                            "label": [
                                "DATA"
                            ],
                            "sent_index": 3,
                            "type": "subject",
                            "texts": [
                                "version",
                                "versions"
                            ]
                        }
                    }
                ],
                "location": 12
            }
        ],
        "14": [
            {
                "id": "relationship--fad2a504-6e00-4892-bf88-b49d6d18788c",
                "techID": "T1003",
                "tech_name": "OS Credential Dumping",
                "value": 0.993629272450717,
                "min_id": 14,
                "order_ids": [
                    14
                ],
                "sent_indexes": [
                    3
                ],
                "combine_ids": [
                    3010
                ],
                "phrases": [
                    {
                        "source": {
                            "start": 15,
                            "end": 26,
                            "text": "credentials",
                            "id": 4,
                            "verbs": [
                                "dump"
                            ],
                            "label": [
                                "DATA"
                            ],
                            "sent_index": 0,
                            "type": "object"
                        },
                        "dest": {
                            "start": 59,
                            "end": 70,
                            "text": "credentials",
                            "id": 10,
                            "verbs": [
                                "harvest"
                            ],
                            "label": [
                                "DATA"
                            ],
                            "sent_index": 3,
                            "type": "object"
                        }
                    }
                ],
                "location": 14
            }
        ],
        "16": [
            {
                "id": "relationship--47173be4-dc15-49c6-9e81-cba36c6e6c68",
                "techID": "T1555.003",
                "tech_name": "Credentials from Web Browsers",
                "value": 0.9830366987961121,
                "min_id": 16,
                "order_ids": [
                    14,
                    16
                ],
                "sent_indexes": [
                    3,
                    3
                ],
                "combine_ids": [
                    3010,
                    3014
                ],
                "phrases": [
                    {
                        "source": {
                            "start": 23,
                            "end": 34,
                            "text": "credentials",
                            "id": 5,
                            "verbs": [
                                "steal",
                                "gather",
                                "collect"
                            ],
                            "label": [
                                "DATA"
                            ],
                            "sent_index": 0,
                            "type": "object",
                            "texts": [
                                "cookie data",
                                "credentials",
                                "data"
                            ]
                        },
                        "dest": {
                            "start": 59,
                            "end": 70,
                            "text": "credentials",
                            "id": 10,
                            "verbs": [
                                "harvest"
                            ],
                            "label": [
                                "DATA"
                            ],
                            "sent_index": 3,
                            "type": "object"
                        }
                    },
                    {
                        "source": {
                            "start": 40,
                            "end": 48,
                            "text": "browsers",
                            "id": 7,
                            "verbs": [
                                "store",
                                "from"
                            ],
                            "label": [
                                "COMPONENT"
                            ],
                            "sent_index": 0,
                            "type": "object",
                            "texts": [
                                "web browsers",
                                "Eudora",
                                "Google Chrome",
                                "Internet Explorer",
                                "browsers",
                                "Mozilla Firefox"
                            ]
                        },
                        "dest": {
                            "start": 100,
                            "end": 106,
                            "text": "Chrome",
                            "id": 14,
                            "verbs": [
                                "from"
                            ],
                            "label": [
                                "COMPONENT"
                            ],
                            "sent_index": 3,
                            "type": "object"
                        }
                    }
                ],
                "location": 16
            }
        ],
        "19": [
            {
                "id": "relationship--394a227d-585f-48a5-84ac-cc40a0ad80e6",
                "techID": "T1119",
                "tech_name": "Automated Collection",
                "value": 0.993629272450717,
                "min_id": 19,
                "order_ids": [
                    19
                ],
                "sent_indexes": [
                    4
                ],
                "combine_ids": [
                    4002
                ],
                "phrases": [
                    {
                        "source": {
                            "start": 44,
                            "end": 48,
                            "text": "data",
                            "id": 6,
                            "verbs": [
                                "archive"
                            ],
                            "label": [
                                "DATA"
                            ],
                            "sent_index": 0,
                            "type": "object"
                        },
                        "dest": {
                            "start": 4,
                            "end": 8,
                            "text": "data",
                            "id": 2,
                            "verbs": [
                                "save"
                            ],
                            "label": [
                                "DATA"
                            ],
                            "sent_index": 4,
                            "type": "object"
                        }
                    }
                ],
                "location": 19
            }
        ],
        "20": [
            {
                "id": "relationship--a33a1a9c-c8d1-45f5-ad29-4a4188e5a54b",
                "techID": "T1105",
                "tech_name": "Ingress Tool Transfer",
                "value": 0.8490485639378214,
                "min_id": 20,
                "order_ids": [
                    20
                ],
                "sent_indexes": [
                    4
                ],
                "combine_ids": [
                    4008
                ],
                "phrases": [
                    {
                        "source": {
                            "start": 33,
                            "end": 37,
                            "text": "file",
                            "id": 7,
                            "verbs": [
                                "download"
                            ],
                            "label": [
                                "DATA"
                            ],
                            "sent_index": 0,
                            "type": "object"
                        },
                        "dest": {
                            "start": 27,
                            "end": 31,
                            "text": "file",
                            "id": 8,
                            "label": [
                                "DATA"
                            ],
                            "sent_index": 4,
                            "type": "object"
                        }
                    }
                ],
                "location": 20
            }
        ],
        "23": [
            {
                "id": "relationship--2e0eb5e4-37a3-435d-bdac-01f72b8cec4c",
                "techID": "T1027",
                "tech_name": "Obfuscated Files or Information",
                "value": 0.9218270623269339,
                "min_id": 23,
                "order_ids": [
                    23
                ],
                "sent_indexes": [
                    5
                ],
                "combine_ids": [
                    5009
                ],
                "phrases": [
                    {
                        "source": {
                            "start": 15,
                            "end": 18,
                            "text": "XOR",
                            "id": 4,
                            "verbs": [
                                "use"
                            ],
                            "label": [
                                "ENCRYPTION",
                                "DATA"
                            ],
                            "sent_index": 0,
                            "type": "object",
                            "texts": [
                                "AES",
                                "XOR",
                                "RC4",
                                "RC4 encrypted files",
                                "RSA2"
                            ]
                        },
                        "dest": {
                            "start": 51,
                            "end": 65,
                            "text": "AES encryption",
                            "id": 9,
                            "verbs": [
                                "use"
                            ],
                            "label": [
                                "ENCRYPTION"
                            ],
                            "sent_index": 5,
                            "type": "object"
                        }
                    }
                ],
                "location": 23
            }
        ],
        "30": [
            {
                "id": "relationship--33eb3d03-426d-4410-b028-3528b3fefe5c",
                "techID": "T1560.003",
                "tech_name": "Archive via Custom Method",
                "value": 0.9497892493005033,
                "min_id": 30,
                "order_ids": [
                    30,
                    22
                ],
                "sent_indexes": [
                    8,
                    5
                ],
                "combine_ids": [
                    8004,
                    5003
                ],
                "phrases": [
                    {
                        "source": {
                            "start": 19,
                            "end": 46,
                            "text": "custom encryption algorithm",
                            "id": 7,
                            "verbs": [
                                "use"
                            ],
                            "label": [
                                "FUNCTION"
                            ],
                            "sent_index": 0,
                            "type": "object"
                        },
                        "dest": {
                            "start": 10,
                            "end": 28,
                            "text": "encryption process",
                            "id": 4,
                            "verbs": [
                                "use",
                                "after"
                            ],
                            "label": [
                                "FUNCTION"
                            ],
                            "sent_index": 8,
                            "type": "object"
                        }
                    },
                    {
                        "source": {
                            "start": 68,
                            "end": 72,
                            "text": "data",
                            "id": 11,
                            "verbs": [
                                "encrypt"
                            ],
                            "label": [
                                "DATA"
                            ],
                            "sent_index": 0,
                            "type": "object"
                        },
                        "dest": {
                            "start": 14,
                            "end": 18,
                            "text": "data",
                            "id": 3,
                            "verbs": [
                                "encrypt"
                            ],
                            "label": [
                                "DATA"
                            ],
                            "sent_index": 5,
                            "type": "object"
                        }
                    }
                ],
                "location": 30
            }
        ],
        "32": [
            {
                "id": "relationship--5ccf856f-abd9-4ef6-b17f-803ecb20435f",
                "techID": "T1132.001",
                "tech_name": "Standard Encoding",
                "value": 0.9420149636330443,
                "min_id": 32,
                "order_ids": [
                    32
                ],
                "sent_indexes": [
                    8
                ],
                "combine_ids": [
                    8012
                ],
                "phrases": [
                    {
                        "source": {
                            "start": 17,
                            "end": 32,
                            "text": "base64 encoding",
                            "id": 5,
                            "verbs": [
                                "use"
                            ],
                            "label": [
                                "ENCRYPTION"
                            ],
                            "sent_index": 0,
                            "type": "object"
                        },
                        "dest": {
                            "start": 61,
                            "end": 67,
                            "text": "Base64",
                            "id": 12,
                            "verbs": [
                                "use"
                            ],
                            "label": [
                                "ENCRYPTION"
                            ],
                            "sent_index": 8,
                            "type": "object"
                        }
                    }
                ],
                "location": 32
            }
        ],
        "33": [
            {
                "id": "relationship--2b2cdb6b-c23c-4792-8cfb-8c4d9279a186",
                "techID": "T1071.001",
                "tech_name": "Web Protocols",
                "value": 0.9936292501559338,
                "min_id": 33,
                "order_ids": [
                    33
                ],
                "sent_indexes": [
                    8
                ],
                "combine_ids": [
                    8018
                ],
                "phrases": [
                    {
                        "source": {
                            "start": 33,
                            "end": 37,
                            "text": "HTTP",
                            "id": 5,
                            "verbs": [
                                "use"
                            ],
                            "label": [
                                "NETWORK"
                            ],
                            "sent_index": 0,
                            "type": "object",
                            "texts": [
                                "HTTP",
                                "HTTPS"
                            ]
                        },
                        "dest": {
                            "start": 96,
                            "end": 100,
                            "text": "HTTP",
                            "id": 18,
                            "verbs": [
                                "use",
                                "send",
                                "over"
                            ],
                            "label": [
                                "NETWORK"
                            ],
                            "sent_index": 8,
                            "type": "object"
                        }
                    }
                ],
                "location": 33
            }
        ]
    },
    "k2": {
        "0": [
            {
                "id": "relationship--a36264d2-5bb2-4268-8ce1-3de9fbdf2862",
                "techID": "T1587.001",
                "tech_name": "Malware",
                "value": 0.8490486059420836,
                "min_id": 11,
                "order_ids": [
                    11
                ],
                "sent_indexes": [
                    2
                ],
                "combine_ids": [
                    2009
                ],
                "phrases": [
                    {
                        "source": {
                            "start": 20,
                            "end": 34,
                            "text": "unique malware",
                            "id": 5,
                            "verbs": [
                                "use"
                            ],
                            "label": [
                                "FUNCTION"
                            ],
                            "sent_index": 0,
                            "type": "object",
                            "texts": [
                                "unique malware",
                                "SombRAT",
                                "SUGARUSH",
                                "CostaBricks",
                                "custom malware",
                                "PS1",
                                "SUGARDUMP"
                            ]
                        },
                        "dest": {
                            "start": 37,
                            "end": 46,
                            "text": "SUGARDUMP",
                            "id": 9,
                            "label": [
                                "FUNCTION"
                            ],
                            "sent_index": 2,
                            "type": "object"
                        }
                    }
                ],
                "location": 11
            }
        ],
        "8": [
            {
                "id": "relationship--b244899c-bb0a-46c0-8f38-23d867a8a8b2",
                "techID": "T1218.011",
                "tech_name": "Rundll32",
                "value": 0.8828563031385428,
                "min_id": 8,
                "order_ids": [
                    8
                ],
                "sent_indexes": [
                    1
                ],
                "combine_ids": [
                    1019
                ],
                "phrases": [
                    {
                        "source": {
                            "start": 23,
                            "end": 31,
                            "text": "rundll32",
                            "id": 5,
                            "verbs": [
                                "use"
                            ],
                            "label": [
                                "FUNCTION"
                            ],
                            "sent_index": 0,
                            "type": "object"
                        },
                        "dest": {
                            "start": 100,
                            "end": 106,
                            "text": "RunDLL",
                            "id": 19,
                            "verbs": [
                                "use"
                            ],
                            "label": [
                                "OTHER"
                            ],
                            "sent_index": 1,
                            "type": "object"
                        }
                    }
                ],
                "location": 8
            }
        ],
        "11": [
            {
                "id": "relationship--59e2e811-8f23-40bc-ae20-040feb1fa1fe",
                "techID": "T1036.005",
                "tech_name": "Match Legitimate Name or Location",
                "value": 0.8535533842712464,
                "min_id": 11,
                "order_ids": [
                    11
                ],
                "sent_indexes": [
                    2
                ],
                "combine_ids": [
                    2009
                ],
                "phrases": [
                    {
                        "source": {
                            "start": 0,
                            "end": 9,
                            "text": "SUGARDUMP",
                            "id": 1,
                            "verbs": [
                                "name"
                            ],
                            "label": [
                                "FUNCTION"
                            ],
                            "sent_index": 0,
                            "type": "object",
                            "texts": [
                                "malicious script",
                                "SUGARDUMP",
                                "StrifeWater"
                            ]
                        },
                        "dest": {
                            "start": 37,
                            "end": 46,
                            "text": "SUGARDUMP",
                            "id": 9,
                            "label": [
                                "FUNCTION"
                            ],
                            "sent_index": 2,
                            "type": "object"
                        }
                    }
                ],
                "location": 11
            }
        ],
        "12": [
            {
                "id": "relationship--702ed555-03e2-4660-82d8-e85d46cbec02",
                "techID": "T1082",
                "tech_name": "System Information Discovery",
                "value": 0.8357848546179469,
                "min_id": 12,
                "order_ids": [
                    12,
                    12
                ],
                "sent_indexes": [
                    3,
                    3
                ],
                "combine_ids": [
                    3006,
                    3006
                ],
                "phrases": [
                    {
                        "source": {
                            "start": 18,
                            "end": 31,
                            "text": "computer name",
                            "id": 5,
                            "verbs": [
                                "gather",
                                "collect",
                                "obtain",
                                "record"
                            ],
                            "label": [
                                "COMPONENT",
                                "OTHER",
                                "DATA"
                            ],
                            "sent_index": 0,
                            "type": "object",
                            "texts": [
                                "video card information",
                                "system architecture",
                                "OS architecture information",
                                "machine information",
                                "number",
                                "system name",
                                "OS version",
                                "system language",
                                "kernel version",
                                "victim system information",
                                "computer name",
                                "manufacturers",
                                "locale information",
                                "information",
                                "physical memory",
                                "hostname",
                                "Windows product name",
                                "OS",
                                "system information",
                                "BIOS versions"
                            ]
                        },
                        "dest": {
                            "start": 29,
                            "end": 36,
                            "text": "version",
                            "id": 6,
                            "label": [
                                "DATA"
                            ],
                            "sent_index": 3,
                            "type": "subject",
                            "texts": [
                                "version",
                                "versions"
                            ]
                        }
                    },
                    {
                        "source": {
                            "start": 79,
                            "end": 81,
                            "text": "OS",
                            "id": 14,
                            "verbs": [
                                "gather",
                                "collect",
                                "record",
                                "about"
                            ],
                            "label": [
                                "COMPONENT",
                                "FUNCTION",
                                "OTHER",
                                "DATA"
                            ],
                            "sent_index": 0,
                            "type": "object",
                            "texts": [
                                "architecture",
                                "video card information",
                                "BIOS",
                                "system architecture",
                                "system volume serial number",
                                "OS architecture information",
                                "machine information",
                                "number",
                                "system name",
                                "DEP policy",
                                "OS version",
                                "system language",
                                "kernel version",
                                "mapped drives",
                                "victim system information",
                                "computer name",
                                "OS version/Service pack",
                                "manufacturers",
                                "physical memory",
                                "processor",
                                "hostname",
                                "Windows product name",
                                "OS",
                                "OS name",
                                "system information",
                                "BIOS versions",
                                "memory size",
                                "OS architecture"
                            ]
                        },
                        "dest": {
                            "start": 29,
                            "end": 36,
                            "text": "version",
                            "id": 6,
                            "label": [
                                "DATA"
                            ],
                            "sent_index": 3,
                            "type": "subject",
                            "texts": [
                                "version",
                                "versions"
                            ]
                        }
                    }
                ],
                "location": 12
            }
        ],
        "14": [
            {
                "id": "relationship--fad2a504-6e00-4892-bf88-b49d6d18788c",
                "techID": "T1003",
                "tech_name": "OS Credential Dumping",
                "value": 0.993629272450717,
                "min_id": 14,
                "order_ids": [
                    14
                ],
                "sent_indexes": [
                    3
                ],
                "combine_ids": [
                    3010
                ],
                "phrases": [
                    {
                        "source": {
                            "start": 15,
                            "end": 26,
                            "text": "credentials",
                            "id": 4,
                            "verbs": [
                                "dump"
                            ],
                            "label": [
                                "DATA"
                            ],
                            "sent_index": 0,
                            "type": "object"
                        },
                        "dest": {
                            "start": 59,
                            "end": 70,
                            "text": "credentials",
                            "id": 10,
                            "verbs": [
                                "harvest"
                            ],
                            "label": [
                                "DATA"
                            ],
                            "sent_index": 3,
                            "type": "object"
                        }
                    }
                ],
                "location": 14
            }
        ],
        "16": [
            {
                "id": "relationship--47173be4-dc15-49c6-9e81-cba36c6e6c68",
                "techID": "T1555.003",
                "tech_name": "Credentials from Web Browsers",
                "value": 0.9830366987961121,
                "min_id": 16,
                "order_ids": [
                    14,
                    16
                ],
                "sent_indexes": [
                    3,
                    3
                ],
                "combine_ids": [
                    3010,
                    3014
                ],
                "phrases": [
                    {
                        "source": {
                            "start": 23,
                            "end": 34,
                            "text": "credentials",
                            "id": 5,
                            "verbs": [
                                "steal",
                                "gather",
                                "collect"
                            ],
                            "label": [
                                "DATA"
                            ],
                            "sent_index": 0,
                            "type": "object",
                            "texts": [
                                "cookie data",
                                "credentials",
                                "data"
                            ]
                        },
                        "dest": {
                            "start": 59,
                            "end": 70,
                            "text": "credentials",
                            "id": 10,
                            "verbs": [
                                "harvest"
                            ],
                            "label": [
                                "DATA"
                            ],
                            "sent_index": 3,
                            "type": "object"
                        }
                    },
                    {
                        "source": {
                            "start": 40,
                            "end": 48,
                            "text": "browsers",
                            "id": 7,
                            "verbs": [
                                "store",
                                "from"
                            ],
                            "label": [
                                "COMPONENT"
                            ],
                            "sent_index": 0,
                            "type": "object",
                            "texts": [
                                "web browsers",
                                "Eudora",
                                "Google Chrome",
                                "Internet Explorer",
                                "browsers",
                                "Mozilla Firefox"
                            ]
                        },
                        "dest": {
                            "start": 100,
                            "end": 106,
                            "text": "Chrome",
                            "id": 14,
                            "verbs": [
                                "from"
                            ],
                            "label": [
                                "COMPONENT"
                            ],
                            "sent_index": 3,
                            "type": "object"
                        }
                    }
                ],
                "location": 16
            }
        ],
        "19": [
            {
                "id": "relationship--394a227d-585f-48a5-84ac-cc40a0ad80e6",
                "techID": "T1119",
                "tech_name": "Automated Collection",
                "value": 0.993629272450717,
                "min_id": 19,
                "order_ids": [
                    19
                ],
                "sent_indexes": [
                    4
                ],
                "combine_ids": [
                    4002
                ],
                "phrases": [
                    {
                        "source": {
                            "start": 44,
                            "end": 48,
                            "text": "data",
                            "id": 6,
                            "verbs": [
                                "archive"
                            ],
                            "label": [
                                "DATA"
                            ],
                            "sent_index": 0,
                            "type": "object"
                        },
                        "dest": {
                            "start": 4,
                            "end": 8,
                            "text": "data",
                            "id": 2,
                            "verbs": [
                                "save"
                            ],
                            "label": [
                                "DATA"
                            ],
                            "sent_index": 4,
                            "type": "object"
                        }
                    }
                ],
                "location": 19
            }
        ],
        "20": [
            {
                "id": "relationship--a33a1a9c-c8d1-45f5-ad29-4a4188e5a54b",
                "techID": "T1105",
                "tech_name": "Ingress Tool Transfer",
                "value": 0.8490485639378214,
                "min_id": 20,
                "order_ids": [
                    20
                ],
                "sent_indexes": [
                    4
                ],
                "combine_ids": [
                    4008
                ],
                "phrases": [
                    {
                        "source": {
                            "start": 33,
                            "end": 37,
                            "text": "file",
                            "id": 7,
                            "verbs": [
                                "download"
                            ],
                            "label": [
                                "DATA"
                            ],
                            "sent_index": 0,
                            "type": "object"
                        },
                        "dest": {
                            "start": 27,
                            "end": 31,
                            "text": "file",
                            "id": 8,
                            "label": [
                                "DATA"
                            ],
                            "sent_index": 4,
                            "type": "object"
                        }
                    }
                ],
                "location": 20
            }
        ],
        "23": [
            {
                "id": "relationship--2e0eb5e4-37a3-435d-bdac-01f72b8cec4c",
                "techID": "T1027",
                "tech_name": "Obfuscated Files or Information",
                "value": 0.9218270623269339,
                "min_id": 23,
                "order_ids": [
                    23
                ],
                "sent_indexes": [
                    5
                ],
                "combine_ids": [
                    5009
                ],
                "phrases": [
                    {
                        "source": {
                            "start": 15,
                            "end": 18,
                            "text": "XOR",
                            "id": 4,
                            "verbs": [
                                "use"
                            ],
                            "label": [
                                "ENCRYPTION",
                                "DATA"
                            ],
                            "sent_index": 0,
                            "type": "object",
                            "texts": [
                                "AES",
                                "XOR",
                                "RC4",
                                "RC4 encrypted files",
                                "RSA2"
                            ]
                        },
                        "dest": {
                            "start": 51,
                            "end": 65,
                            "text": "AES encryption",
                            "id": 9,
                            "verbs": [
                                "use"
                            ],
                            "label": [
                                "ENCRYPTION"
                            ],
                            "sent_index": 5,
                            "type": "object"
                        }
                    }
                ],
                "location": 23
            }
        ],
        "30": [
            {
                "id": "relationship--33eb3d03-426d-4410-b028-3528b3fefe5c",
                "techID": "T1560.003",
                "tech_name": "Archive via Custom Method",
                "value": 0.9497892493005033,
                "min_id": 30,
                "order_ids": [
                    30,
                    22
                ],
                "sent_indexes": [
                    8,
                    5
                ],
                "combine_ids": [
                    8004,
                    5003
                ],
                "phrases": [
                    {
                        "source": {
                            "start": 19,
                            "end": 46,
                            "text": "custom encryption algorithm",
                            "id": 7,
                            "verbs": [
                                "use"
                            ],
                            "label": [
                                "FUNCTION"
                            ],
                            "sent_index": 0,
                            "type": "object"
                        },
                        "dest": {
                            "start": 10,
                            "end": 28,
                            "text": "encryption process",
                            "id": 4,
                            "verbs": [
                                "use",
                                "after"
                            ],
                            "label": [
                                "FUNCTION"
                            ],
                            "sent_index": 8,
                            "type": "object"
                        }
                    },
                    {
                        "source": {
                            "start": 68,
                            "end": 72,
                            "text": "data",
                            "id": 11,
                            "verbs": [
                                "encrypt"
                            ],
                            "label": [
                                "DATA"
                            ],
                            "sent_index": 0,
                            "type": "object"
                        },
                        "dest": {
                            "start": 14,
                            "end": 18,
                            "text": "data",
                            "id": 3,
                            "verbs": [
                                "encrypt"
                            ],
                            "label": [
                                "DATA"
                            ],
                            "sent_index": 5,
                            "type": "object"
                        }
                    }
                ],
                "location": 30
            }
        ],
        "32": [
            {
                "id": "relationship--5ccf856f-abd9-4ef6-b17f-803ecb20435f",
                "techID": "T1132.001",
                "tech_name": "Standard Encoding",
                "value": 0.9420149636330443,
                "min_id": 32,
                "order_ids": [
                    32
                ],
                "sent_indexes": [
                    8
                ],
                "combine_ids": [
                    8012
                ],
                "phrases": [
                    {
                        "source": {
                            "start": 17,
                            "end": 32,
                            "text": "base64 encoding",
                            "id": 5,
                            "verbs": [
                                "use"
                            ],
                            "label": [
                                "ENCRYPTION"
                            ],
                            "sent_index": 0,
                            "type": "object"
                        },
                        "dest": {
                            "start": 61,
                            "end": 67,
                            "text": "Base64",
                            "id": 12,
                            "verbs": [
                                "use"
                            ],
                            "label": [
                                "ENCRYPTION"
                            ],
                            "sent_index": 8,
                            "type": "object"
                        }
                    }
                ],
                "location": 32
            }
        ],
        "33": [
            {
                "id": "relationship--2b2cdb6b-c23c-4792-8cfb-8c4d9279a186",
                "techID": "T1071.001",
                "tech_name": "Web Protocols",
                "value": 0.9936292501559338,
                "min_id": 33,
                "order_ids": [
                    33
                ],
                "sent_indexes": [
                    8
                ],
                "combine_ids": [
                    8018
                ],
                "phrases": [
                    {
                        "source": {
                            "start": 33,
                            "end": 37,
                            "text": "HTTP",
                            "id": 5,
                            "verbs": [
                                "use"
                            ],
                            "label": [
                                "NETWORK"
                            ],
                            "sent_index": 0,
                            "type": "object",
                            "texts": [
                                "HTTP",
                                "HTTPS"
                            ]
                        },
                        "dest": {
                            "start": 96,
                            "end": 100,
                            "text": "HTTP",
                            "id": 18,
                            "verbs": [
                                "use",
                                "send",
                                "over"
                            ],
                            "label": [
                                "NETWORK"
                            ],
                            "sent_index": 8,
                            "type": "object"
                        }
                    }
                ],
                "location": 33
            }
        ]
    },
    "full_path": [
        "T1587.001",
        "T1218.011",
        "T1036.005",
        "T1082",
        "T1003",
        "T1555.003",
        "T1119",
        "T1105",
        "T1027",
        "T1560.003",
        "T1132.001",
        "T1071.001"
    ],
    "top_k_path": {
        "0": [
            "T1587.001"
        ],
        "8": [
            "T1218.011"
        ],
        "11": [
            "T1036.005"
        ],
        "12": [
            "T1082"
        ],
        "14": [
            "T1003"
        ],
        "16": [
            "T1555.003"
        ],
        "19": [
            "T1119"
        ],
        "20": [
            "T1105"
        ],
        "23": [
            "T1027"
        ],
        "30": [
            "T1560.003"
        ],
        "32": [
            "T1132.001"
        ],
        "33": [
            "T1071.001"
        ]
    }
}