{
    "best": {
        "0": [
            {
                "id": "relationship--a36264d2-5bb2-4268-8ce1-3de9fbdf2862",
                "techID": "T1587.001",
                "tech_name": "Malware",
                "value": 0.8490486059420836,
                "min_id": 1,
                "order_ids": [
                    1
                ],
                "sent_indexes": [
                    0
                ],
                "combine_ids": [
                    1
                ],
                "phrases": [
                    {
                        "source": {
                            "start": 20,
                            "end": 34,
                            "text": "unique malware",
                            "id": 5,
                            "verbs": [
                                "use"
                            ],
                            "label": [
                                "FUNCTION"
                            ],
                            "sent_index": 0,
                            "type": "object",
                            "texts": [
                                "unique malware",
                                "SombRAT",
                                "SUGARUSH",
                                "CostaBricks",
                                "custom malware",
                                "PS1",
                                "SUGARDUMP"
                            ]
                        },
                        "dest": {
                            "start": 0,
                            "end": 8,
                            "text": "SUGARUSH",
                            "id": 1,
                            "label": [
                                "FUNCTION"
                            ],
                            "sent_index": 0,
                            "type": "subject"
                        }
                    }
                ],
                "location": 1
            }
        ],
        "8": [
            {
                "id": "relationship--fce88056-31db-43be-be76-fb1aaf076ed1",
                "techID": "T1036.004",
                "tech_name": "Masquerade Task or Service",
                "value": 0.9237017577345924,
                "min_id": 8,
                "order_ids": [
                    8
                ],
                "sent_indexes": [
                    1
                ],
                "combine_ids": [
                    1010
                ],
                "phrases": [
                    {
                        "source": {
                            "start": 18,
                            "end": 26,
                            "text": "services",
                            "id": 4,
                            "verbs": [
                                "create"
                            ],
                            "label": [
                                "FUNCTION"
                            ],
                            "sent_index": 0,
                            "type": "object"
                        },
                        "dest": {
                            "start": 49,
                            "end": 56,
                            "text": "service",
                            "id": 10,
                            "verbs": [
                                "create"
                            ],
                            "label": [
                                "FUNCTION",
                                "OTHER"
                            ],
                            "sent_index": 1,
                            "type": "object",
                            "texts": [
                                "service",
                                "\"Service1"
                            ]
                        }
                    }
                ],
                "location": 8
            }
        ],
        "12": [
            {
                "id": "relationship--67ffaecc-e47d-47a1-93fd-82d21018ad8b",
                "techID": "T1082",
                "tech_name": "System Information Discovery",
                "value": 0.8535533842712464,
                "min_id": 12,
                "order_ids": [
                    12
                ],
                "sent_indexes": [
                    2
                ],
                "combine_ids": [
                    2022
                ],
                "phrases": [
                    {
                        "source": {
                            "start": 15,
                            "end": 33,
                            "text": "system information",
                            "id": 5,
                            "verbs": [
                                "collect"
                            ],
                            "label": [
                                "OTHER",
                                "DIRECTORY",
                                "DATA"
                            ],
                            "sent_index": 0,
                            "type": "object",
                            "texts": [
                                "system information",
                                "computer name",
                                "IsDebuggerPresent state",
                                "system manufacturer",
                                "execution path"
                            ]
                        },
                        "dest": {
                            "start": 111,
                            "end": 125,
                            "text": "execution path",
                            "id": 22,
                            "verbs": [
                                "under"
                            ],
                            "label": [
                                "DIRECTORY"
                            ],
                            "sent_index": 2,
                            "type": "object"
                        }
                    }
                ],
                "location": 12
            }
        ],
        "13": [
            {
                "id": "relationship--83d16911-5fa1-4646-9718-6af0852dcb9a",
                "techID": "T1119",
                "tech_name": "Automated Collection",
                "value": 0.8271613833808622,
                "min_id": 13,
                "order_ids": [
                    13,
                    13
                ],
                "sent_indexes": [
                    3,
                    3
                ],
                "combine_ids": [
                    3003,
                    3003
                ],
                "phrases": [
                    {
                        "source": {
                            "start": 55,
                            "end": 60,
                            "text": "files",
                            "id": 8,
                            "verbs": [
                                "collect"
                            ],
                            "label": [
                                "DATA"
                            ],
                            "sent_index": 0,
                            "type": "object"
                        },
                        "dest": {
                            "start": 6,
                            "end": 12,
                            "text": "folder",
                            "id": 3,
                            "label": [
                                "DIRECTORY",
                                "OTHER"
                            ],
                            "sent_index": 3,
                            "type": "subject",
                            "texts": [
                                "folder",
                                "\"ServiceLog"
                            ]
                        }
                    },
                    {
                        "source": {
                            "start": 79,
                            "end": 88,
                            "text": "directory",
                            "id": 12,
                            "verbs": [
                                "under"
                            ],
                            "label": [
                                "DIRECTORY"
                            ],
                            "sent_index": 0,
                            "type": "object"
                        },
                        "dest": {
                            "start": 6,
                            "end": 12,
                            "text": "folder",
                            "id": 3,
                            "label": [
                                "DIRECTORY",
                                "OTHER"
                            ],
                            "sent_index": 3,
                            "type": "subject",
                            "texts": [
                                "folder",
                                "\"ServiceLog"
                            ]
                        }
                    }
                ],
                "location": 13
            }
        ],
        "16": [
            {
                "id": "relationship--25d65c10-5fa3-40c1-9e25-936894446178",
                "techID": "T1114.001",
                "tech_name": "Local Email Collection",
                "value": 0.8735238488515193,
                "min_id": 16,
                "order_ids": [
                    16
                ],
                "sent_indexes": [
                    3
                ],
                "combine_ids": [
                    3026
                ],
                "phrases": [
                    {
                        "source": {
                            "start": 25,
                            "end": 38,
                            "text": "Outlook files",
                            "id": 6,
                            "verbs": [
                                "use"
                            ],
                            "label": [
                                "DATA",
                                "NETWORK",
                                "DIRECTORY"
                            ],
                            "sent_index": 0,
                            "type": "object",
                            "texts": [
                                "inbox",
                                "Outlook files",
                                "directories"
                            ]
                        },
                        "dest": {
                            "start": 104,
                            "end": 111,
                            "text": "message",
                            "id": 26,
                            "verbs": [
                                "with",
                                "start"
                            ],
                            "label": [
                                "NETWORK"
                            ],
                            "sent_index": 3,
                            "type": "object"
                        }
                    }
                ],
                "location": 16
            }
        ],
        "17": [
            {
                "id": "relationship--95d43b58-992e-4970-b22b-54f0da8ca4cd",
                "techID": "T1543.003",
                "tech_name": "Windows Service",
                "value": 0.9237017577345924,
                "min_id": 17,
                "order_ids": [
                    17
                ],
                "sent_indexes": [
                    3
                ],
                "combine_ids": [
                    3028
                ],
                "phrases": [
                    {
                        "source": {
                            "start": 17,
                            "end": 25,
                            "text": "services",
                            "id": 4,
                            "verbs": [
                                "use"
                            ],
                            "label": [
                                "FUNCTION"
                            ],
                            "sent_index": 0,
                            "type": "object"
                        },
                        "dest": {
                            "start": 113,
                            "end": 120,
                            "text": "Service",
                            "id": 28,
                            "verbs": [
                                "start"
                            ],
                            "label": [
                                "FUNCTION"
                            ],
                            "sent_index": 3,
                            "type": "object"
                        }
                    }
                ],
                "location": 17
            }
        ],
        "20": [
            {
                "id": "relationship--1a192f9a-d515-4d5c-9c52-e904bac96f61",
                "techID": "T1124",
                "tech_name": "System Time Discovery",
                "value": 0.8924955629540858,
                "min_id": 21,
                "order_ids": [
                    20,
                    21
                ],
                "sent_indexes": [
                    4,
                    4
                ],
                "combine_ids": [
                    4010,
                    4014
                ],
                "phrases": [
                    {
                        "source": {
                            "start": 32,
                            "end": 36,
                            "text": "time",
                            "id": 6,
                            "verbs": [
                                "collect",
                                "obtain"
                            ],
                            "label": [
                                "DATA"
                            ],
                            "sent_index": 0,
                            "type": "object",
                            "texts": [
                                "time",
                                "date"
                            ]
                        },
                        "dest": {
                            "start": 41,
                            "end": 45,
                            "text": "date",
                            "id": 10,
                            "verbs": [
                                "be"
                            ],
                            "label": [
                                "DATA"
                            ],
                            "sent_index": 4,
                            "type": "object"
                        }
                    },
                    {
                        "source": {
                            "start": 42,
                            "end": 56,
                            "text": "victim machine",
                            "id": 10,
                            "label": [
                                "COMPONENT"
                            ],
                            "sent_index": 0,
                            "type": "object",
                            "texts": [
                                "victim machine"
                            ],
                            "verbs": []
                        },
                        "dest": {
                            "start": 53,
                            "end": 69,
                            "text": "infected machine",
                            "id": 14,
                            "label": [
                                "COMPONENT"
                            ],
                            "sent_index": 4,
                            "type": "object"
                        }
                    }
                ],
                "location": 20
            }
        ],
        "21": [
            {
                "id": "relationship--147cd553-fd25-46ea-83ed-594cdb82c440",
                "techID": "T1033",
                "tech_name": "System Owner/User Discovery",
                "value": 0.8756683658853521,
                "min_id": 21,
                "order_ids": [
                    18,
                    21
                ],
                "sent_indexes": [
                    4,
                    4
                ],
                "combine_ids": [
                    4002,
                    4014
                ],
                "phrases": [
                    {
                        "source": {
                            "start": 23,
                            "end": 36,
                            "text": "user accounts",
                            "id": 6,
                            "verbs": [
                                "retrieve",
                                "collect"
                            ],
                            "label": [
                                "DATA"
                            ],
                            "sent_index": 0,
                            "type": "object",
                            "texts": [
                                "username",
                                "UID",
                                "usernames",
                                "user accounts"
                            ]
                        },
                        "dest": {
                            "start": 4,
                            "end": 8,
                            "text": "name",
                            "id": 2,
                            "label": [
                                "DATA"
                            ],
                            "sent_index": 4,
                            "type": "subject"
                        }
                    },
                    {
                        "source": {
                            "start": 59,
                            "end": 75,
                            "text": "infected machine",
                            "id": 12,
                            "verbs": [
                                "from"
                            ],
                            "label": [
                                "COMPONENT"
                            ],
                            "sent_index": 0,
                            "type": "object",
                            "texts": [
                                "infected machine"
                            ]
                        },
                        "dest": {
                            "start": 53,
                            "end": 69,
                            "text": "infected machine",
                            "id": 14,
                            "label": [
                                "COMPONENT"
                            ],
                            "sent_index": 4,
                            "type": "object"
                        }
                    }
                ],
                "location": 21
            }
        ],
        "24": [
            {
                "id": "relationship--2161578b-44ef-4c44-90ad-2ee8920a3db8",
                "techID": "T1105",
                "tech_name": "Ingress Tool Transfer",
                "value": 0.8546203555675191,
                "min_id": 24,
                "order_ids": [
                    19,
                    24
                ],
                "sent_indexes": [
                    4,
                    5
                ],
                "combine_ids": [
                    4006,
                    5010
                ],
                "phrases": [
                    {
                        "source": {
                            "start": 34,
                            "end": 39,
                            "text": "files",
                            "id": 5,
                            "verbs": [
                                "download"
                            ],
                            "label": [
                                "DATA"
                            ],
                            "sent_index": 0,
                            "type": "object"
                        },
                        "dest": {
                            "start": 16,
                            "end": 25,
                            "text": "log files",
                            "id": 6,
                            "label": [
                                "DATA"
                            ],
                            "sent_index": 4,
                            "type": "object"
                        }
                    },
                    {
                        "source": {
                            "start": 49,
                            "end": 53,
                            "text": "host",
                            "id": 8,
                            "verbs": [
                                "onto"
                            ],
                            "label": [
                                "COMPONENT"
                            ],
                            "sent_index": 0,
                            "type": "object"
                        },
                        "dest": {
                            "start": 58,
                            "end": 62,
                            "text": "host",
                            "id": 10,
                            "label": [
                                "COMPONENT"
                            ],
                            "sent_index": 5,
                            "type": "object"
                        }
                    }
                ],
                "location": 24
            }
        ],
        "31": [
            {
                "id": "relationship--35c568aa-29af-4879-bdee-4f6a1f54ff22",
                "techID": "T1016.001",
                "tech_name": "Internet Connection Discovery",
                "value": 0.9383824994713864,
                "min_id": 31,
                "order_ids": [
                    23,
                    24,
                    31
                ],
                "sent_indexes": [
                    5,
                    5,
                    6
                ],
                "combine_ids": [
                    5007,
                    5010,
                    6016
                ],
                "phrases": [
                    {
                        "source": {
                            "start": 25,
                            "end": 46,
                            "text": "internet connectivity",
                            "id": 6,
                            "verbs": [
                                "check"
                            ],
                            "label": [
                                "NETWORK"
                            ],
                            "sent_index": 0,
                            "type": "object"
                        },
                        "dest": {
                            "start": 29,
                            "end": 50,
                            "text": "internet connectivity",
                            "id": 7,
                            "verbs": [
                                "check"
                            ],
                            "label": [
                                "NETWORK"
                            ],
                            "sent_index": 5,
                            "type": "object"
                        }
                    },
                    {
                        "source": {
                            "start": 55,
                            "end": 68,
                            "text": "infected host",
                            "id": 10,
                            "verbs": [
                                "from"
                            ],
                            "label": [
                                "COMPONENT"
                            ],
                            "sent_index": 0,
                            "type": "object"
                        },
                        "dest": {
                            "start": 58,
                            "end": 62,
                            "text": "host",
                            "id": 10,
                            "label": [
                                "COMPONENT"
                            ],
                            "sent_index": 5,
                            "type": "object"
                        }
                    },
                    {
                        "source": {
                            "start": 106,
                            "end": 120,
                            "text": "TCP connection",
                            "id": 18,
                            "verbs": [
                                "establish"
                            ],
                            "label": [
                                "NETWORK"
                            ],
                            "sent_index": 0,
                            "type": "object"
                        },
                        "dest": {
                            "start": 84,
                            "end": 98,
                            "text": "TCP connection",
                            "id": 16,
                            "verbs": [
                                "establish"
                            ],
                            "label": [
                                "NETWORK"
                            ],
                            "sent_index": 6,
                            "type": "object"
                        }
                    }
                ],
                "location": 31
            }
        ],
        "33": [
            {
                "id": "relationship--db0f9f05-6f76-47c3-81bf-a59d85045188",
                "techID": "T1571",
                "tech_name": "Non-Standard Port",
                "value": 0.8805975423835829,
                "min_id": 36,
                "order_ids": [
                    33,
                    36
                ],
                "sent_indexes": [
                    6,
                    7
                ],
                "combine_ids": [
                    6023,
                    7010
                ],
                "phrases": [
                    {
                        "source": {
                            "start": 18,
                            "end": 22,
                            "text": "port",
                            "id": 4,
                            "verbs": [
                                "use"
                            ],
                            "label": [
                                "NETWORK"
                            ],
                            "sent_index": 0,
                            "type": "object"
                        },
                        "dest": {
                            "start": 128,
                            "end": 132,
                            "text": "port",
                            "id": 23,
                            "verbs": [
                                "use",
                                "by"
                            ],
                            "label": [
                                "NETWORK"
                            ],
                            "sent_index": 6,
                            "type": "object"
                        }
                    },
                    {
                        "source": {
                            "start": 32,
                            "end": 49,
                            "text": "C2 communications",
                            "id": 8,
                            "label": [
                                "NETWORK"
                            ],
                            "sent_index": 0,
                            "type": "object"
                        },
                        "dest": {
                            "start": 50,
                            "end": 52,
                            "text": "C2",
                            "id": 10,
                            "verbs": [
                                "from"
                            ],
                            "label": [
                                "NETWORK"
                            ],
                            "sent_index": 7,
                            "type": "object"
                        }
                    }
                ],
                "location": 33
            }
        ],
        "36": [
            {
                "id": "relationship--4ec9a523-e27f-4984-9bde-4af785e5e75a",
                "techID": "T1132.001",
                "tech_name": "Standard Encoding",
                "value": 0.8739207739867166,
                "min_id": 36,
                "order_ids": [
                    36
                ],
                "sent_indexes": [
                    7
                ],
                "combine_ids": [
                    7010
                ],
                "phrases": [
                    {
                        "source": {
                            "start": 19,
                            "end": 31,
                            "text": "Pisloader C2",
                            "id": 5,
                            "verbs": [
                                "from"
                            ],
                            "label": [
                                "NETWORK"
                            ],
                            "sent_index": 0,
                            "type": "object"
                        },
                        "dest": {
                            "start": 50,
                            "end": 52,
                            "text": "C2",
                            "id": 10,
                            "verbs": [
                                "from"
                            ],
                            "label": [
                                "NETWORK"
                            ],
                            "sent_index": 7,
                            "type": "object"
                        }
                    }
                ],
                "location": 36
            }
        ],
        "39": [
            {
                "id": "relationship--121d2e76-5ba1-475d-9cf9-1046724abae1",
                "techID": "T1059.003",
                "tech_name": "Windows Command Shell",
                "value": 0.9999999970197677,
                "min_id": 39,
                "order_ids": [
                    39,
                    39,
                    39
                ],
                "sent_indexes": [
                    7,
                    7,
                    7
                ],
                "combine_ids": [
                    7019,
                    7019,
                    7019
                ],
                "phrases": [
                    {
                        "source": {
                            "start": 15,
                            "end": 22,
                            "text": "command",
                            "id": 4,
                            "verbs": [
                                "have",
                                "execute",
                                "run"
                            ],
                            "label": [
                                "FUNCTION"
                            ],
                            "sent_index": 0,
                            "type": "object",
                            "texts": [
                                "command",
                                "commands"
                            ]
                        },
                        "dest": {
                            "text": "command",
                            "start": 100,
                            "end": 109,
                            "id": 19,
                            "verbs": [
                                "execute"
                            ],
                            "label": [
                                "FUNCTION"
                            ],
                            "sent_index": 7,
                            "type": "object"
                        }
                    },
                    {
                        "source": {
                            "start": 30,
                            "end": 37,
                            "text": "cmd.exe",
                            "id": 7,
                            "verbs": [
                                "launch",
                                "execute",
                                "run",
                                "have",
                                "use"
                            ],
                            "label": [
                                "FUNCTION"
                            ],
                            "sent_index": 0,
                            "type": "object",
                            "texts": [
                                "command line",
                                "cmd",
                                "commands",
                                "cmd.exe",
                                "command"
                            ]
                        },
                        "dest": {
                            "text": "command",
                            "start": 100,
                            "end": 109,
                            "id": 19,
                            "verbs": [
                                "execute"
                            ],
                            "label": [
                                "FUNCTION"
                            ],
                            "sent_index": 7,
                            "type": "object"
                        }
                    },
                    {
                        "source": {
                            "start": 49,
                            "end": 57,
                            "text": "commands",
                            "id": 10,
                            "verbs": [
                                "execute",
                                "have",
                                "run"
                            ],
                            "label": [
                                "FUNCTION"
                            ],
                            "sent_index": 0,
                            "type": "object",
                            "texts": [
                                "command",
                                "commands"
                            ]
                        },
                        "dest": {
                            "text": "command",
                            "start": 100,
                            "end": 109,
                            "id": 19,
                            "verbs": [
                                "execute"
                            ],
                            "label": [
                                "FUNCTION"
                            ],
                            "sent_index": 7,
                            "type": "object"
                        }
                    }
                ],
                "location": 39
            }
        ]
    },
    "k2": {
        "0": [
            {
                "id": "relationship--a36264d2-5bb2-4268-8ce1-3de9fbdf2862",
                "techID": "T1587.001",
                "tech_name": "Malware",
                "value": 0.8490486059420836,
                "min_id": 1,
                "order_ids": [
                    1
                ],
                "sent_indexes": [
                    0
                ],
                "combine_ids": [
                    1
                ],
                "phrases": [
                    {
                        "source": {
                            "start": 20,
                            "end": 34,
                            "text": "unique malware",
                            "id": 5,
                            "verbs": [
                                "use"
                            ],
                            "label": [
                                "FUNCTION"
                            ],
                            "sent_index": 0,
                            "type": "object",
                            "texts": [
                                "unique malware",
                                "SombRAT",
                                "SUGARUSH",
                                "CostaBricks",
                                "custom malware",
                                "PS1",
                                "SUGARDUMP"
                            ]
                        },
                        "dest": {
                            "start": 0,
                            "end": 8,
                            "text": "SUGARUSH",
                            "id": 1,
                            "label": [
                                "FUNCTION"
                            ],
                            "sent_index": 0,
                            "type": "subject"
                        }
                    }
                ],
                "location": 1
            }
        ],
        "8": [
            {
                "id": "relationship--fce88056-31db-43be-be76-fb1aaf076ed1",
                "techID": "T1036.004",
                "tech_name": "Masquerade Task or Service",
                "value": 0.9237017577345924,
                "min_id": 8,
                "order_ids": [
                    8
                ],
                "sent_indexes": [
                    1
                ],
                "combine_ids": [
                    1010
                ],
                "phrases": [
                    {
                        "source": {
                            "start": 18,
                            "end": 26,
                            "text": "services",
                            "id": 4,
                            "verbs": [
                                "create"
                            ],
                            "label": [
                                "FUNCTION"
                            ],
                            "sent_index": 0,
                            "type": "object"
                        },
                        "dest": {
                            "start": 49,
                            "end": 56,
                            "text": "service",
                            "id": 10,
                            "verbs": [
                                "create"
                            ],
                            "label": [
                                "FUNCTION",
                                "OTHER"
                            ],
                            "sent_index": 1,
                            "type": "object",
                            "texts": [
                                "service",
                                "\"Service1"
                            ]
                        }
                    }
                ],
                "location": 8
            }
        ],
        "12": [
            {
                "id": "relationship--67ffaecc-e47d-47a1-93fd-82d21018ad8b",
                "techID": "T1082",
                "tech_name": "System Information Discovery",
                "value": 0.8535533842712464,
                "min_id": 12,
                "order_ids": [
                    12
                ],
                "sent_indexes": [
                    2
                ],
                "combine_ids": [
                    2022
                ],
                "phrases": [
                    {
                        "source": {
                            "start": 15,
                            "end": 33,
                            "text": "system information",
                            "id": 5,
                            "verbs": [
                                "collect"
                            ],
                            "label": [
                                "OTHER",
                                "DIRECTORY",
                                "DATA"
                            ],
                            "sent_index": 0,
                            "type": "object",
                            "texts": [
                                "system information",
                                "computer name",
                                "IsDebuggerPresent state",
                                "system manufacturer",
                                "execution path"
                            ]
                        },
                        "dest": {
                            "start": 111,
                            "end": 125,
                            "text": "execution path",
                            "id": 22,
                            "verbs": [
                                "under"
                            ],
                            "label": [
                                "DIRECTORY"
                            ],
                            "sent_index": 2,
                            "type": "object"
                        }
                    }
                ],
                "location": 12
            }
        ],
        "13": [
            {
                "id": "relationship--83d16911-5fa1-4646-9718-6af0852dcb9a",
                "techID": "T1119",
                "tech_name": "Automated Collection",
                "value": 0.8271613833808622,
                "min_id": 13,
                "order_ids": [
                    13,
                    13
                ],
                "sent_indexes": [
                    3,
                    3
                ],
                "combine_ids": [
                    3003,
                    3003
                ],
                "phrases": [
                    {
                        "source": {
                            "start": 55,
                            "end": 60,
                            "text": "files",
                            "id": 8,
                            "verbs": [
                                "collect"
                            ],
                            "label": [
                                "DATA"
                            ],
                            "sent_index": 0,
                            "type": "object"
                        },
                        "dest": {
                            "start": 6,
                            "end": 12,
                            "text": "folder",
                            "id": 3,
                            "label": [
                                "DIRECTORY",
                                "OTHER"
                            ],
                            "sent_index": 3,
                            "type": "subject",
                            "texts": [
                                "folder",
                                "\"ServiceLog"
                            ]
                        }
                    },
                    {
                        "source": {
                            "start": 79,
                            "end": 88,
                            "text": "directory",
                            "id": 12,
                            "verbs": [
                                "under"
                            ],
                            "label": [
                                "DIRECTORY"
                            ],
                            "sent_index": 0,
                            "type": "object"
                        },
                        "dest": {
                            "start": 6,
                            "end": 12,
                            "text": "folder",
                            "id": 3,
                            "label": [
                                "DIRECTORY",
                                "OTHER"
                            ],
                            "sent_index": 3,
                            "type": "subject",
                            "texts": [
                                "folder",
                                "\"ServiceLog"
                            ]
                        }
                    }
                ],
                "location": 13
            }
        ],
        "16": [
            {
                "id": "relationship--25d65c10-5fa3-40c1-9e25-936894446178",
                "techID": "T1114.001",
                "tech_name": "Local Email Collection",
                "value": 0.8735238488515193,
                "min_id": 16,
                "order_ids": [
                    16
                ],
                "sent_indexes": [
                    3
                ],
                "combine_ids": [
                    3026
                ],
                "phrases": [
                    {
                        "source": {
                            "start": 25,
                            "end": 38,
                            "text": "Outlook files",
                            "id": 6,
                            "verbs": [
                                "use"
                            ],
                            "label": [
                                "DATA",
                                "NETWORK",
                                "DIRECTORY"
                            ],
                            "sent_index": 0,
                            "type": "object",
                            "texts": [
                                "inbox",
                                "Outlook files",
                                "directories"
                            ]
                        },
                        "dest": {
                            "start": 104,
                            "end": 111,
                            "text": "message",
                            "id": 26,
                            "verbs": [
                                "with",
                                "start"
                            ],
                            "label": [
                                "NETWORK"
                            ],
                            "sent_index": 3,
                            "type": "object"
                        }
                    }
                ],
                "location": 16
            }
        ],
        "17": [
            {
                "id": "relationship--95d43b58-992e-4970-b22b-54f0da8ca4cd",
                "techID": "T1543.003",
                "tech_name": "Windows Service",
                "value": 0.9237017577345924,
                "min_id": 17,
                "order_ids": [
                    17
                ],
                "sent_indexes": [
                    3
                ],
                "combine_ids": [
                    3028
                ],
                "phrases": [
                    {
                        "source": {
                            "start": 17,
                            "end": 25,
                            "text": "services",
                            "id": 4,
                            "verbs": [
                                "use"
                            ],
                            "label": [
                                "FUNCTION"
                            ],
                            "sent_index": 0,
                            "type": "object"
                        },
                        "dest": {
                            "start": 113,
                            "end": 120,
                            "text": "Service",
                            "id": 28,
                            "verbs": [
                                "start"
                            ],
                            "label": [
                                "FUNCTION"
                            ],
                            "sent_index": 3,
                            "type": "object"
                        }
                    }
                ],
                "location": 17
            }
        ],
        "20": [
            {
                "id": "relationship--1a192f9a-d515-4d5c-9c52-e904bac96f61",
                "techID": "T1124",
                "tech_name": "System Time Discovery",
                "value": 0.8924955629540858,
                "min_id": 21,
                "order_ids": [
                    20,
                    21
                ],
                "sent_indexes": [
                    4,
                    4
                ],
                "combine_ids": [
                    4010,
                    4014
                ],
                "phrases": [
                    {
                        "source": {
                            "start": 32,
                            "end": 36,
                            "text": "time",
                            "id": 6,
                            "verbs": [
                                "collect",
                                "obtain"
                            ],
                            "label": [
                                "DATA"
                            ],
                            "sent_index": 0,
                            "type": "object",
                            "texts": [
                                "time",
                                "date"
                            ]
                        },
                        "dest": {
                            "start": 41,
                            "end": 45,
                            "text": "date",
                            "id": 10,
                            "verbs": [
                                "be"
                            ],
                            "label": [
                                "DATA"
                            ],
                            "sent_index": 4,
                            "type": "object"
                        }
                    },
                    {
                        "source": {
                            "start": 42,
                            "end": 56,
                            "text": "victim machine",
                            "id": 10,
                            "label": [
                                "COMPONENT"
                            ],
                            "sent_index": 0,
                            "type": "object",
                            "texts": [
                                "victim machine"
                            ],
                            "verbs": []
                        },
                        "dest": {
                            "start": 53,
                            "end": 69,
                            "text": "infected machine",
                            "id": 14,
                            "label": [
                                "COMPONENT"
                            ],
                            "sent_index": 4,
                            "type": "object"
                        }
                    }
                ],
                "location": 20
            }
        ],
        "21": [
            {
                "id": "relationship--147cd553-fd25-46ea-83ed-594cdb82c440",
                "techID": "T1033",
                "tech_name": "System Owner/User Discovery",
                "value": 0.8756683658853521,
                "min_id": 21,
                "order_ids": [
                    18,
                    21
                ],
                "sent_indexes": [
                    4,
                    4
                ],
                "combine_ids": [
                    4002,
                    4014
                ],
                "phrases": [
                    {
                        "source": {
                            "start": 23,
                            "end": 36,
                            "text": "user accounts",
                            "id": 6,
                            "verbs": [
                                "retrieve",
                                "collect"
                            ],
                            "label": [
                                "DATA"
                            ],
                            "sent_index": 0,
                            "type": "object",
                            "texts": [
                                "username",
                                "UID",
                                "usernames",
                                "user accounts"
                            ]
                        },
                        "dest": {
                            "start": 4,
                            "end": 8,
                            "text": "name",
                            "id": 2,
                            "label": [
                                "DATA"
                            ],
                            "sent_index": 4,
                            "type": "subject"
                        }
                    },
                    {
                        "source": {
                            "start": 59,
                            "end": 75,
                            "text": "infected machine",
                            "id": 12,
                            "verbs": [
                                "from"
                            ],
                            "label": [
                                "COMPONENT"
                            ],
                            "sent_index": 0,
                            "type": "object",
                            "texts": [
                                "infected machine"
                            ]
                        },
                        "dest": {
                            "start": 53,
                            "end": 69,
                            "text": "infected machine",
                            "id": 14,
                            "label": [
                                "COMPONENT"
                            ],
                            "sent_index": 4,
                            "type": "object"
                        }
                    }
                ],
                "location": 21
            }
        ],
        "24": [
            {
                "id": "relationship--2161578b-44ef-4c44-90ad-2ee8920a3db8",
                "techID": "T1105",
                "tech_name": "Ingress Tool Transfer",
                "value": 0.8546203555675191,
                "min_id": 24,
                "order_ids": [
                    19,
                    24
                ],
                "sent_indexes": [
                    4,
                    5
                ],
                "combine_ids": [
                    4006,
                    5010
                ],
                "phrases": [
                    {
                        "source": {
                            "start": 34,
                            "end": 39,
                            "text": "files",
                            "id": 5,
                            "verbs": [
                                "download"
                            ],
                            "label": [
                                "DATA"
                            ],
                            "sent_index": 0,
                            "type": "object"
                        },
                        "dest": {
                            "start": 16,
                            "end": 25,
                            "text": "log files",
                            "id": 6,
                            "label": [
                                "DATA"
                            ],
                            "sent_index": 4,
                            "type": "object"
                        }
                    },
                    {
                        "source": {
                            "start": 49,
                            "end": 53,
                            "text": "host",
                            "id": 8,
                            "verbs": [
                                "onto"
                            ],
                            "label": [
                                "COMPONENT"
                            ],
                            "sent_index": 0,
                            "type": "object"
                        },
                        "dest": {
                            "start": 58,
                            "end": 62,
                            "text": "host",
                            "id": 10,
                            "label": [
                                "COMPONENT"
                            ],
                            "sent_index": 5,
                            "type": "object"
                        }
                    }
                ],
                "location": 24
            }
        ],
        "31": [
            {
                "id": "relationship--35c568aa-29af-4879-bdee-4f6a1f54ff22",
                "techID": "T1016.001",
                "tech_name": "Internet Connection Discovery",
                "value": 0.9383824994713864,
                "min_id": 31,
                "order_ids": [
                    23,
                    24,
                    31
                ],
                "sent_indexes": [
                    5,
                    5,
                    6
                ],
                "combine_ids": [
                    5007,
                    5010,
                    6016
                ],
                "phrases": [
                    {
                        "source": {
                            "start": 25,
                            "end": 46,
                            "text": "internet connectivity",
                            "id": 6,
                            "verbs": [
                                "check"
                            ],
                            "label": [
                                "NETWORK"
                            ],
                            "sent_index": 0,
                            "type": "object"
                        },
                        "dest": {
                            "start": 29,
                            "end": 50,
                            "text": "internet connectivity",
                            "id": 7,
                            "verbs": [
                                "check"
                            ],
                            "label": [
                                "NETWORK"
                            ],
                            "sent_index": 5,
                            "type": "object"
                        }
                    },
                    {
                        "source": {
                            "start": 55,
                            "end": 68,
                            "text": "infected host",
                            "id": 10,
                            "verbs": [
                                "from"
                            ],
                            "label": [
                                "COMPONENT"
                            ],
                            "sent_index": 0,
                            "type": "object"
                        },
                        "dest": {
                            "start": 58,
                            "end": 62,
                            "text": "host",
                            "id": 10,
                            "label": [
                                "COMPONENT"
                            ],
                            "sent_index": 5,
                            "type": "object"
                        }
                    },
                    {
                        "source": {
                            "start": 106,
                            "end": 120,
                            "text": "TCP connection",
                            "id": 18,
                            "verbs": [
                                "establish"
                            ],
                            "label": [
                                "NETWORK"
                            ],
                            "sent_index": 0,
                            "type": "object"
                        },
                        "dest": {
                            "start": 84,
                            "end": 98,
                            "text": "TCP connection",
                            "id": 16,
                            "verbs": [
                                "establish"
                            ],
                            "label": [
                                "NETWORK"
                            ],
                            "sent_index": 6,
                            "type": "object"
                        }
                    }
                ],
                "location": 31
            }
        ],
        "33": [
            {
                "id": "relationship--db0f9f05-6f76-47c3-81bf-a59d85045188",
                "techID": "T1571",
                "tech_name": "Non-Standard Port",
                "value": 0.8805975423835829,
                "min_id": 36,
                "order_ids": [
                    33,
                    36
                ],
                "sent_indexes": [
                    6,
                    7
                ],
                "combine_ids": [
                    6023,
                    7010
                ],
                "phrases": [
                    {
                        "source": {
                            "start": 18,
                            "end": 22,
                            "text": "port",
                            "id": 4,
                            "verbs": [
                                "use"
                            ],
                            "label": [
                                "NETWORK"
                            ],
                            "sent_index": 0,
                            "type": "object"
                        },
                        "dest": {
                            "start": 128,
                            "end": 132,
                            "text": "port",
                            "id": 23,
                            "verbs": [
                                "use",
                                "by"
                            ],
                            "label": [
                                "NETWORK"
                            ],
                            "sent_index": 6,
                            "type": "object"
                        }
                    },
                    {
                        "source": {
                            "start": 32,
                            "end": 49,
                            "text": "C2 communications",
                            "id": 8,
                            "label": [
                                "NETWORK"
                            ],
                            "sent_index": 0,
                            "type": "object"
                        },
                        "dest": {
                            "start": 50,
                            "end": 52,
                            "text": "C2",
                            "id": 10,
                            "verbs": [
                                "from"
                            ],
                            "label": [
                                "NETWORK"
                            ],
                            "sent_index": 7,
                            "type": "object"
                        }
                    }
                ],
                "location": 33
            }
        ],
        "36": [
            {
                "id": "relationship--4ec9a523-e27f-4984-9bde-4af785e5e75a",
                "techID": "T1132.001",
                "tech_name": "Standard Encoding",
                "value": 0.8739207739867166,
                "min_id": 36,
                "order_ids": [
                    36
                ],
                "sent_indexes": [
                    7
                ],
                "combine_ids": [
                    7010
                ],
                "phrases": [
                    {
                        "source": {
                            "start": 19,
                            "end": 31,
                            "text": "Pisloader C2",
                            "id": 5,
                            "verbs": [
                                "from"
                            ],
                            "label": [
                                "NETWORK"
                            ],
                            "sent_index": 0,
                            "type": "object"
                        },
                        "dest": {
                            "start": 50,
                            "end": 52,
                            "text": "C2",
                            "id": 10,
                            "verbs": [
                                "from"
                            ],
                            "label": [
                                "NETWORK"
                            ],
                            "sent_index": 7,
                            "type": "object"
                        }
                    }
                ],
                "location": 36
            }
        ],
        "39": [
            {
                "id": "relationship--121d2e76-5ba1-475d-9cf9-1046724abae1",
                "techID": "T1059.003",
                "tech_name": "Windows Command Shell",
                "value": 0.9999999970197677,
                "min_id": 39,
                "order_ids": [
                    39,
                    39,
                    39
                ],
                "sent_indexes": [
                    7,
                    7,
                    7
                ],
                "combine_ids": [
                    7019,
                    7019,
                    7019
                ],
                "phrases": [
                    {
                        "source": {
                            "start": 15,
                            "end": 22,
                            "text": "command",
                            "id": 4,
                            "verbs": [
                                "have",
                                "execute",
                                "run"
                            ],
                            "label": [
                                "FUNCTION"
                            ],
                            "sent_index": 0,
                            "type": "object",
                            "texts": [
                                "command",
                                "commands"
                            ]
                        },
                        "dest": {
                            "text": "command",
                            "start": 100,
                            "end": 109,
                            "id": 19,
                            "verbs": [
                                "execute"
                            ],
                            "label": [
                                "FUNCTION"
                            ],
                            "sent_index": 7,
                            "type": "object"
                        }
                    },
                    {
                        "source": {
                            "start": 30,
                            "end": 37,
                            "text": "cmd.exe",
                            "id": 7,
                            "verbs": [
                                "launch",
                                "execute",
                                "run",
                                "have",
                                "use"
                            ],
                            "label": [
                                "FUNCTION"
                            ],
                            "sent_index": 0,
                            "type": "object",
                            "texts": [
                                "command line",
                                "cmd",
                                "commands",
                                "cmd.exe",
                                "command"
                            ]
                        },
                        "dest": {
                            "text": "command",
                            "start": 100,
                            "end": 109,
                            "id": 19,
                            "verbs": [
                                "execute"
                            ],
                            "label": [
                                "FUNCTION"
                            ],
                            "sent_index": 7,
                            "type": "object"
                        }
                    },
                    {
                        "source": {
                            "start": 49,
                            "end": 57,
                            "text": "commands",
                            "id": 10,
                            "verbs": [
                                "execute",
                                "have",
                                "run"
                            ],
                            "label": [
                                "FUNCTION"
                            ],
                            "sent_index": 0,
                            "type": "object",
                            "texts": [
                                "command",
                                "commands"
                            ]
                        },
                        "dest": {
                            "text": "command",
                            "start": 100,
                            "end": 109,
                            "id": 19,
                            "verbs": [
                                "execute"
                            ],
                            "label": [
                                "FUNCTION"
                            ],
                            "sent_index": 7,
                            "type": "object"
                        }
                    }
                ],
                "location": 39
            }
        ]
    },
    "full_path": [
        "T1587.001",
        "T1036.004",
        "T1082",
        "T1119",
        "T1114.001",
        "T1543.003",
        "T1124",
        "T1033",
        "T1105",
        "T1016.001",
        "T1571",
        "T1132.001",
        "T1059.003"
    ],
    "top_k_path": {
        "0": [
            "T1587.001"
        ],
        "8": [
            "T1036.004"
        ],
        "12": [
            "T1082"
        ],
        "13": [
            "T1119"
        ],
        "16": [
            "T1114.001"
        ],
        "17": [
            "T1543.003"
        ],
        "20": [
            "T1124"
        ],
        "21": [
            "T1033"
        ],
        "24": [
            "T1105"
        ],
        "31": [
            "T1016.001"
        ],
        "33": [
            "T1571"
        ],
        "36": [
            "T1132.001"
        ],
        "39": [
            "T1059.003"
        ]
    }
}