{
    "best": {
        "0": [
            {
                "id": "relationship--a36264d2-5bb2-4268-8ce1-3de9fbdf2862",
                "techID": "T1587.001",
                "tech_name": "Malware",
                "value": 0.8989883382303713,
                "min_id": 7,
                "order_ids": [
                    7
                ],
                "sent_indexes": [
                    0
                ],
                "combine_ids": [
                    23
                ],
                "phrases": [
                    {
                        "source": {
                            "start": 20,
                            "end": 34,
                            "text": "unique malware",
                            "id": 5,
                            "verbs": [
                                "use"
                            ],
                            "label": [
                                "FUNCTION"
                            ],
                            "sent_index": 0,
                            "type": "object",
                            "texts": [
                                "unique malware",
                                "SombRAT",
                                "SUGARUSH",
                                "CostaBricks",
                                "custom malware",
                                "PS1",
                                "SUGARDUMP"
                            ]
                        },
                        "dest": {
                            "start": 142,
                            "end": 165,
                            "text": "custom malware families",
                            "id": 23,
                            "verbs": [
                                "use"
                            ],
                            "label": [
                                "DATA"
                            ],
                            "sent_index": 0,
                            "type": "object"
                        }
                    }
                ],
                "location": 7
            }
        ],
        "4": [
            {
                "id": "relationship--c837d369-bb16-464b-9cae-8eca38124c4e",
                "techID": "T1203",
                "tech_name": "Exploitation for Client Execution",
                "value": 0.8351745075365227,
                "min_id": 4,
                "order_ids": [
                    2,
                    4,
                    4
                ],
                "sent_indexes": [
                    0,
                    0,
                    0
                ],
                "combine_ids": [
                    6,
                    12,
                    12
                ],
                "phrases": [
                    {
                        "source": {
                            "start": 28,
                            "end": 53,
                            "text": "Adobe Flash vulnerability",
                            "id": 7,
                            "verbs": [
                                "exploit"
                            ],
                            "label": [
                                "VULNERABILITY"
                            ],
                            "sent_index": 0,
                            "type": "object",
                            "texts": [
                                "Microsoft Windows Help vulnerability",
                                "CVE-2011-1255",
                                "CVE-2012-1889",
                                "Internet Explorer vulnerabilities",
                                "CVE-2014-0322",
                                "Adobe Flash vulnerability"
                            ]
                        },
                        "dest": {
                            "start": 41,
                            "end": 55,
                            "text": "CVE-2023-46805",
                            "id": 6,
                            "label": [
                                "VULNERABILITY"
                            ],
                            "sent_index": 0,
                            "type": "object"
                        }
                    },
                    {
                        "source": {
                            "start": 54,
                            "end": 67,
                            "text": "CVE-2011-0611",
                            "id": 8,
                            "verbs": [
                                "exploit"
                            ],
                            "label": [
                                "VULNERABILITY"
                            ],
                            "sent_index": 0,
                            "type": "object"
                        },
                        "dest": {
                            "start": 84,
                            "end": 98,
                            "text": "CVE-2024-21887",
                            "id": 12,
                            "label": [
                                "VULNERABILITY"
                            ],
                            "sent_index": 0,
                            "type": "object"
                        }
                    },
                    {
                        "source": {
                            "start": 106,
                            "end": 119,
                            "text": "CVE-2010-1885",
                            "id": 14,
                            "verbs": [
                                "exploit"
                            ],
                            "label": [
                                "VULNERABILITY"
                            ],
                            "sent_index": 0,
                            "type": "object"
                        },
                        "dest": {
                            "start": 84,
                            "end": 98,
                            "text": "CVE-2024-21887",
                            "id": 12,
                            "label": [
                                "VULNERABILITY"
                            ],
                            "sent_index": 0,
                            "type": "object"
                        }
                    }
                ],
                "location": 4
            }
        ],
        "10": [
            {
                "id": "relationship--f1a70ff1-a4e7-437e-96fd-8017feea0b5a",
                "techID": "T1027.001",
                "tech_name": "Binary Padding",
                "value": 0.8790737046542303,
                "min_id": 10,
                "order_ids": [
                    10
                ],
                "sent_indexes": [
                    0
                ],
                "combine_ids": [
                    35
                ],
                "phrases": [
                    {
                        "source": {
                            "start": 29,
                            "end": 38,
                            "text": "junk code",
                            "id": 7,
                            "verbs": [
                                "with"
                            ],
                            "label": [
                                "FUNCTION"
                            ],
                            "sent_index": 0,
                            "type": "object"
                        },
                        "dest": {
                            "start": 238,
                            "end": 242,
                            "text": "code",
                            "id": 35,
                            "verbs": [
                                "with"
                            ],
                            "label": [
                                "FUNCTION"
                            ],
                            "sent_index": 0,
                            "type": "object"
                        }
                    }
                ],
                "location": 10
            }
        ],
        "17": [
            {
                "id": "relationship--9b174c9b-eab5-4715-aa31-915689054baa",
                "techID": "T1059",
                "tech_name": "Command and Scripting Interpreter",
                "value": 0.9739942392759438,
                "min_id": 17,
                "order_ids": [
                    17
                ],
                "sent_indexes": [
                    2
                ],
                "combine_ids": [
                    2015
                ],
                "phrases": [
                    {
                        "source": {
                            "start": 13,
                            "end": 25,
                            "text": "Perl scripts",
                            "id": 4,
                            "verbs": [
                                "use"
                            ],
                            "label": [
                                "FUNCTION"
                            ],
                            "sent_index": 0,
                            "type": "object"
                        },
                        "dest": {
                            "start": 70,
                            "end": 81,
                            "text": "Perl script",
                            "id": 15,
                            "verbs": [
                                "use"
                            ],
                            "label": [
                                "FUNCTION"
                            ],
                            "sent_index": 2,
                            "type": "object"
                        }
                    }
                ],
                "location": 17
            }
        ],
        "24": [
            {
                "id": "relationship--7415b249-520c-4ec9-aa03-b12b5b22f6be",
                "techID": "T1059.003",
                "tech_name": "Windows Command Shell",
                "value": 0.8928888361717755,
                "min_id": 24,
                "order_ids": [
                    24
                ],
                "sent_indexes": [
                    2
                ],
                "combine_ids": [
                    2042
                ],
                "phrases": [
                    {
                        "source": {
                            "start": 24,
                            "end": 37,
                            "text": "reverse shell",
                            "id": 6,
                            "verbs": [
                                "create"
                            ],
                            "label": [
                                "FUNCTION"
                            ],
                            "sent_index": 0,
                            "type": "object",
                            "texts": [
                                "reverse shell"
                            ]
                        },
                        "dest": {
                            "start": 220,
                            "end": 229,
                            "text": "web shell",
                            "id": 42,
                            "verbs": [
                                "write"
                            ],
                            "label": [
                                "FUNCTION"
                            ],
                            "sent_index": 2,
                            "type": "object"
                        }
                    }
                ],
                "location": 24
            }
        ],
        "29": [
            {
                "id": "relationship--9cf8e459-479b-423f-a54f-42ed6b37aaf2",
                "techID": "T1105",
                "tech_name": "Ingress Tool Transfer",
                "value": 0.8898271884687574,
                "min_id": 29,
                "order_ids": [
                    29,
                    10
                ],
                "sent_indexes": [
                    3,
                    0
                ],
                "combine_ids": [
                    3010,
                    35
                ],
                "phrases": [
                    {
                        "source": {
                            "start": 20,
                            "end": 25,
                            "text": "tools",
                            "id": 5,
                            "verbs": [
                                "use"
                            ],
                            "label": [
                                "FUNCTION"
                            ],
                            "sent_index": 0,
                            "type": "object"
                        },
                        "dest": {
                            "start": 49,
                            "end": 57,
                            "text": "key tool",
                            "id": 10,
                            "verbs": [
                                "as"
                            ],
                            "label": [
                                "FUNCTION"
                            ],
                            "sent_index": 3,
                            "type": "object"
                        }
                    },
                    {
                        "source": {
                            "start": 48,
                            "end": 52,
                            "text": "code",
                            "id": 9,
                            "verbs": [
                                "download"
                            ],
                            "label": [
                                "FUNCTION"
                            ],
                            "sent_index": 0,
                            "type": "object"
                        },
                        "dest": {
                            "start": 238,
                            "end": 242,
                            "text": "code",
                            "id": 35,
                            "verbs": [
                                "with"
                            ],
                            "label": [
                                "FUNCTION"
                            ],
                            "sent_index": 0,
                            "type": "object"
                        }
                    }
                ],
                "location": 29
            }
        ],
        "34": [
            {
                "id": "relationship--6468546f-721e-4df8-90a3-67b39a7b2834",
                "techID": "T1505.003",
                "tech_name": "Web Shell",
                "value": 0.8725043278506415,
                "min_id": 34,
                "order_ids": [
                    34
                ],
                "sent_indexes": [
                    3
                ],
                "combine_ids": [
                    3029
                ],
                "phrases": [
                    {
                        "source": {
                            "start": 27,
                            "end": 37,
                            "text": "Web shells",
                            "id": 6,
                            "verbs": [
                                "use"
                            ],
                            "label": [
                                "FUNCTION"
                            ],
                            "sent_index": 0,
                            "type": "object"
                        },
                        "dest": {
                            "start": 151,
                            "end": 170,
                            "text": "LIGHTWIRE web shell",
                            "id": 29,
                            "label": [
                                "FUNCTION"
                            ],
                            "sent_index": 3,
                            "type": "object",
                            "verbs": [
                                "use"
                            ]
                        }
                    }
                ],
                "location": 34
            }
        ],
        "46": [
            {
                "techID": "T1059.007",
                "techName": "JavaScript",
                "value": 1.0,
                "min_id": 46,
                "location": 46,
                "order_ids": [
                    46
                ],
                "sent_indexes": [
                    6
                ]
            }
        ],
        "48": [
            {
                "id": "relationship--a5848605-3931-4dc8-a3e4-299683258c0f",
                "techID": "T1070.009",
                "tech_name": "Clear Persistence",
                "value": 0.8490486059420836,
                "min_id": 48,
                "order_ids": [
                    48
                ],
                "sent_indexes": [
                    6
                ],
                "combine_ids": [
                    6014
                ],
                "phrases": [
                    {
                        "source": {
                            "start": 19,
                            "end": 27,
                            "text": "accounts",
                            "id": 4,
                            "verbs": [
                                "delete"
                            ],
                            "label": [
                                "DATA"
                            ],
                            "sent_index": 0,
                            "type": "object"
                        },
                        "dest": {
                            "start": 91,
                            "end": 99,
                            "text": "accounts",
                            "id": 14,
                            "verbs": [
                                "to"
                            ],
                            "label": [
                                "DATA"
                            ],
                            "sent_index": 6,
                            "type": "object"
                        }
                    }
                ],
                "location": 48
            }
        ]
    },
    "k2": {
        "0": [
            {
                "id": "relationship--a36264d2-5bb2-4268-8ce1-3de9fbdf2862",
                "techID": "T1587.001",
                "tech_name": "Malware",
                "value": 0.8989883382303713,
                "min_id": 7,
                "order_ids": [
                    7
                ],
                "sent_indexes": [
                    0
                ],
                "combine_ids": [
                    23
                ],
                "phrases": [
                    {
                        "source": {
                            "start": 20,
                            "end": 34,
                            "text": "unique malware",
                            "id": 5,
                            "verbs": [
                                "use"
                            ],
                            "label": [
                                "FUNCTION"
                            ],
                            "sent_index": 0,
                            "type": "object",
                            "texts": [
                                "unique malware",
                                "SombRAT",
                                "SUGARUSH",
                                "CostaBricks",
                                "custom malware",
                                "PS1",
                                "SUGARDUMP"
                            ]
                        },
                        "dest": {
                            "start": 142,
                            "end": 165,
                            "text": "custom malware families",
                            "id": 23,
                            "verbs": [
                                "use"
                            ],
                            "label": [
                                "DATA"
                            ],
                            "sent_index": 0,
                            "type": "object"
                        }
                    }
                ],
                "location": 7
            }
        ],
        "4": [
            {
                "id": "relationship--c837d369-bb16-464b-9cae-8eca38124c4e",
                "techID": "T1203",
                "tech_name": "Exploitation for Client Execution",
                "value": 0.8351745075365227,
                "min_id": 4,
                "order_ids": [
                    2,
                    4,
                    4
                ],
                "sent_indexes": [
                    0,
                    0,
                    0
                ],
                "combine_ids": [
                    6,
                    12,
                    12
                ],
                "phrases": [
                    {
                        "source": {
                            "start": 28,
                            "end": 53,
                            "text": "Adobe Flash vulnerability",
                            "id": 7,
                            "verbs": [
                                "exploit"
                            ],
                            "label": [
                                "VULNERABILITY"
                            ],
                            "sent_index": 0,
                            "type": "object",
                            "texts": [
                                "Microsoft Windows Help vulnerability",
                                "CVE-2011-1255",
                                "CVE-2012-1889",
                                "Internet Explorer vulnerabilities",
                                "CVE-2014-0322",
                                "Adobe Flash vulnerability"
                            ]
                        },
                        "dest": {
                            "start": 41,
                            "end": 55,
                            "text": "CVE-2023-46805",
                            "id": 6,
                            "label": [
                                "VULNERABILITY"
                            ],
                            "sent_index": 0,
                            "type": "object"
                        }
                    },
                    {
                        "source": {
                            "start": 54,
                            "end": 67,
                            "text": "CVE-2011-0611",
                            "id": 8,
                            "verbs": [
                                "exploit"
                            ],
                            "label": [
                                "VULNERABILITY"
                            ],
                            "sent_index": 0,
                            "type": "object"
                        },
                        "dest": {
                            "start": 84,
                            "end": 98,
                            "text": "CVE-2024-21887",
                            "id": 12,
                            "label": [
                                "VULNERABILITY"
                            ],
                            "sent_index": 0,
                            "type": "object"
                        }
                    },
                    {
                        "source": {
                            "start": 106,
                            "end": 119,
                            "text": "CVE-2010-1885",
                            "id": 14,
                            "verbs": [
                                "exploit"
                            ],
                            "label": [
                                "VULNERABILITY"
                            ],
                            "sent_index": 0,
                            "type": "object"
                        },
                        "dest": {
                            "start": 84,
                            "end": 98,
                            "text": "CVE-2024-21887",
                            "id": 12,
                            "label": [
                                "VULNERABILITY"
                            ],
                            "sent_index": 0,
                            "type": "object"
                        }
                    }
                ],
                "location": 4
            }
        ],
        "10": [
            {
                "id": "relationship--f1a70ff1-a4e7-437e-96fd-8017feea0b5a",
                "techID": "T1027.001",
                "tech_name": "Binary Padding",
                "value": 0.8790737046542303,
                "min_id": 10,
                "order_ids": [
                    10
                ],
                "sent_indexes": [
                    0
                ],
                "combine_ids": [
                    35
                ],
                "phrases": [
                    {
                        "source": {
                            "start": 29,
                            "end": 38,
                            "text": "junk code",
                            "id": 7,
                            "verbs": [
                                "with"
                            ],
                            "label": [
                                "FUNCTION"
                            ],
                            "sent_index": 0,
                            "type": "object"
                        },
                        "dest": {
                            "start": 238,
                            "end": 242,
                            "text": "code",
                            "id": 35,
                            "verbs": [
                                "with"
                            ],
                            "label": [
                                "FUNCTION"
                            ],
                            "sent_index": 0,
                            "type": "object"
                        }
                    }
                ],
                "location": 10
            }
        ],
        "17": [
            {
                "id": "relationship--9b174c9b-eab5-4715-aa31-915689054baa",
                "techID": "T1059",
                "tech_name": "Command and Scripting Interpreter",
                "value": 0.9739942392759438,
                "min_id": 17,
                "order_ids": [
                    17
                ],
                "sent_indexes": [
                    2
                ],
                "combine_ids": [
                    2015
                ],
                "phrases": [
                    {
                        "source": {
                            "start": 13,
                            "end": 25,
                            "text": "Perl scripts",
                            "id": 4,
                            "verbs": [
                                "use"
                            ],
                            "label": [
                                "FUNCTION"
                            ],
                            "sent_index": 0,
                            "type": "object"
                        },
                        "dest": {
                            "start": 70,
                            "end": 81,
                            "text": "Perl script",
                            "id": 15,
                            "verbs": [
                                "use"
                            ],
                            "label": [
                                "FUNCTION"
                            ],
                            "sent_index": 2,
                            "type": "object"
                        }
                    }
                ],
                "location": 17
            }
        ],
        "24": [
            {
                "id": "relationship--7415b249-520c-4ec9-aa03-b12b5b22f6be",
                "techID": "T1059.003",
                "tech_name": "Windows Command Shell",
                "value": 0.8928888361717755,
                "min_id": 24,
                "order_ids": [
                    24
                ],
                "sent_indexes": [
                    2
                ],
                "combine_ids": [
                    2042
                ],
                "phrases": [
                    {
                        "source": {
                            "start": 24,
                            "end": 37,
                            "text": "reverse shell",
                            "id": 6,
                            "verbs": [
                                "create"
                            ],
                            "label": [
                                "FUNCTION"
                            ],
                            "sent_index": 0,
                            "type": "object",
                            "texts": [
                                "reverse shell"
                            ]
                        },
                        "dest": {
                            "start": 220,
                            "end": 229,
                            "text": "web shell",
                            "id": 42,
                            "verbs": [
                                "write"
                            ],
                            "label": [
                                "FUNCTION"
                            ],
                            "sent_index": 2,
                            "type": "object"
                        }
                    }
                ],
                "location": 24
            }
        ],
        "29": [
            {
                "id": "relationship--9cf8e459-479b-423f-a54f-42ed6b37aaf2",
                "techID": "T1105",
                "tech_name": "Ingress Tool Transfer",
                "value": 0.8898271884687574,
                "min_id": 29,
                "order_ids": [
                    29,
                    10
                ],
                "sent_indexes": [
                    3,
                    0
                ],
                "combine_ids": [
                    3010,
                    35
                ],
                "phrases": [
                    {
                        "source": {
                            "start": 20,
                            "end": 25,
                            "text": "tools",
                            "id": 5,
                            "verbs": [
                                "use"
                            ],
                            "label": [
                                "FUNCTION"
                            ],
                            "sent_index": 0,
                            "type": "object"
                        },
                        "dest": {
                            "start": 49,
                            "end": 57,
                            "text": "key tool",
                            "id": 10,
                            "verbs": [
                                "as"
                            ],
                            "label": [
                                "FUNCTION"
                            ],
                            "sent_index": 3,
                            "type": "object"
                        }
                    },
                    {
                        "source": {
                            "start": 48,
                            "end": 52,
                            "text": "code",
                            "id": 9,
                            "verbs": [
                                "download"
                            ],
                            "label": [
                                "FUNCTION"
                            ],
                            "sent_index": 0,
                            "type": "object"
                        },
                        "dest": {
                            "start": 238,
                            "end": 242,
                            "text": "code",
                            "id": 35,
                            "verbs": [
                                "with"
                            ],
                            "label": [
                                "FUNCTION"
                            ],
                            "sent_index": 0,
                            "type": "object"
                        }
                    }
                ],
                "location": 29
            }
        ],
        "34": [
            {
                "id": "relationship--6468546f-721e-4df8-90a3-67b39a7b2834",
                "techID": "T1505.003",
                "tech_name": "Web Shell",
                "value": 0.8725043278506415,
                "min_id": 34,
                "order_ids": [
                    34
                ],
                "sent_indexes": [
                    3
                ],
                "combine_ids": [
                    3029
                ],
                "phrases": [
                    {
                        "source": {
                            "start": 27,
                            "end": 37,
                            "text": "Web shells",
                            "id": 6,
                            "verbs": [
                                "use"
                            ],
                            "label": [
                                "FUNCTION"
                            ],
                            "sent_index": 0,
                            "type": "object"
                        },
                        "dest": {
                            "start": 151,
                            "end": 170,
                            "text": "LIGHTWIRE web shell",
                            "id": 29,
                            "label": [
                                "FUNCTION"
                            ],
                            "sent_index": 3,
                            "type": "object",
                            "verbs": [
                                "use"
                            ]
                        }
                    }
                ],
                "location": 34
            }
        ],
        "46": [
            {
                "techID": "T1059.007",
                "techName": "JavaScript",
                "value": 1.0,
                "min_id": 46,
                "location": 46,
                "order_ids": [
                    46
                ],
                "sent_indexes": [
                    6
                ]
            }
        ],
        "48": [
            {
                "id": "relationship--a5848605-3931-4dc8-a3e4-299683258c0f",
                "techID": "T1070.009",
                "tech_name": "Clear Persistence",
                "value": 0.8490486059420836,
                "min_id": 48,
                "order_ids": [
                    48
                ],
                "sent_indexes": [
                    6
                ],
                "combine_ids": [
                    6014
                ],
                "phrases": [
                    {
                        "source": {
                            "start": 19,
                            "end": 27,
                            "text": "accounts",
                            "id": 4,
                            "verbs": [
                                "delete"
                            ],
                            "label": [
                                "DATA"
                            ],
                            "sent_index": 0,
                            "type": "object"
                        },
                        "dest": {
                            "start": 91,
                            "end": 99,
                            "text": "accounts",
                            "id": 14,
                            "verbs": [
                                "to"
                            ],
                            "label": [
                                "DATA"
                            ],
                            "sent_index": 6,
                            "type": "object"
                        }
                    }
                ],
                "location": 48
            }
        ]
    },
    "full_path": [
        "T1587.001",
        "T1203",
        "T1027.001",
        "T1059",
        "T1059.003",
        "T1105",
        "T1505.003",
        "T1059.007",
        "T1070.009"
    ],
    "top_k_path": {
        "0": [
            "T1587.001"
        ],
        "4": [
            "T1203"
        ],
        "10": [
            "T1027.001"
        ],
        "17": [
            "T1059"
        ],
        "24": [
            "T1059.003"
        ],
        "29": [
            "T1105"
        ],
        "34": [
            "T1505.003"
        ],
        "46": [
            "T1059.007"
        ],
        "48": [
            "T1070.009"
        ]
    }
}