{
    "Windows Mangement Instrumentation": "WMI",
    "Windows Management Instrumentation": "WMI",
    "Lightweight Directory Access Protocol": "LDAP",
    "Master Boot Record": "MBR",
    "Master File Table": "MFT",
    "Master Book Record": "MBR",
    "Outlook Web Access": "OWA",
    "Windows Update Standalone Installer": "wusa.exe",
    "User Access Control": "UAC",
    "Volume Boot Record": "VBR",
    "Fast Reverse Proxy": "FRP",
    "Dynamic Data Exchange": "DDE",
    "Linear Feedback Shift Register": "LFSR",
    "Linear Feedback Shift algorithm": "LFSR",
    "Virtual Machine": "VM",
    "Putty Secure Copy Client": "PSCP",
    "Dynamic Link Library": "DLL",
    "GNU Compiler Collection": "GCC",
    "Application Programming Interface": "API",
    "Personal Identifiable Information": "PII",
    "Rotate on Left": "RoL",
    "Rotate on Right": "RoR",
    "Data Protection API": "DPAPI",
    "Microsoft Internet Information Services": "IIS",
    "Citrix Application Delivery Controllers": "ADC",
    "Group Managed Service Account": "gMSA",
    "Security Support Providers": "SSPs",
    "Image File Execution Options": "IFEO",
    "Remote Desktop Protocol": "RDP",
    "Internet Information Services": "IIS",
    "Windows Credentials Editor": "WCE",
    "Wide Area Network": "WAN",
    "Domain Name Server": "DNS",
    "Event Tracing for Windows": "ETW",
    "Anti Malware Scan Interface": "AMSI",
    "Kerberos Ticket Granting Ticket": "TGT",
    "ticket-granting tickets": "TGT",
    "Small Office/Home Office": "SOHO",
    "Common Language Runtime": "CLR",
    "Common Language Runtimes": "CLRs",
    "Poseidon Information Gathering Tool": "IGT",
    "Managed Service Providers": "MSP",
    "Antimalware Scan Interface": "AMSI",
    "Windows Lockdown Policy": "WLDP",
    "Import Address Table": "IAT",
    "Dont-Kill-My-Cat": "DKMC",
    "Internet Information Systems": "IIS",
    "WebSocket Protocol": "WSS",
    "KERN Communications Protocol": "KCP",
    "Tiny Encryption Algorithm": "TEA",
    "Portable Executable": "PE",
    "Transport Layer Security": "TLS",
    "Content Delivery Network": "CDN",
    "Linux Kernel Module": "LKM",
    "Virtual Studio Technology": "VST",
    "Internet Explorer": "IE",
    "Visual Basic": "VB6",
    "Visual Basic Scripts": "VBS",
    "NetBIOS Name Service": "NBNC",
    "Anti-Virus": "AV",
    "Directory Replication Services API": "DRSUAPI",
    "Non-sucking Service Manager": "NSSM",
    "Service Principal Names": "SPNs",
    "return-oriented programming": "ROP",
    "living off the land": "LOTL",
    "living off the land binaries": "LOLBins",
    "living off the land binaries and scripts": "LOLBAS",
    "dead drop resolvers": "DDR"

}