{
    "particular": 1,
    "specific":1,
    "overall":1,
    "and":1,
    "not":1,
    "only":1,
    "but":1,
    "also":1,
    "another":1,
    "little":1,
    "less":1,
    "neither":1,
    "nor":1,
    "few":1,
    "or":1,
    "either":1,
    "very":1,
    "certain":1,
    "last":1,
    "next":1,
    "first":1,
    "seemingly":1,
    "predefined":1,
    "all":1,
    "some":1,
    "currently":1,
    "additional":1,
    "multiple":1,
    "highly":1,
    "more":1,
    "most":1,
    "specified":1,
    "existing":1,
    "current":1,
    "same":1,
    "available":1,
    "total":1,
    "other":1,
    "new":1,
    "itself":1,
    "a":1,
    "an":1,
    "the":1, 
    "large":1,
    "obtained":1,
    "several":1,
    "different":1,
    "each":1,
    "every":1,
    "any":1, 
    "many":1, 
    "various":1, 
    "own":1, 
    "our":1, 
    "their":1,
    "him":1,
    "she":1,
    "his":1,
    "her":1, 
    "its":1,
    "my":1,
    "this":1, 
    "that":1,
    "these":1,
    "those":1,
    "extracted":1,
    "collected":1,
    "varying":1,
    "major":1,
    "minor":1,
    "previous":1,
    "both":1,
    "single":1,
    "double":1,
    "temporary":1,
    "malicious":1,
    "recent":1,
    "basic":1,
    "aforementioned":1,
    "small":1,
    "big":1,
    "latest":1,
    "one":1,
    "two":1,
    "three":1,
    "above":1,
    "mentioned":1,
    "rich":1,
    "known":1,
    "popular":1,
    "following":1,
    "interesting":1,
    "further":1,
    "running":1,
    "similar":1,
    "ony":1,
    "you":1,
    "your":1,
    "downloaded":1,
    "actual":1,
    "common":1,
    "required":1,
    "original":1,
    "least":1,
    "appropriate":1,
    "minimal":1,
    "affected":1,
    "prior":1,
    "to":1,
    "such":1,
    "too":1,
    "full":1,
    "bad":1,
    "malign":1,
    "as":1,
    "simple":1,
    "trojanized":1
}