{"group":{
    "delete": ["cancel","detach","flush","format","unload","shutdown","empty", "lock","defeat","eliminate","exit","close","disconnect","deactivate","uninstalle","shut","erase", "halt","corrupt","block", "break","extinguish","exclude","clean","destroy","uninstall","wipe","terminate","kill","clear", "stop", "remove","delete","disable","demolish"],
    "damge": ["damage","infringe","violate","compromise","ruin","break","breach","weaken","erode","transgress","curb","disturb"],
    "search analyze": ["bruteforce","access","keylog","traceroute","calculate","screen","unhide", "identifiy","study","enumerate", "analyze","emumerate","guess","index","ping","validate","debug", "recognize","measure","identity","watch","explore","profile","research","filter","verify","unpack", "search for","probe","inspect","reveal","present","test","show","view","restore","examine", "sniff","listen", "track","browse","specify","mine","compare","see", "read", "parse","locate","look","look for", "observe", "monitor","determine", "find","scan","extract", "query", "detect","search","enumerate", "identify","check",  "capture",  "list","discover"],
    "decode": ["decompress","deobfuscate","decrypt","decode","crack","des-encrypt","unarchive","de-obsfuscate"],
    "install develop": ["resume", "trojanize","compose","implant","import","re-execute","cultivate","overload","weaponize","form","relaunche","recruit","re-assemble","recompile","sideloade","sideload","initialize","proceed", "plant","re-establish", "setup","side-loade","engineer","assign","begin", "construct", "plug", "release","provide","produce","generate","create","activate","forge", "mount","embed in","embed within","side-load","employ","facilitate","craft","drop to","build","implement","trigger","develop","compile","patch", "instal on","hook", "place","initiate","insert","spawn","start", "appear",  "overwrite","embed", "register","deploy","write","install","instal", "establish", "add","load","inject","set",  "instal", "enable", "launch", "drop"],
    "change": ["add","poison","inflate","update","deface","transform","shorten","prepende","divide", "reconfigure","concatenate","extend","expand","extort","hollow","customize","suffix","prepend", "upgrade","increase", "decrease","misspell","adjust","reverse","blend","tamper","rotate","convert","switch","edit","split","alter","redirect","append","replace","change", "modify","configure", "rename"],
    "distribute": ["exchange","drop","mail","allocate","reallocate","bind", "attach","populate","disseminate","transmit","send by","download from","transfer","forward","receive from","send from","attach to","send to","download","receive", "send","distribute","deliver"],
    "connect": ["associate", "associate with","interact","communicate","ssh","connect","link","reconnect","point to","connect to","proxy","tunnel","proxie","contact","connect"],
    "execute": ["access","call","exectue","utilze","process","apply","manage","operate","control","invoke","abuse", "utilize","conduct","use","execute", "run","perform","start", "exploit","open"],
    "strong execute":["access","call","exectue","utilze","process","apply","manage","operate","control","invoke","abuse", "utilize","conduct","execute", "run","perform","start", "exploit","open"],
    "have" : ["have","purchase"],
    "exploit": ["exploit","abuse","misuse"],
    "encode compress": ["randomize","repacke","package", "encapsulate","encapsulate in","compress","pack","zip","xor","hardcode","encrypt with","hash", "base64-encode", "xor-encode","rc4-encrypt", "xor-encrypt","encode with","hard-code","rsa-encrypte", "gzippe","xor'e", "hex-encode","encode","encrypt"],
    "hide": [ "obscure", "masquerade","conceal", "mask", "hide", "obfuscate" ],
    "gather obtain": ["achieve","accomplish","gather on","fetch","gather about", "crawl","select", "regain","inherit","bundle","derive","aggregate","grab","store on","gather from","steal from","scrape","pull","grant","save in","archive", "map","record","harvest","acquire","log","stage","save", "get", "achieve","receive", "dump","gather","obtain", "steal","collect","store","retrieve","gain", "copy","capture","keylog"],
    "maintain": ["persist", "maintain"],
    "exfiltrate": ["send back","post","upload","expose", "leak","exiltrate","exfil","disclose","exfiltrate","exilftrate","submit"],
    "avoid": [ "pass","against", "avoid", "evade", "bypass"],
    "attack": ["bruteforce","attackd","backdoore","backdoor", "hit","breach","hijack", "infect", "compromise","attack", "target"],
    "command": ["command","request","demand","bait","spearphish", "entice","urge","deceive", "phishe","coax","ask","spearphishe","direct", "instruct","convince","prompt","trick","lure","mislead"],
    "include": ["consist","incorporate","combine", "contain","include","belong","with"],
    "mimic": ["counterfeit","pretend","disguise","impersonate","clone", "replicate","simulate","spoof","fake", "emulate","duplicate", "imitate", "resemble", "mimic"],
    "delay": ["delay","postpone","wait","prolong"],
    "schedule": ["schedule", "plan","arrange"],
    "protect": ["password-protect","protect","secure","defend","guard","safeguard"],
    "require":["require","need"],
    "access": [ "log onto","visit","login","access","reach", "enter","log into"],
    "reboot": ["reboot","restart", "reset"],
    "authenticate": ["trust","authenticate","notarize"],
    "prevent": ["prohibit","worsen","impair","ruin","confuse","counter","deter","disarm","thwart", "slow","undermine","suppress", "restrict","disrupt","inhibit","pause", "reduce","hinder","prevent","intercept","subvert"],
    "elevate": ["enhance","escalate", "elevate","promote","leverage"],
    "recover":["recover"],
    "assist": ["serve","assist", "support", "aid","supply"],
    "user_action": ["double-click","press","click","push","double-clicke","agree","confirm","type"],
    "navigate": ["traverse","iterate","move","spread", "propagate", "navigate"],
    "design": ["tailor","design","arrange"],
    "make": ["render","make", "cause"],
    "impact": ["impact","affect","influence"],
    "spam": ["spamme","spam"],
    "in": ["in","on", "of", "at","inside"],
    "chat": ["chat", "inbox","communicate","talk"],
    "for" :["for", "to","into"],
    "via": ["via", "by", "through", "with", "over"],
    "proxy": ["proxy"]

},
"important": ["exfil","exfiltrate","send back", "masquerade","bruteforce","spearphish","schedule","impersonate","sniff","deface","keylog","tunnel"]
}